SKU;Description;Component;Material;Class;Nation;Qty;Weight_g;Period_end
CBH-0001;Café Mug set;Gift box;PAP;PRI;ENG;2.612;470000,0;30.06.2025
CBH-0001;Café Mug set;Paper wrap;PAP;PRI;ENG;2.612;52000,0;30.06.2025
CBH-0001;Café Mug set;Master carton;PAP;SHP;ENG;2.612;235000,0;30.06.2025
CBH-0001;Café Mug set;Gift box;PAP;PRI;WAL;1.023;184000,0;30.06.2025
CBH-0001;Café Mug set;Paper wrap;PAP;PRI;WAL;1.023;20000,0;30.06.2025
CBH-0001;Café Mug set;Master carton;PAP;SHP;WAL;1.023;92000,0;30.06.2025
CBH-0001;Café Mug set;Gift box;PAP;PRI;ENG;2.840;511000,0;31.12.2025
CBH-0001;Café Mug set;Paper wrap;PAP;PRI;ENG;2.840;57000,0;31.12.2025
CBH-0001;Café Mug set;Master carton;PAP;SHP;ENG;2.840;256000,0;31.12.2025
CBH-0001;Café Mug set;Gift box;PAP;PRI;WAL;1.225;220000,0;31.12.2025
CBH-0001;Café Mug set;Paper wrap;PAP;PRI;WAL;1.225;24000,0;31.12.2025
CBH-0001;Café Mug set;Master carton;PAP;SHP;WAL;1.225;110000,0;31.12.2025
CBH-0002;Crème Mug set;Gift box;PAP;PRI;ENG;1.863;335000,0;30.06.2025
CBH-0002;Crème Mug set;Paper wrap;PAP;PRI;ENG;1.863;37000,0;30.06.2025
CBH-0002;Crème Mug set;Master carton;PAP;SHP;ENG;1.863;168000,0;30.06.2025
CBH-0002;Crème Mug set;Gift box;PAP;PRI;WAL;728;131000,0;30.06.2025
CBH-0002;Crème Mug set;Paper wrap;PAP;PRI;WAL;728;15000,0;30.06.2025
CBH-0002;Crème Mug set;Master carton;PAP;SHP;WAL;728;66000,0;30.06.2025
CBH-0002;Crème Mug set;Gift box;PAP;PRI;ENG;1.770;319000,0;31.12.2025
CBH-0002;Crème Mug set;Paper wrap;PAP;PRI;ENG;1.770;35000,0;31.12.2025
CBH-0002;Crème Mug set;Master carton;PAP;SHP;ENG;1.770;159000,0;31.12.2025
CBH-0002;Crème Mug set;Gift box;PAP;PRI;WAL;821;148000,0;31.12.2025
CBH-0002;Crème Mug set;Paper wrap;PAP;PRI;WAL;821;16000,0;31.12.2025
CBH-0002;Crème Mug set;Master carton;PAP;SHP;WAL;821;74000,0;31.12.2025
CBH-0003;Classic Mug set;Gift box;PAP;PRI;ENG;5.967;1074000,0;30.06.2025
CBH-0003;Classic Mug set;Paper wrap;PAP;PRI;ENG;5.967;119000,0;30.06.2025
CBH-0003;Classic Mug set;Master carton;PAP;SHP;ENG;5.967;537000,0;30.06.2025
CBH-0003;Classic Mug set;Gift box;PAP;PRI;WAL;2.583;465000,0;30.06.2025
CBH-0003;Classic Mug set;Paper wrap;PAP;PRI;WAL;2.583;52000,0;30.06.2025
CBH-0003;Classic Mug set;Master carton;PAP;SHP;WAL;2.583;232000,0;30.06.2025
CBH-0003;Classic Mug set;Gift box;PAP;PRI;ENG;6.560;1181000,0;31.12.2025
CBH-0003;Classic Mug set;Paper wrap;PAP;PRI;ENG;6.560;131000,0;31.12.2025
CBH-0003;Classic Mug set;Master carton;PAP;SHP;ENG;6.560;590000,0;31.12.2025
CBH-0003;Classic Mug set;Gift box;PAP;PRI;WAL;2.694;485000,0;31.12.2025
CBH-0003;Classic Mug set;Paper wrap;PAP;PRI;WAL;2.694;54000,0;31.12.2025
CBH-0003;Classic Mug set;Master carton;PAP;SHP;WAL;2.694;242000,0;31.12.2025
CBH-0004;Harbour Mug set;Gift box;PAP;PRI;ENG;6.173;1111000,0;30.06.2025
CBH-0004;Harbour Mug set;Paper wrap;PAP;PRI;ENG;6.173;123000,0;30.06.2025
CBH-0004;Harbour Mug set;Master carton;PAP;SHP;ENG;6.173;556000,0;30.06.2025
CBH-0004;Harbour Mug set;Gift box;PAP;PRI;WAL;2.587;466000,0;30.06.2025
CBH-0004;Harbour Mug set;Paper wrap;PAP;PRI;WAL;2.587;52000,0;30.06.2025
CBH-0004;Harbour Mug set;Master carton;PAP;SHP;WAL;2.587;233000,0;30.06.2025
CBH-0004;Harbour Mug set;Gift box;PAP;PRI;ENG;5.249;945000,0;31.12.2025
CBH-0004;Harbour Mug set;Paper wrap;PAP;PRI;ENG;5.249;105000,0;31.12.2025
CBH-0004;Harbour Mug set;Master carton;PAP;SHP;ENG;5.249;472000,0;31.12.2025
CBH-0004;Harbour Mug set;Gift box;PAP;PRI;WAL;2.253;406000,0;31.12.2025
CBH-0004;Harbour Mug set;Paper wrap;PAP;PRI;WAL;2.253;45000,0;31.12.2025
CBH-0004;Harbour Mug set;Master carton;PAP;SHP;WAL;2.253;203000,0;31.12.2025
CBH-0005;Coastal Mug set;Gift box;PAP;PRI;ENG;2.496;449000,0;30.06.2025
CBH-0005;Coastal Mug set;Paper wrap;PAP;PRI;ENG;2.496;50000,0;30.06.2025
CBH-0005;Coastal Mug set;Master carton;PAP;SHP;ENG;2.496;225000,0;30.06.2025
CBH-0005;Coastal Mug set;Gift box;PAP;PRI;WAL;1.133;204000,0;30.06.2025
CBH-0005;Coastal Mug set;Paper wrap;PAP;PRI;WAL;1.133;23000,0;30.06.2025
CBH-0005;Coastal Mug set;Master carton;PAP;SHP;WAL;1.133;102000,0;30.06.2025
CBH-0005;Coastal Mug set;Gift box;PAP;PRI;ENG;3.097;557000,0;31.12.2025
CBH-0005;Coastal Mug set;Paper wrap;PAP;PRI;ENG;3.097;62000,0;31.12.2025
CBH-0005;Coastal Mug set;Master carton;PAP;SHP;ENG;3.097;279000,0;31.12.2025
CBH-0005;Coastal Mug set;Gift box;PAP;PRI;WAL;1.374;247000,0;31.12.2025
CBH-0005;Coastal Mug set;Paper wrap;PAP;PRI;WAL;1.374;27000,0;31.12.2025
CBH-0005;Coastal Mug set;Master carton;PAP;SHP;WAL;1.374;124000,0;31.12.2025
CBH-0006;Nordic Mug set;Gift box;PAP;PRI;ENG;4.715;849000,0;30.06.2025
CBH-0006;Nordic Mug set;Paper wrap;PAP;PRI;ENG;4.715;94000,0;30.06.2025
CBH-0006;Nordic Mug set;Master carton;PAP;SHP;ENG;4.715;424000,0;30.06.2025
CBH-0006;Nordic Mug set;Gift box;PAP;PRI;WAL;1.886;339000,0;30.06.2025
CBH-0006;Nordic Mug set;Paper wrap;PAP;PRI;WAL;1.886;38000,0;30.06.2025
CBH-0006;Nordic Mug set;Master carton;PAP;SHP;WAL;1.886;170000,0;30.06.2025
CBH-0006;Nordic Mug set;Gift box;PAP;PRI;ENG;5.237;943000,0;31.12.2025
CBH-0006;Nordic Mug set;Paper wrap;PAP;PRI;ENG;5.237;105000,0;31.12.2025
CBH-0006;Nordic Mug set;Master carton;PAP;SHP;ENG;5.237;471000,0;31.12.2025
CBH-0006;Nordic Mug set;Gift box;PAP;PRI;WAL;2.071;373000,0;31.12.2025
CBH-0006;Nordic Mug set;Paper wrap;PAP;PRI;WAL;2.071;41000,0;31.12.2025
CBH-0006;Nordic Mug set;Master carton;PAP;SHP;WAL;2.071;186000,0;31.12.2025
CBH-0007;Rustic Mug set;Gift box;PAP;PRI;ENG;1.810;326000,0;30.06.2025
CBH-0007;Rustic Mug set;Paper wrap;PAP;PRI;ENG;1.810;36000,0;30.06.2025
CBH-0007;Rustic Mug set;Master carton;PAP;SHP;ENG;1.810;163000,0;30.06.2025
CBH-0007;Rustic Mug set;Gift box;PAP;PRI;WAL;744;134000,0;30.06.2025
CBH-0007;Rustic Mug set;Paper wrap;PAP;PRI;WAL;744;15000,0;30.06.2025
CBH-0007;Rustic Mug set;Master carton;PAP;SHP;WAL;744;67000,0;30.06.2025
CBH-0007;Rustic Mug set;Gift box;PAP;PRI;ENG;1.862;335000,0;31.12.2025
CBH-0007;Rustic Mug set;Paper wrap;PAP;PRI;ENG;1.862;37000,0;31.12.2025
CBH-0007;Rustic Mug set;Master carton;PAP;SHP;ENG;1.862;168000,0;31.12.2025
CBH-0007;Rustic Mug set;Gift box;PAP;PRI;WAL;809;146000,0;31.12.2025
CBH-0007;Rustic Mug set;Paper wrap;PAP;PRI;WAL;809;16000,0;31.12.2025
CBH-0007;Rustic Mug set;Master carton;PAP;SHP;WAL;809;73000,0;31.12.2025
CBH-0008;Café Mug set v2;Gift box;PAP;PRI;ENG;7.858;1414000,0;30.06.2025
CBH-0008;Café Mug set v2;Paper wrap;PAP;PRI;ENG;7.858;157000,0;30.06.2025
CBH-0008;Café Mug set v2;Master carton;PAP;SHP;ENG;7.858;707000,0;30.06.2025
CBH-0008;Café Mug set v2;Gift box;PAP;PRI;WAL;3.774;679000,0;30.06.2025
CBH-0008;Café Mug set v2;Paper wrap;PAP;PRI;WAL;3.774;75000,0;30.06.2025
CBH-0008;Café Mug set v2;Master carton;PAP;SHP;WAL;3.774;340000,0;30.06.2025
CBH-0008;Café Mug set v2;Gift box;PAP;PRI;ENG;8.544;1538000,0;31.12.2025
CBH-0008;Café Mug set v2;Paper wrap;PAP;PRI;ENG;8.544;171000,0;31.12.2025
CBH-0008;Café Mug set v2;Master carton;PAP;SHP;ENG;8.544;769000,0;31.12.2025
CBH-0008;Café Mug set v2;Gift box;PAP;PRI;WAL;3.707;667000,0;31.12.2025
CBH-0008;Café Mug set v2;Paper wrap;PAP;PRI;WAL;3.707;74000,0;31.12.2025
CBH-0008;Café Mug set v2;Master carton;PAP;SHP;WAL;3.707;334000,0;31.12.2025
CBH-0009;Crème Mug set v2;Gift box;PAP;PRI;ENG;1.190;214000,0;30.06.2025
CBH-0009;Crème Mug set v2;Paper wrap;PAP;PRI;ENG;1.190;24000,0;30.06.2025
CBH-0009;Crème Mug set v2;Master carton;PAP;SHP;ENG;1.190;107000,0;30.06.2025
CBH-0009;Crème Mug set v2;Gift box;PAP;PRI;WAL;546;98000,0;30.06.2025
CBH-0009;Crème Mug set v2;Paper wrap;PAP;PRI;WAL;546;11000,0;30.06.2025
CBH-0009;Crème Mug set v2;Master carton;PAP;SHP;WAL;546;49000,0;30.06.2025
CBH-0009;Crème Mug set v2;Gift box;PAP;PRI;ENG;1.115;201000,0;31.12.2025
CBH-0009;Crème Mug set v2;Paper wrap;PAP;PRI;ENG;1.115;22000,0;31.12.2025
CBH-0009;Crème Mug set v2;Master carton;PAP;SHP;ENG;1.115;100000,0;31.12.2025
CBH-0009;Crème Mug set v2;Gift box;PAP;PRI;WAL;520;94000,0;31.12.2025
CBH-0009;Crème Mug set v2;Paper wrap;PAP;PRI;WAL;520;10000,0;31.12.2025
CBH-0009;Crème Mug set v2;Master carton;PAP;SHP;WAL;520;47000,0;31.12.2025
CBH-0010;Classic Mug set v2;Gift box;PAP;PRI;ENG;2.895;521000,0;30.06.2025
CBH-0010;Classic Mug set v2;Paper wrap;PAP;PRI;ENG;2.895;58000,0;30.06.2025
CBH-0010;Classic Mug set v2;Master carton;PAP;SHP;ENG;2.895;261000,0;30.06.2025
CBH-0010;Classic Mug set v2;Gift box;PAP;PRI;WAL;1.287;232000,0;30.06.2025
CBH-0010;Classic Mug set v2;Paper wrap;PAP;PRI;WAL;1.287;26000,0;30.06.2025
CBH-0010;Classic Mug set v2;Master carton;PAP;SHP;WAL;1.287;116000,0;30.06.2025
CBH-0010;Classic Mug set v2;Gift box;PAP;PRI;ENG;3.532;636000,0;31.12.2025
CBH-0010;Classic Mug set v2;Paper wrap;PAP;PRI;ENG;3.532;71000,0;31.12.2025
CBH-0010;Classic Mug set v2;Master carton;PAP;SHP;ENG;3.532;318000,0;31.12.2025
CBH-0010;Classic Mug set v2;Gift box;PAP;PRI;WAL;1.377;248000,0;31.12.2025
CBH-0010;Classic Mug set v2;Paper wrap;PAP;PRI;WAL;1.377;28000,0;31.12.2025
CBH-0010;Classic Mug set v2;Master carton;PAP;SHP;WAL;1.377;124000,0;31.12.2025
CBH-0011;Harbour Mug set v2;Gift box;PAP;PRI;ENG;4.804;865000,0;30.06.2025
CBH-0011;Harbour Mug set v2;Paper wrap;PAP;PRI;ENG;4.804;96000,0;30.06.2025
CBH-0011;Harbour Mug set v2;Master carton;PAP;SHP;ENG;4.804;432000,0;30.06.2025
CBH-0011;Harbour Mug set v2;Gift box;PAP;PRI;WAL;2.100;378000,0;30.06.2025
CBH-0011;Harbour Mug set v2;Paper wrap;PAP;PRI;WAL;2.100;42000,0;30.06.2025
CBH-0011;Harbour Mug set v2;Master carton;PAP;SHP;WAL;2.100;189000,0;30.06.2025
CBH-0011;Harbour Mug set v2;Gift box;PAP;PRI;ENG;5.021;904000,0;31.12.2025
CBH-0011;Harbour Mug set v2;Paper wrap;PAP;PRI;ENG;5.021;100000,0;31.12.2025
CBH-0011;Harbour Mug set v2;Master carton;PAP;SHP;ENG;5.021;452000,0;31.12.2025
CBH-0011;Harbour Mug set v2;Gift box;PAP;PRI;WAL;2.075;374000,0;31.12.2025
CBH-0011;Harbour Mug set v2;Paper wrap;PAP;PRI;WAL;2.075;42000,0;31.12.2025
CBH-0011;Harbour Mug set v2;Master carton;PAP;SHP;WAL;2.075;187000,0;31.12.2025
CBH-0012;Coastal Mug set v2;Gift box;PAP;PRI;ENG;3.601;648000,0;30.06.2025
CBH-0012;Coastal Mug set v2;Paper wrap;PAP;PRI;ENG;3.601;72000,0;30.06.2025
CBH-0012;Coastal Mug set v2;Master carton;PAP;SHP;ENG;3.601;324000,0;30.06.2025
CBH-0012;Coastal Mug set v2;Gift box;PAP;PRI;WAL;1.480;266000,0;30.06.2025
CBH-0012;Coastal Mug set v2;Paper wrap;PAP;PRI;WAL;1.480;30000,0;30.06.2025
CBH-0012;Coastal Mug set v2;Master carton;PAP;SHP;WAL;1.480;133000,0;30.06.2025
CBH-0012;Coastal Mug set v2;Gift box;PAP;PRI;ENG;2.947;530000,0;31.12.2025
CBH-0012;Coastal Mug set v2;Paper wrap;PAP;PRI;ENG;2.947;59000,0;31.12.2025
CBH-0012;Coastal Mug set v2;Master carton;PAP;SHP;ENG;2.947;265000,0;31.12.2025
CBH-0012;Coastal Mug set v2;Gift box;PAP;PRI;WAL;1.428;257000,0;31.12.2025
CBH-0012;Coastal Mug set v2;Paper wrap;PAP;PRI;WAL;1.428;29000,0;31.12.2025
CBH-0012;Coastal Mug set v2;Master carton;PAP;SHP;WAL;1.428;129000,0;31.12.2025
CBH-0013;Nordic Mug set v2;Gift box;PAP;PRI;ENG;863;155000,0;30.06.2025
CBH-0013;Nordic Mug set v2;Paper wrap;PAP;PRI;ENG;863;17000,0;30.06.2025
CBH-0013;Nordic Mug set v2;Master carton;PAP;SHP;ENG;863;78000,0;30.06.2025
CBH-0013;Nordic Mug set v2;Gift box;PAP;PRI;WAL;366;66000,0;30.06.2025
CBH-0013;Nordic Mug set v2;Paper wrap;PAP;PRI;WAL;366;7000,0;30.06.2025
CBH-0013;Nordic Mug set v2;Master carton;PAP;SHP;WAL;366;33000,0;30.06.2025
CBH-0013;Nordic Mug set v2;Gift box;PAP;PRI;ENG;938;169000,0;31.12.2025
CBH-0013;Nordic Mug set v2;Paper wrap;PAP;PRI;ENG;938;19000,0;31.12.2025
CBH-0013;Nordic Mug set v2;Master carton;PAP;SHP;ENG;938;84000,0;31.12.2025
CBH-0013;Nordic Mug set v2;Gift box;PAP;PRI;WAL;322;58000,0;31.12.2025
CBH-0013;Nordic Mug set v2;Paper wrap;PAP;PRI;WAL;322;6000,0;31.12.2025
CBH-0013;Nordic Mug set v2;Master carton;PAP;SHP;WAL;322;29000,0;31.12.2025
CBH-0014;Rustic Mug set v2;Gift box;PAP;PRI;ENG;2.294;413000,0;30.06.2025
CBH-0014;Rustic Mug set v2;Paper wrap;PAP;PRI;ENG;2.294;46000,0;30.06.2025
CBH-0014;Rustic Mug set v2;Master carton;PAP;SHP;ENG;2.294;206000,0;30.06.2025
CBH-0014;Rustic Mug set v2;Gift box;PAP;PRI;WAL;1.119;201000,0;30.06.2025
CBH-0014;Rustic Mug set v2;Paper wrap;PAP;PRI;WAL;1.119;22000,0;30.06.2025
CBH-0014;Rustic Mug set v2;Master carton;PAP;SHP;WAL;1.119;101000,0;30.06.2025
CBH-0014;Rustic Mug set v2;Gift box;PAP;PRI;ENG;2.666;480000,0;31.12.2025
CBH-0014;Rustic Mug set v2;Paper wrap;PAP;PRI;ENG;2.666;53000,0;31.12.2025
CBH-0014;Rustic Mug set v2;Master carton;PAP;SHP;ENG;2.666;240000,0;31.12.2025
CBH-0014;Rustic Mug set v2;Gift box;PAP;PRI;WAL;1.200;216000,0;31.12.2025
CBH-0014;Rustic Mug set v2;Paper wrap;PAP;PRI;WAL;1.200;24000,0;31.12.2025
CBH-0014;Rustic Mug set v2;Master carton;PAP;SHP;WAL;1.200;108000,0;31.12.2025
CBH-0015;Café Mug set v3;Gift box;PAP;PRI;ENG;1.699;306000,0;30.06.2025
CBH-0015;Café Mug set v3;Paper wrap;PAP;PRI;ENG;1.699;34000,0;30.06.2025
CBH-0015;Café Mug set v3;Master carton;PAP;SHP;ENG;1.699;153000,0;30.06.2025
CBH-0015;Café Mug set v3;Gift box;PAP;PRI;WAL;629;113000,0;30.06.2025
CBH-0015;Café Mug set v3;Paper wrap;PAP;PRI;WAL;629;13000,0;30.06.2025
CBH-0015;Café Mug set v3;Master carton;PAP;SHP;WAL;629;57000,0;30.06.2025
CBH-0015;Café Mug set v3;Gift box;PAP;PRI;ENG;1.763;317000,0;31.12.2025
CBH-0015;Café Mug set v3;Paper wrap;PAP;PRI;ENG;1.763;35000,0;31.12.2025
CBH-0015;Café Mug set v3;Master carton;PAP;SHP;ENG;1.763;159000,0;31.12.2025
CBH-0015;Café Mug set v3;Gift box;PAP;PRI;WAL;708;127000,0;31.12.2025
CBH-0015;Café Mug set v3;Paper wrap;PAP;PRI;WAL;708;14000,0;31.12.2025
CBH-0015;Café Mug set v3;Master carton;PAP;SHP;WAL;708;64000,0;31.12.2025
CBH-0016;Crème Mug set v3;Gift box;PAP;PRI;ENG;2.332;420000,0;30.06.2025
CBH-0016;Crème Mug set v3;Paper wrap;PAP;PRI;ENG;2.332;47000,0;30.06.2025
CBH-0016;Crème Mug set v3;Master carton;PAP;SHP;ENG;2.332;210000,0;30.06.2025
CBH-0016;Crème Mug set v3;Gift box;PAP;PRI;WAL;992;179000,0;30.06.2025
CBH-0016;Crème Mug set v3;Paper wrap;PAP;PRI;WAL;992;20000,0;30.06.2025
CBH-0016;Crème Mug set v3;Master carton;PAP;SHP;WAL;992;89000,0;30.06.2025
CBH-0016;Crème Mug set v3;Gift box;PAP;PRI;ENG;2.253;406000,0;31.12.2025
CBH-0016;Crème Mug set v3;Paper wrap;PAP;PRI;ENG;2.253;45000,0;31.12.2025
CBH-0016;Crème Mug set v3;Master carton;PAP;SHP;ENG;2.253;203000,0;31.12.2025
CBH-0016;Crème Mug set v3;Gift box;PAP;PRI;WAL;964;174000,0;31.12.2025
CBH-0016;Crème Mug set v3;Paper wrap;PAP;PRI;WAL;964;19000,0;31.12.2025
CBH-0016;Crème Mug set v3;Master carton;PAP;SHP;WAL;964;87000,0;31.12.2025
CBH-0017;Classic Mug set v3;Gift box;PAP;PRI;ENG;14.705;2647000,0;30.06.2025
CBH-0017;Classic Mug set v3;Paper wrap;PAP;PRI;ENG;14.705;294000,0;30.06.2025
CBH-0017;Classic Mug set v3;Master carton;PAP;SHP;ENG;14.705;1323000,0;30.06.2025
CBH-0017;Classic Mug set v3;Gift box;PAP;PRI;WAL;5.902;1062000,0;30.06.2025
CBH-0017;Classic Mug set v3;Paper wrap;PAP;PRI;WAL;5.902;118000,0;30.06.2025
CBH-0017;Classic Mug set v3;Master carton;PAP;SHP;WAL;5.902;531000,0;30.06.2025
CBH-0017;Classic Mug set v3;Gift box;PAP;PRI;ENG;14.645;2636000,0;31.12.2025
CBH-0017;Classic Mug set v3;Paper wrap;PAP;PRI;ENG;14.645;293000,0;31.12.2025
CBH-0017;Classic Mug set v3;Master carton;PAP;SHP;ENG;14.645;1318000,0;31.12.2025
CBH-0017;Classic Mug set v3;Gift box;PAP;PRI;WAL;6.360;1145000,0;31.12.2025
CBH-0017;Classic Mug set v3;Paper wrap;PAP;PRI;WAL;6.360;127000,0;31.12.2025
CBH-0017;Classic Mug set v3;Master carton;PAP;SHP;WAL;6.360;572000,0;31.12.2025
CBH-0018;Harbour Mug set v3;Gift box;PAP;PRI;ENG;1.049;189000,0;30.06.2025
CBH-0018;Harbour Mug set v3;Paper wrap;PAP;PRI;ENG;1.049;21000,0;30.06.2025
CBH-0018;Harbour Mug set v3;Master carton;PAP;SHP;ENG;1.049;94000,0;30.06.2025
CBH-0018;Harbour Mug set v3;Gift box;PAP;PRI;WAL;455;82000,0;30.06.2025
CBH-0018;Harbour Mug set v3;Paper wrap;PAP;PRI;WAL;455;9000,0;30.06.2025
CBH-0018;Harbour Mug set v3;Master carton;PAP;SHP;WAL;455;41000,0;30.06.2025
CBH-0018;Harbour Mug set v3;Gift box;PAP;PRI;ENG;1.276;230000,0;31.12.2025
CBH-0018;Harbour Mug set v3;Paper wrap;PAP;PRI;ENG;1.276;26000,0;31.12.2025
CBH-0018;Harbour Mug set v3;Master carton;PAP;SHP;ENG;1.276;115000,0;31.12.2025
CBH-0018;Harbour Mug set v3;Gift box;PAP;PRI;WAL;473;85000,0;31.12.2025
CBH-0018;Harbour Mug set v3;Paper wrap;PAP;PRI;WAL;473;9000,0;31.12.2025
CBH-0018;Harbour Mug set v3;Master carton;PAP;SHP;WAL;473;43000,0;31.12.2025
CBH-0019;Coastal Mug set v3;Gift box;PAP;PRI;ENG;9.614;1731000,0;30.06.2025
CBH-0019;Coastal Mug set v3;Paper wrap;PAP;PRI;ENG;9.614;192000,0;30.06.2025
CBH-0019;Coastal Mug set v3;Master carton;PAP;SHP;ENG;9.614;865000,0;30.06.2025
CBH-0019;Coastal Mug set v3;Gift box;PAP;PRI;WAL;3.978;716000,0;30.06.2025
CBH-0019;Coastal Mug set v3;Paper wrap;PAP;PRI;WAL;3.978;80000,0;30.06.2025
CBH-0019;Coastal Mug set v3;Master carton;PAP;SHP;WAL;3.978;358000,0;30.06.2025
CBH-0019;Coastal Mug set v3;Gift box;PAP;PRI;ENG;9.936;1788000,0;31.12.2025
CBH-0019;Coastal Mug set v3;Paper wrap;PAP;PRI;ENG;9.936;199000,0;31.12.2025
CBH-0019;Coastal Mug set v3;Master carton;PAP;SHP;ENG;9.936;894000,0;31.12.2025
CBH-0019;Coastal Mug set v3;Gift box;PAP;PRI;WAL;4.782;861000,0;31.12.2025
CBH-0019;Coastal Mug set v3;Paper wrap;PAP;PRI;WAL;4.782;96000,0;31.12.2025
CBH-0019;Coastal Mug set v3;Master carton;PAP;SHP;WAL;4.782;430000,0;31.12.2025
CBH-0020;Nordic Mug set v3;Gift box;PAP;PRI;ENG;2.132;384000,0;30.06.2025
CBH-0020;Nordic Mug set v3;Paper wrap;PAP;PRI;ENG;2.132;43000,0;30.06.2025
CBH-0020;Nordic Mug set v3;Master carton;PAP;SHP;ENG;2.132;192000,0;30.06.2025
CBH-0020;Nordic Mug set v3;Gift box;PAP;PRI;WAL;1.033;186000,0;30.06.2025
CBH-0020;Nordic Mug set v3;Paper wrap;PAP;PRI;WAL;1.033;21000,0;30.06.2025
CBH-0020;Nordic Mug set v3;Master carton;PAP;SHP;WAL;1.033;93000,0;30.06.2025
CBH-0020;Nordic Mug set v3;Gift box;PAP;PRI;ENG;2.519;453000,0;31.12.2025
CBH-0020;Nordic Mug set v3;Paper wrap;PAP;PRI;ENG;2.519;50000,0;31.12.2025
CBH-0020;Nordic Mug set v3;Master carton;PAP;SHP;ENG;2.519;227000,0;31.12.2025
CBH-0020;Nordic Mug set v3;Gift box;PAP;PRI;WAL;900;162000,0;31.12.2025
CBH-0020;Nordic Mug set v3;Paper wrap;PAP;PRI;WAL;900;18000,0;31.12.2025
CBH-0020;Nordic Mug set v3;Master carton;PAP;SHP;WAL;900;81000,0;31.12.2025
CBH-0021;Rustic Mug set v3;Gift box;PAP;PRI;ENG;2.169;390000,0;30.06.2025
CBH-0021;Rustic Mug set v3;Paper wrap;PAP;PRI;ENG;2.169;43000,0;30.06.2025
CBH-0021;Rustic Mug set v3;Master carton;PAP;SHP;ENG;2.169;195000,0;30.06.2025
CBH-0021;Rustic Mug set v3;Gift box;PAP;PRI;WAL;995;179000,0;30.06.2025
CBH-0021;Rustic Mug set v3;Paper wrap;PAP;PRI;WAL;995;20000,0;30.06.2025
CBH-0021;Rustic Mug set v3;Master carton;PAP;SHP;WAL;995;90000,0;30.06.2025
CBH-0021;Rustic Mug set v3;Gift box;PAP;PRI;ENG;2.128;383000,0;31.12.2025
CBH-0021;Rustic Mug set v3;Paper wrap;PAP;PRI;ENG;2.128;43000,0;31.12.2025
CBH-0021;Rustic Mug set v3;Master carton;PAP;SHP;ENG;2.128;192000,0;31.12.2025
CBH-0021;Rustic Mug set v3;Gift box;PAP;PRI;WAL;973;175000,0;31.12.2025
CBH-0021;Rustic Mug set v3;Paper wrap;PAP;PRI;WAL;973;19000,0;31.12.2025
CBH-0021;Rustic Mug set v3;Master carton;PAP;SHP;WAL;973;88000,0;31.12.2025
CBH-0022;Café Mug set v4;Gift box;PAP;PRI;ENG;1.443;260000,0;30.06.2025
CBH-0022;Café Mug set v4;Paper wrap;PAP;PRI;ENG;1.443;29000,0;30.06.2025
CBH-0022;Café Mug set v4;Master carton;PAP;SHP;ENG;1.443;130000,0;30.06.2025
CBH-0022;Café Mug set v4;Gift box;PAP;PRI;WAL;599;108000,0;30.06.2025
CBH-0022;Café Mug set v4;Paper wrap;PAP;PRI;WAL;599;12000,0;30.06.2025
CBH-0022;Café Mug set v4;Master carton;PAP;SHP;WAL;599;54000,0;30.06.2025
CBH-0022;Café Mug set v4;Gift box;PAP;PRI;ENG;1.570;283000,0;31.12.2025
CBH-0022;Café Mug set v4;Paper wrap;PAP;PRI;ENG;1.570;31000,0;31.12.2025
CBH-0022;Café Mug set v4;Master carton;PAP;SHP;ENG;1.570;141000,0;31.12.2025
CBH-0022;Café Mug set v4;Gift box;PAP;PRI;WAL;699;126000,0;31.12.2025
CBH-0022;Café Mug set v4;Paper wrap;PAP;PRI;WAL;699;14000,0;31.12.2025
CBH-0022;Café Mug set v4;Master carton;PAP;SHP;WAL;699;63000,0;31.12.2025
CBH-0023;Crème Mug set v4;Gift box;PAP;PRI;ENG;1.999;360000,0;30.06.2025
CBH-0023;Crème Mug set v4;Paper wrap;PAP;PRI;ENG;1.999;40000,0;30.06.2025
CBH-0023;Crème Mug set v4;Master carton;PAP;SHP;ENG;1.999;180000,0;30.06.2025
CBH-0023;Crème Mug set v4;Gift box;PAP;PRI;WAL;789;142000,0;30.06.2025
CBH-0023;Crème Mug set v4;Paper wrap;PAP;PRI;WAL;789;16000,0;30.06.2025
CBH-0023;Crème Mug set v4;Master carton;PAP;SHP;WAL;789;71000,0;30.06.2025
CBH-0023;Crème Mug set v4;Gift box;PAP;PRI;ENG;1.932;348000,0;31.12.2025
CBH-0023;Crème Mug set v4;Paper wrap;PAP;PRI;ENG;1.932;39000,0;31.12.2025
CBH-0023;Crème Mug set v4;Master carton;PAP;SHP;ENG;1.932;174000,0;31.12.2025
CBH-0023;Crème Mug set v4;Gift box;PAP;PRI;WAL;873;157000,0;31.12.2025
CBH-0023;Crème Mug set v4;Paper wrap;PAP;PRI;WAL;873;17000,0;31.12.2025
CBH-0023;Crème Mug set v4;Master carton;PAP;SHP;WAL;873;79000,0;31.12.2025
CBH-0024;Classic Mug set v4;Gift box;PAP;PRI;ENG;5.913;1064000,0;30.06.2025
CBH-0024;Classic Mug set v4;Paper wrap;PAP;PRI;ENG;5.913;118000,0;30.06.2025
CBH-0024;Classic Mug set v4;Master carton;PAP;SHP;ENG;5.913;532000,0;30.06.2025
CBH-0024;Classic Mug set v4;Gift box;PAP;PRI;WAL;2.584;465000,0;30.06.2025
CBH-0024;Classic Mug set v4;Paper wrap;PAP;PRI;WAL;2.584;52000,0;30.06.2025
CBH-0024;Classic Mug set v4;Master carton;PAP;SHP;WAL;2.584;233000,0;30.06.2025
CBH-0024;Classic Mug set v4;Gift box;PAP;PRI;ENG;6.301;1134000,0;31.12.2025
CBH-0024;Classic Mug set v4;Paper wrap;PAP;PRI;ENG;6.301;126000,0;31.12.2025
CBH-0024;Classic Mug set v4;Master carton;PAP;SHP;ENG;6.301;567000,0;31.12.2025
CBH-0024;Classic Mug set v4;Gift box;PAP;PRI;WAL;2.273;409000,0;31.12.2025
CBH-0024;Classic Mug set v4;Paper wrap;PAP;PRI;WAL;2.273;45000,0;31.12.2025
CBH-0024;Classic Mug set v4;Master carton;PAP;SHP;WAL;2.273;205000,0;31.12.2025
CBH-0025;Harbour Mug set v4;Gift box;PAP;PRI;ENG;2.005;361000,0;30.06.2025
CBH-0025;Harbour Mug set v4;Paper wrap;PAP;PRI;ENG;2.005;40000,0;30.06.2025
CBH-0025;Harbour Mug set v4;Master carton;PAP;SHP;ENG;2.005;180000,0;30.06.2025
CBH-0025;Harbour Mug set v4;Gift box;PAP;PRI;WAL;724;130000,0;30.06.2025
CBH-0025;Harbour Mug set v4;Paper wrap;PAP;PRI;WAL;724;14000,0;30.06.2025
CBH-0025;Harbour Mug set v4;Master carton;PAP;SHP;WAL;724;65000,0;30.06.2025
CBH-0025;Harbour Mug set v4;Gift box;PAP;PRI;ENG;1.836;330000,0;31.12.2025
CBH-0025;Harbour Mug set v4;Paper wrap;PAP;PRI;ENG;1.836;37000,0;31.12.2025
CBH-0025;Harbour Mug set v4;Master carton;PAP;SHP;ENG;1.836;165000,0;31.12.2025
CBH-0025;Harbour Mug set v4;Gift box;PAP;PRI;WAL;792;143000,0;31.12.2025
CBH-0025;Harbour Mug set v4;Paper wrap;PAP;PRI;WAL;792;16000,0;31.12.2025
CBH-0025;Harbour Mug set v4;Master carton;PAP;SHP;WAL;792;71000,0;31.12.2025
CBH-0026;Coastal Mug set v4;Gift box;PAP;PRI;ENG;4.844;872000,0;30.06.2025
CBH-0026;Coastal Mug set v4;Paper wrap;PAP;PRI;ENG;4.844;97000,0;30.06.2025
CBH-0026;Coastal Mug set v4;Master carton;PAP;SHP;ENG;4.844;436000,0;30.06.2025
CBH-0026;Coastal Mug set v4;Gift box;PAP;PRI;WAL;2.111;380000,0;30.06.2025
CBH-0026;Coastal Mug set v4;Paper wrap;PAP;PRI;WAL;2.111;42000,0;30.06.2025
CBH-0026;Coastal Mug set v4;Master carton;PAP;SHP;WAL;2.111;190000,0;30.06.2025
CBH-0026;Coastal Mug set v4;Gift box;PAP;PRI;ENG;5.015;903000,0;31.12.2025
CBH-0026;Coastal Mug set v4;Paper wrap;PAP;PRI;ENG;5.015;100000,0;31.12.2025
CBH-0026;Coastal Mug set v4;Master carton;PAP;SHP;ENG;5.015;451000,0;31.12.2025
CBH-0026;Coastal Mug set v4;Gift box;PAP;PRI;WAL;2.131;384000,0;31.12.2025
CBH-0026;Coastal Mug set v4;Paper wrap;PAP;PRI;WAL;2.131;43000,0;31.12.2025
CBH-0026;Coastal Mug set v4;Master carton;PAP;SHP;WAL;2.131;192000,0;31.12.2025
CBH-0027;Nordic Mug set v4;Gift box;PAP;PRI;ENG;7.765;1398000,0;30.06.2025
CBH-0027;Nordic Mug set v4;Paper wrap;PAP;PRI;ENG;7.765;155000,0;30.06.2025
CBH-0027;Nordic Mug set v4;Master carton;PAP;SHP;ENG;7.765;699000,0;30.06.2025
CBH-0027;Nordic Mug set v4;Gift box;PAP;PRI;WAL;3.374;607000,0;30.06.2025
CBH-0027;Nordic Mug set v4;Paper wrap;PAP;PRI;WAL;3.374;67000,0;30.06.2025
CBH-0027;Nordic Mug set v4;Master carton;PAP;SHP;WAL;3.374;304000,0;30.06.2025
CBH-0027;Nordic Mug set v4;Gift box;PAP;PRI;ENG;7.685;1383000,0;31.12.2025
CBH-0027;Nordic Mug set v4;Paper wrap;PAP;PRI;ENG;7.685;154000,0;31.12.2025
CBH-0027;Nordic Mug set v4;Master carton;PAP;SHP;ENG;7.685;692000,0;31.12.2025
CBH-0027;Nordic Mug set v4;Gift box;PAP;PRI;WAL;3.465;624000,0;31.12.2025
CBH-0027;Nordic Mug set v4;Paper wrap;PAP;PRI;WAL;3.465;69000,0;31.12.2025
CBH-0027;Nordic Mug set v4;Master carton;PAP;SHP;WAL;3.465;312000,0;31.12.2025
CBH-0028;Rustic Mug set v4;Gift box;PAP;PRI;ENG;8.633;1554000,0;30.06.2025
CBH-0028;Rustic Mug set v4;Paper wrap;PAP;PRI;ENG;8.633;173000,0;30.06.2025
CBH-0028;Rustic Mug set v4;Master carton;PAP;SHP;ENG;8.633;777000,0;30.06.2025
CBH-0028;Rustic Mug set v4;Gift box;PAP;PRI;WAL;3.753;676000,0;30.06.2025
CBH-0028;Rustic Mug set v4;Paper wrap;PAP;PRI;WAL;3.753;75000,0;30.06.2025
CBH-0028;Rustic Mug set v4;Master carton;PAP;SHP;WAL;3.753;338000,0;30.06.2025
CBH-0028;Rustic Mug set v4;Gift box;PAP;PRI;ENG;9.398;1692000,0;31.12.2025
CBH-0028;Rustic Mug set v4;Paper wrap;PAP;PRI;ENG;9.398;188000,0;31.12.2025
CBH-0028;Rustic Mug set v4;Master carton;PAP;SHP;ENG;9.398;846000,0;31.12.2025
CBH-0028;Rustic Mug set v4;Gift box;PAP;PRI;WAL;4.168;750000,0;31.12.2025
CBH-0028;Rustic Mug set v4;Paper wrap;PAP;PRI;WAL;4.168;83000,0;31.12.2025
CBH-0028;Rustic Mug set v4;Master carton;PAP;SHP;WAL;4.168;375000,0;31.12.2025
CBH-0029;Café Mug set v5;Gift box;PAP;PRI;ENG;2.050;369000,0;30.06.2025
CBH-0029;Café Mug set v5;Paper wrap;PAP;PRI;ENG;2.050;41000,0;30.06.2025
CBH-0029;Café Mug set v5;Master carton;PAP;SHP;ENG;2.050;184000,0;30.06.2025
CBH-0029;Café Mug set v5;Gift box;PAP;PRI;WAL;910;164000,0;30.06.2025
CBH-0029;Café Mug set v5;Paper wrap;PAP;PRI;WAL;910;18000,0;30.06.2025
CBH-0029;Café Mug set v5;Master carton;PAP;SHP;WAL;910;82000,0;30.06.2025
CBH-0029;Café Mug set v5;Gift box;PAP;PRI;ENG;2.414;435000,0;31.12.2025
CBH-0029;Café Mug set v5;Paper wrap;PAP;PRI;ENG;2.414;48000,0;31.12.2025
CBH-0029;Café Mug set v5;Master carton;PAP;SHP;ENG;2.414;217000,0;31.12.2025
CBH-0029;Café Mug set v5;Gift box;PAP;PRI;WAL;934;168000,0;31.12.2025
CBH-0029;Café Mug set v5;Paper wrap;PAP;PRI;WAL;934;19000,0;31.12.2025
CBH-0029;Café Mug set v5;Master carton;PAP;SHP;WAL;934;84000,0;31.12.2025
CBH-0030;Crème Mug set v5;Gift box;PAP;PRI;ENG;4.478;806000,0;30.06.2025
CBH-0030;Crème Mug set v5;Paper wrap;PAP;PRI;ENG;4.478;90000,0;30.06.2025
CBH-0030;Crème Mug set v5;Master carton;PAP;SHP;ENG;4.478;403000,0;30.06.2025
CBH-0030;Crème Mug set v5;Gift box;PAP;PRI;WAL;1.683;303000,0;30.06.2025
CBH-0030;Crème Mug set v5;Paper wrap;PAP;PRI;WAL;1.683;34000,0;30.06.2025
CBH-0030;Crème Mug set v5;Master carton;PAP;SHP;WAL;1.683;151000,0;30.06.2025
CBH-0030;Crème Mug set v5;Gift box;PAP;PRI;ENG;4.609;830000,0;31.12.2025
CBH-0030;Crème Mug set v5;Paper wrap;PAP;PRI;ENG;4.609;92000,0;31.12.2025
CBH-0030;Crème Mug set v5;Master carton;PAP;SHP;ENG;4.609;415000,0;31.12.2025
CBH-0030;Crème Mug set v5;Gift box;PAP;PRI;WAL;1.895;341000,0;31.12.2025
CBH-0030;Crème Mug set v5;Paper wrap;PAP;PRI;WAL;1.895;38000,0;31.12.2025
CBH-0030;Crème Mug set v5;Master carton;PAP;SHP;WAL;1.895;171000,0;31.12.2025
CBH-0031;Classic Mug set v5;Gift box;PAP;PRI;ENG;1.926;347000,0;30.06.2025
CBH-0031;Classic Mug set v5;Paper wrap;PAP;PRI;ENG;1.926;39000,0;30.06.2025
CBH-0031;Classic Mug set v5;Master carton;PAP;SHP;ENG;1.926;173000,0;30.06.2025
CBH-0031;Classic Mug set v5;Gift box;PAP;PRI;WAL;728;131000,0;30.06.2025
CBH-0031;Classic Mug set v5;Paper wrap;PAP;PRI;WAL;728;15000,0;30.06.2025
CBH-0031;Classic Mug set v5;Master carton;PAP;SHP;WAL;728;66000,0;30.06.2025
CBH-0031;Classic Mug set v5;Gift box;PAP;PRI;ENG;1.735;312000,0;31.12.2025
CBH-0031;Classic Mug set v5;Paper wrap;PAP;PRI;ENG;1.735;35000,0;31.12.2025
CBH-0031;Classic Mug set v5;Master carton;PAP;SHP;ENG;1.735;156000,0;31.12.2025
CBH-0031;Classic Mug set v5;Gift box;PAP;PRI;WAL;817;147000,0;31.12.2025
CBH-0031;Classic Mug set v5;Paper wrap;PAP;PRI;WAL;817;16000,0;31.12.2025
CBH-0031;Classic Mug set v5;Master carton;PAP;SHP;WAL;817;74000,0;31.12.2025
CBH-0032;Harbour Mug set v5;Gift box;PAP;PRI;ENG;2.780;500000,0;30.06.2025
CBH-0032;Harbour Mug set v5;Paper wrap;PAP;PRI;ENG;2.780;56000,0;30.06.2025
CBH-0032;Harbour Mug set v5;Master carton;PAP;SHP;ENG;2.780;250000,0;30.06.2025
CBH-0032;Harbour Mug set v5;Gift box;PAP;PRI;WAL;1.172;211000,0;30.06.2025
CBH-0032;Harbour Mug set v5;Paper wrap;PAP;PRI;WAL;1.172;23000,0;30.06.2025
CBH-0032;Harbour Mug set v5;Master carton;PAP;SHP;WAL;1.172;105000,0;30.06.2025
CBH-0032;Harbour Mug set v5;Gift box;PAP;PRI;ENG;2.609;470000,0;31.12.2025
CBH-0032;Harbour Mug set v5;Paper wrap;PAP;PRI;ENG;2.609;52000,0;31.12.2025
CBH-0032;Harbour Mug set v5;Master carton;PAP;SHP;ENG;2.609;235000,0;31.12.2025
CBH-0032;Harbour Mug set v5;Gift box;PAP;PRI;WAL;1.297;233000,0;31.12.2025
CBH-0032;Harbour Mug set v5;Paper wrap;PAP;PRI;WAL;1.297;26000,0;31.12.2025
CBH-0032;Harbour Mug set v5;Master carton;PAP;SHP;WAL;1.297;117000,0;31.12.2025
CBH-0033;Coastal Mug set v5;Gift box;PAP;PRI;ENG;8.855;1594000,0;30.06.2025
CBH-0033;Coastal Mug set v5;Paper wrap;PAP;PRI;ENG;8.855;177000,0;30.06.2025
CBH-0033;Coastal Mug set v5;Master carton;PAP;SHP;ENG;8.855;797000,0;30.06.2025
CBH-0033;Coastal Mug set v5;Gift box;PAP;PRI;WAL;3.832;690000,0;30.06.2025
CBH-0033;Coastal Mug set v5;Paper wrap;PAP;PRI;WAL;3.832;77000,0;30.06.2025
CBH-0033;Coastal Mug set v5;Master carton;PAP;SHP;WAL;3.832;345000,0;30.06.2025
CBH-0033;Coastal Mug set v5;Gift box;PAP;PRI;ENG;9.370;1687000,0;31.12.2025
CBH-0033;Coastal Mug set v5;Paper wrap;PAP;PRI;ENG;9.370;187000,0;31.12.2025
CBH-0033;Coastal Mug set v5;Master carton;PAP;SHP;ENG;9.370;843000,0;31.12.2025
CBH-0033;Coastal Mug set v5;Gift box;PAP;PRI;WAL;4.452;801000,0;31.12.2025
CBH-0033;Coastal Mug set v5;Paper wrap;PAP;PRI;WAL;4.452;89000,0;31.12.2025
CBH-0033;Coastal Mug set v5;Master carton;PAP;SHP;WAL;4.452;401000,0;31.12.2025
CBH-0034;Nordic Mug set v5;Gift box;PAP;PRI;ENG;5.791;1042000,0;30.06.2025
CBH-0034;Nordic Mug set v5;Paper wrap;PAP;PRI;ENG;5.791;116000,0;30.06.2025
CBH-0034;Nordic Mug set v5;Master carton;PAP;SHP;ENG;5.791;521000,0;30.06.2025
CBH-0034;Nordic Mug set v5;Gift box;PAP;PRI;WAL;2.453;442000,0;30.06.2025
CBH-0034;Nordic Mug set v5;Paper wrap;PAP;PRI;WAL;2.453;49000,0;30.06.2025
CBH-0034;Nordic Mug set v5;Master carton;PAP;SHP;WAL;2.453;221000,0;30.06.2025
CBH-0034;Nordic Mug set v5;Gift box;PAP;PRI;ENG;5.939;1069000,0;31.12.2025
CBH-0034;Nordic Mug set v5;Paper wrap;PAP;PRI;ENG;5.939;119000,0;31.12.2025
CBH-0034;Nordic Mug set v5;Master carton;PAP;SHP;ENG;5.939;535000,0;31.12.2025
CBH-0034;Nordic Mug set v5;Gift box;PAP;PRI;WAL;2.733;492000,0;31.12.2025
CBH-0034;Nordic Mug set v5;Paper wrap;PAP;PRI;WAL;2.733;55000,0;31.12.2025
CBH-0034;Nordic Mug set v5;Master carton;PAP;SHP;WAL;2.733;246000,0;31.12.2025
CBH-0035;Rustic Mug set v5;Gift box;PAP;PRI;ENG;8.081;1455000,0;30.06.2025
CBH-0035;Rustic Mug set v5;Paper wrap;PAP;PRI;ENG;8.081;162000,0;30.06.2025
CBH-0035;Rustic Mug set v5;Master carton;PAP;SHP;ENG;8.081;727000,0;30.06.2025
CBH-0035;Rustic Mug set v5;Gift box;PAP;PRI;WAL;3.915;705000,0;30.06.2025
CBH-0035;Rustic Mug set v5;Paper wrap;PAP;PRI;WAL;3.915;78000,0;30.06.2025
CBH-0035;Rustic Mug set v5;Master carton;PAP;SHP;WAL;3.915;352000,0;30.06.2025
CBH-0035;Rustic Mug set v5;Gift box;PAP;PRI;ENG;8.847;1592000,0;31.12.2025
CBH-0035;Rustic Mug set v5;Paper wrap;PAP;PRI;ENG;8.847;177000,0;31.12.2025
CBH-0035;Rustic Mug set v5;Master carton;PAP;SHP;ENG;8.847;796000,0;31.12.2025
CBH-0035;Rustic Mug set v5;Gift box;PAP;PRI;WAL;3.631;654000,0;31.12.2025
CBH-0035;Rustic Mug set v5;Paper wrap;PAP;PRI;WAL;3.631;73000,0;31.12.2025
CBH-0035;Rustic Mug set v5;Master carton;PAP;SHP;WAL;3.631;327000,0;31.12.2025
CBH-0036;Café Glass tumbler 4pk;Carton;PAP;PRI;ENG;1.245;187000,0;30.06.2025
CBH-0036;Café Glass tumbler 4pk;Polystyrene insert;PLA;PRI;ENG;1.245;31000,0;30.06.2025
CBH-0036;Café Glass tumbler 4pk;Master carton;PAP;SHP;ENG;1.245;137000,0;30.06.2025
CBH-0036;Café Glass tumbler 4pk;Carton;PAP;PRI;WAL;577;87000,0;30.06.2025
CBH-0036;Café Glass tumbler 4pk;Polystyrene insert;PLA;PRI;WAL;577;14000,0;30.06.2025
CBH-0036;Café Glass tumbler 4pk;Master carton;PAP;SHP;WAL;577;63000,0;30.06.2025
CBH-0036;Café Glass tumbler 4pk;Carton;PAP;PRI;ENG;1.335;200000,0;31.12.2025
CBH-0036;Café Glass tumbler 4pk;Polystyrene insert;PLA;PRI;ENG;1.335;33000,0;31.12.2025
CBH-0036;Café Glass tumbler 4pk;Master carton;PAP;SHP;ENG;1.335;147000,0;31.12.2025
CBH-0036;Café Glass tumbler 4pk;Carton;PAP;PRI;WAL;568;85000,0;31.12.2025
CBH-0036;Café Glass tumbler 4pk;Polystyrene insert;PLA;PRI;WAL;568;14000,0;31.12.2025
CBH-0036;Café Glass tumbler 4pk;Master carton;PAP;SHP;WAL;568;62000,0;31.12.2025
CBH-0037;Bistro Glass tumbler 4pk;Carton;PAP;PRI;ENG;11.672;1751000,0;30.06.2025
CBH-0037;Bistro Glass tumbler 4pk;Polystyrene insert;PLA;PRI;ENG;11.672;292000,0;30.06.2025
CBH-0037;Bistro Glass tumbler 4pk;Master carton;PAP;SHP;ENG;11.672;1284000,0;30.06.2025
CBH-0037;Bistro Glass tumbler 4pk;Carton;PAP;PRI;WAL;4.662;699000,0;30.06.2025
CBH-0037;Bistro Glass tumbler 4pk;Polystyrene insert;PLA;PRI;WAL;4.662;117000,0;30.06.2025
CBH-0037;Bistro Glass tumbler 4pk;Master carton;PAP;SHP;WAL;4.662;513000,0;30.06.2025
CBH-0037;Bistro Glass tumbler 4pk;Carton;PAP;PRI;ENG;10.832;1625000,0;31.12.2025
CBH-0037;Bistro Glass tumbler 4pk;Polystyrene insert;PLA;PRI;ENG;10.832;271000,0;31.12.2025
CBH-0037;Bistro Glass tumbler 4pk;Master carton;PAP;SHP;ENG;10.832;1192000,0;31.12.2025
CBH-0037;Bistro Glass tumbler 4pk;Carton;PAP;PRI;WAL;4.363;654000,0;31.12.2025
CBH-0037;Bistro Glass tumbler 4pk;Polystyrene insert;PLA;PRI;WAL;4.363;109000,0;31.12.2025
CBH-0037;Bistro Glass tumbler 4pk;Master carton;PAP;SHP;WAL;4.363;480000,0;31.12.2025
CBH-0038;Crystal Glass tumbler 4pk;Carton;PAP;PRI;ENG;1.456;218000,0;30.06.2025
CBH-0038;Crystal Glass tumbler 4pk;Polystyrene insert;PLA;PRI;ENG;1.456;36000,0;30.06.2025
CBH-0038;Crystal Glass tumbler 4pk;Master carton;PAP;SHP;ENG;1.456;160000,0;30.06.2025
CBH-0038;Crystal Glass tumbler 4pk;Carton;PAP;PRI;WAL;663;99000,0;30.06.2025
CBH-0038;Crystal Glass tumbler 4pk;Polystyrene insert;PLA;PRI;WAL;663;17000,0;30.06.2025
CBH-0038;Crystal Glass tumbler 4pk;Master carton;PAP;SHP;WAL;663;73000,0;30.06.2025
CBH-0038;Crystal Glass tumbler 4pk;Carton;PAP;PRI;ENG;1.554;233000,0;31.12.2025
CBH-0038;Crystal Glass tumbler 4pk;Polystyrene insert;PLA;PRI;ENG;1.554;39000,0;31.12.2025
CBH-0038;Crystal Glass tumbler 4pk;Master carton;PAP;SHP;ENG;1.554;171000,0;31.12.2025
CBH-0038;Crystal Glass tumbler 4pk;Carton;PAP;PRI;WAL;679;102000,0;31.12.2025
CBH-0038;Crystal Glass tumbler 4pk;Polystyrene insert;PLA;PRI;WAL;679;17000,0;31.12.2025
CBH-0038;Crystal Glass tumbler 4pk;Master carton;PAP;SHP;WAL;679;75000,0;31.12.2025
CBH-0039;Coastal Glass tumbler 4pk;Carton;PAP;PRI;ENG;2.045;307000,0;30.06.2025
CBH-0039;Coastal Glass tumbler 4pk;Polystyrene insert;PLA;PRI;ENG;2.045;51000,0;30.06.2025
CBH-0039;Coastal Glass tumbler 4pk;Master carton;PAP;SHP;ENG;2.045;225000,0;30.06.2025
CBH-0039;Coastal Glass tumbler 4pk;Carton;PAP;PRI;WAL;879;132000,0;30.06.2025
CBH-0039;Coastal Glass tumbler 4pk;Polystyrene insert;PLA;PRI;WAL;879;22000,0;30.06.2025
CBH-0039;Coastal Glass tumbler 4pk;Master carton;PAP;SHP;WAL;879;97000,0;30.06.2025
CBH-0039;Coastal Glass tumbler 4pk;Carton;PAP;PRI;ENG;2.252;338000,0;31.12.2025
CBH-0039;Coastal Glass tumbler 4pk;Polystyrene insert;PLA;PRI;ENG;2.252;56000,0;31.12.2025
CBH-0039;Coastal Glass tumbler 4pk;Master carton;PAP;SHP;ENG;2.252;248000,0;31.12.2025
CBH-0039;Coastal Glass tumbler 4pk;Carton;PAP;PRI;WAL;908;136000,0;31.12.2025
CBH-0039;Coastal Glass tumbler 4pk;Polystyrene insert;PLA;PRI;WAL;908;23000,0;31.12.2025
CBH-0039;Coastal Glass tumbler 4pk;Master carton;PAP;SHP;WAL;908;100000,0;31.12.2025
CBH-0040;Classic Glass tumbler 4pk;Carton;PAP;PRI;ENG;3.627;544000,0;30.06.2025
CBH-0040;Classic Glass tumbler 4pk;Polystyrene insert;PLA;PRI;ENG;3.627;91000,0;30.06.2025
CBH-0040;Classic Glass tumbler 4pk;Master carton;PAP;SHP;ENG;3.627;399000,0;30.06.2025
CBH-0040;Classic Glass tumbler 4pk;Carton;PAP;PRI;WAL;1.415;212000,0;30.06.2025
CBH-0040;Classic Glass tumbler 4pk;Polystyrene insert;PLA;PRI;WAL;1.415;35000,0;30.06.2025
CBH-0040;Classic Glass tumbler 4pk;Master carton;PAP;SHP;WAL;1.415;156000,0;30.06.2025
CBH-0040;Classic Glass tumbler 4pk;Carton;PAP;PRI;ENG;3.509;526000,0;31.12.2025
CBH-0040;Classic Glass tumbler 4pk;Polystyrene insert;PLA;PRI;ENG;3.509;88000,0;31.12.2025
CBH-0040;Classic Glass tumbler 4pk;Master carton;PAP;SHP;ENG;3.509;386000,0;31.12.2025
CBH-0040;Classic Glass tumbler 4pk;Carton;PAP;PRI;WAL;1.606;241000,0;31.12.2025
CBH-0040;Classic Glass tumbler 4pk;Polystyrene insert;PLA;PRI;WAL;1.606;40000,0;31.12.2025
CBH-0040;Classic Glass tumbler 4pk;Master carton;PAP;SHP;WAL;1.606;177000,0;31.12.2025
CBH-0041;Retro Glass tumbler 4pk;Carton;PAP;PRI;ENG;3.931;590000,0;30.06.2025
CBH-0041;Retro Glass tumbler 4pk;Polystyrene insert;PLA;PRI;ENG;3.931;98000,0;30.06.2025
CBH-0041;Retro Glass tumbler 4pk;Master carton;PAP;SHP;ENG;3.931;432000,0;30.06.2025
CBH-0041;Retro Glass tumbler 4pk;Carton;PAP;PRI;WAL;1.852;278000,0;30.06.2025
CBH-0041;Retro Glass tumbler 4pk;Polystyrene insert;PLA;PRI;WAL;1.852;46000,0;30.06.2025
CBH-0041;Retro Glass tumbler 4pk;Master carton;PAP;SHP;WAL;1.852;204000,0;30.06.2025
CBH-0041;Retro Glass tumbler 4pk;Carton;PAP;PRI;ENG;4.490;674000,0;31.12.2025
CBH-0041;Retro Glass tumbler 4pk;Polystyrene insert;PLA;PRI;ENG;4.490;112000,0;31.12.2025
CBH-0041;Retro Glass tumbler 4pk;Master carton;PAP;SHP;ENG;4.490;494000,0;31.12.2025
CBH-0041;Retro Glass tumbler 4pk;Carton;PAP;PRI;WAL;1.810;272000,0;31.12.2025
CBH-0041;Retro Glass tumbler 4pk;Polystyrene insert;PLA;PRI;WAL;1.810;45000,0;31.12.2025
CBH-0041;Retro Glass tumbler 4pk;Master carton;PAP;SHP;WAL;1.810;199000,0;31.12.2025
CBH-0042;Café Glass tumbler 4pk v2;Carton;PAP;PRI;ENG;1.192;179000,0;30.06.2025
CBH-0042;Café Glass tumbler 4pk v2;Polystyrene insert;PLA;PRI;ENG;1.192;30000,0;30.06.2025
CBH-0042;Café Glass tumbler 4pk v2;Master carton;PAP;SHP;ENG;1.192;131000,0;30.06.2025
CBH-0042;Café Glass tumbler 4pk v2;Carton;PAP;PRI;WAL;552;83000,0;30.06.2025
CBH-0042;Café Glass tumbler 4pk v2;Polystyrene insert;PLA;PRI;WAL;552;14000,0;30.06.2025
CBH-0042;Café Glass tumbler 4pk v2;Master carton;PAP;SHP;WAL;552;61000,0;30.06.2025
CBH-0042;Café Glass tumbler 4pk v2;Carton;PAP;PRI;ENG;1.213;182000,0;31.12.2025
CBH-0042;Café Glass tumbler 4pk v2;Polystyrene insert;PLA;PRI;ENG;1.213;30000,0;31.12.2025
CBH-0042;Café Glass tumbler 4pk v2;Master carton;PAP;SHP;ENG;1.213;133000,0;31.12.2025
CBH-0042;Café Glass tumbler 4pk v2;Carton;PAP;PRI;WAL;502;75000,0;31.12.2025
CBH-0042;Café Glass tumbler 4pk v2;Polystyrene insert;PLA;PRI;WAL;502;13000,0;31.12.2025
CBH-0042;Café Glass tumbler 4pk v2;Master carton;PAP;SHP;WAL;502;55000,0;31.12.2025
CBH-0043;Bistro Glass tumbler 4pk v2;Carton;PAP;PRI;ENG;610;92000,0;30.06.2025
CBH-0043;Bistro Glass tumbler 4pk v2;Polystyrene insert;PLA;PRI;ENG;610;15000,0;30.06.2025
CBH-0043;Bistro Glass tumbler 4pk v2;Master carton;PAP;SHP;ENG;610;67000,0;30.06.2025
CBH-0043;Bistro Glass tumbler 4pk v2;Carton;PAP;PRI;WAL;295;44000,0;30.06.2025
CBH-0043;Bistro Glass tumbler 4pk v2;Polystyrene insert;PLA;PRI;WAL;295;7000,0;30.06.2025
CBH-0043;Bistro Glass tumbler 4pk v2;Master carton;PAP;SHP;WAL;295;32000,0;30.06.2025
CBH-0043;Bistro Glass tumbler 4pk v2;Carton;PAP;PRI;ENG;613;92000,0;31.12.2025
CBH-0043;Bistro Glass tumbler 4pk v2;Polystyrene insert;PLA;PRI;ENG;613;15000,0;31.12.2025
CBH-0043;Bistro Glass tumbler 4pk v2;Master carton;PAP;SHP;ENG;613;67000,0;31.12.2025
CBH-0043;Bistro Glass tumbler 4pk v2;Carton;PAP;PRI;WAL;268;40000,0;31.12.2025
CBH-0043;Bistro Glass tumbler 4pk v2;Polystyrene insert;PLA;PRI;WAL;268;7000,0;31.12.2025
CBH-0043;Bistro Glass tumbler 4pk v2;Master carton;PAP;SHP;WAL;268;29000,0;31.12.2025
CBH-0044;Crystal Glass tumbler 4pk v2;Carton;PAP;PRI;ENG;2.137;321000,0;30.06.2025
CBH-0044;Crystal Glass tumbler 4pk v2;Polystyrene insert;PLA;PRI;ENG;2.137;53000,0;30.06.2025
CBH-0044;Crystal Glass tumbler 4pk v2;Master carton;PAP;SHP;ENG;2.137;235000,0;30.06.2025
CBH-0044;Crystal Glass tumbler 4pk v2;Carton;PAP;PRI;WAL;921;138000,0;30.06.2025
CBH-0044;Crystal Glass tumbler 4pk v2;Polystyrene insert;PLA;PRI;WAL;921;23000,0;30.06.2025
CBH-0044;Crystal Glass tumbler 4pk v2;Master carton;PAP;SHP;WAL;921;101000,0;30.06.2025
CBH-0044;Crystal Glass tumbler 4pk v2;Carton;PAP;PRI;ENG;2.074;311000,0;31.12.2025
CBH-0044;Crystal Glass tumbler 4pk v2;Polystyrene insert;PLA;PRI;ENG;2.074;52000,0;31.12.2025
CBH-0044;Crystal Glass tumbler 4pk v2;Master carton;PAP;SHP;ENG;2.074;228000,0;31.12.2025
CBH-0044;Crystal Glass tumbler 4pk v2;Carton;PAP;PRI;WAL;915;137000,0;31.12.2025
CBH-0044;Crystal Glass tumbler 4pk v2;Polystyrene insert;PLA;PRI;WAL;915;23000,0;31.12.2025
CBH-0044;Crystal Glass tumbler 4pk v2;Master carton;PAP;SHP;WAL;915;101000,0;31.12.2025
CBH-0045;Coastal Glass tumbler 4pk v2;Carton;PAP;PRI;ENG;1.338;201000,0;30.06.2025
CBH-0045;Coastal Glass tumbler 4pk v2;Polystyrene insert;PLA;PRI;ENG;1.338;33000,0;30.06.2025
CBH-0045;Coastal Glass tumbler 4pk v2;Master carton;PAP;SHP;ENG;1.338;147000,0;30.06.2025
CBH-0045;Coastal Glass tumbler 4pk v2;Carton;PAP;PRI;WAL;552;83000,0;30.06.2025
CBH-0045;Coastal Glass tumbler 4pk v2;Polystyrene insert;PLA;PRI;WAL;552;14000,0;30.06.2025
CBH-0045;Coastal Glass tumbler 4pk v2;Master carton;PAP;SHP;WAL;552;61000,0;30.06.2025
CBH-0045;Coastal Glass tumbler 4pk v2;Carton;PAP;PRI;ENG;1.436;215000,0;31.12.2025
CBH-0045;Coastal Glass tumbler 4pk v2;Polystyrene insert;PLA;PRI;ENG;1.436;36000,0;31.12.2025
CBH-0045;Coastal Glass tumbler 4pk v2;Master carton;PAP;SHP;ENG;1.436;158000,0;31.12.2025
CBH-0045;Coastal Glass tumbler 4pk v2;Carton;PAP;PRI;WAL;634;95000,0;31.12.2025
CBH-0045;Coastal Glass tumbler 4pk v2;Polystyrene insert;PLA;PRI;WAL;634;16000,0;31.12.2025
CBH-0045;Coastal Glass tumbler 4pk v2;Master carton;PAP;SHP;WAL;634;70000,0;31.12.2025
CBH-0046;Classic Glass tumbler 4pk v2;Carton;PAP;PRI;ENG;8.678;1302000,0;30.06.2025
CBH-0046;Classic Glass tumbler 4pk v2;Polystyrene insert;PLA;PRI;ENG;8.678;217000,0;30.06.2025
CBH-0046;Classic Glass tumbler 4pk v2;Master carton;PAP;SHP;ENG;8.678;955000,0;30.06.2025
CBH-0046;Classic Glass tumbler 4pk v2;Carton;PAP;PRI;WAL;3.442;516000,0;30.06.2025
CBH-0046;Classic Glass tumbler 4pk v2;Polystyrene insert;PLA;PRI;WAL;3.442;86000,0;30.06.2025
CBH-0046;Classic Glass tumbler 4pk v2;Master carton;PAP;SHP;WAL;3.442;379000,0;30.06.2025
CBH-0046;Classic Glass tumbler 4pk v2;Carton;PAP;PRI;ENG;7.945;1192000,0;31.12.2025
CBH-0046;Classic Glass tumbler 4pk v2;Polystyrene insert;PLA;PRI;ENG;7.945;199000,0;31.12.2025
CBH-0046;Classic Glass tumbler 4pk v2;Master carton;PAP;SHP;ENG;7.945;874000,0;31.12.2025
CBH-0046;Classic Glass tumbler 4pk v2;Carton;PAP;PRI;WAL;3.788;568000,0;31.12.2025
CBH-0046;Classic Glass tumbler 4pk v2;Polystyrene insert;PLA;PRI;WAL;3.788;95000,0;31.12.2025
CBH-0046;Classic Glass tumbler 4pk v2;Master carton;PAP;SHP;WAL;3.788;417000,0;31.12.2025
CBH-0047;Retro Glass tumbler 4pk v2;Carton;PAP;PRI;ENG;801;120000,0;30.06.2025
CBH-0047;Retro Glass tumbler 4pk v2;Polystyrene insert;PLA;PRI;ENG;801;20000,0;30.06.2025
CBH-0047;Retro Glass tumbler 4pk v2;Master carton;PAP;SHP;ENG;801;88000,0;30.06.2025
CBH-0047;Retro Glass tumbler 4pk v2;Carton;PAP;PRI;WAL;330;50000,0;30.06.2025
CBH-0047;Retro Glass tumbler 4pk v2;Polystyrene insert;PLA;PRI;WAL;330;8000,0;30.06.2025
CBH-0047;Retro Glass tumbler 4pk v2;Master carton;PAP;SHP;WAL;330;36000,0;30.06.2025
CBH-0047;Retro Glass tumbler 4pk v2;Carton;PAP;PRI;ENG;693;104000,0;31.12.2025
CBH-0047;Retro Glass tumbler 4pk v2;Polystyrene insert;PLA;PRI;ENG;693;17000,0;31.12.2025
CBH-0047;Retro Glass tumbler 4pk v2;Master carton;PAP;SHP;ENG;693;76000,0;31.12.2025
CBH-0047;Retro Glass tumbler 4pk v2;Carton;PAP;PRI;WAL;289;43000,0;31.12.2025
CBH-0047;Retro Glass tumbler 4pk v2;Polystyrene insert;PLA;PRI;WAL;289;7000,0;31.12.2025
CBH-0047;Retro Glass tumbler 4pk v2;Master carton;PAP;SHP;WAL;289;32000,0;31.12.2025
CBH-0048;Café Glass tumbler 4pk v3;Carton;PAP;PRI;ENG;4.113;617000,0;30.06.2025
CBH-0048;Café Glass tumbler 4pk v3;Polystyrene insert;PLA;PRI;ENG;4.113;103000,0;30.06.2025
CBH-0048;Café Glass tumbler 4pk v3;Master carton;PAP;SHP;ENG;4.113;452000,0;30.06.2025
CBH-0048;Café Glass tumbler 4pk v3;Carton;PAP;PRI;WAL;1.850;278000,0;30.06.2025
CBH-0048;Café Glass tumbler 4pk v3;Polystyrene insert;PLA;PRI;WAL;1.850;46000,0;30.06.2025
CBH-0048;Café Glass tumbler 4pk v3;Master carton;PAP;SHP;WAL;1.850;204000,0;30.06.2025
CBH-0048;Café Glass tumbler 4pk v3;Carton;PAP;PRI;ENG;4.237;636000,0;31.12.2025
CBH-0048;Café Glass tumbler 4pk v3;Polystyrene insert;PLA;PRI;ENG;4.237;106000,0;31.12.2025
CBH-0048;Café Glass tumbler 4pk v3;Master carton;PAP;SHP;ENG;4.237;466000,0;31.12.2025
CBH-0048;Café Glass tumbler 4pk v3;Carton;PAP;PRI;WAL;1.707;256000,0;31.12.2025
CBH-0048;Café Glass tumbler 4pk v3;Polystyrene insert;PLA;PRI;WAL;1.707;43000,0;31.12.2025
CBH-0048;Café Glass tumbler 4pk v3;Master carton;PAP;SHP;WAL;1.707;188000,0;31.12.2025
CBH-0049;Bistro Glass tumbler 4pk v3;Carton;PAP;PRI;ENG;2.594;389000,0;30.06.2025
CBH-0049;Bistro Glass tumbler 4pk v3;Polystyrene insert;PLA;PRI;ENG;2.594;65000,0;30.06.2025
CBH-0049;Bistro Glass tumbler 4pk v3;Master carton;PAP;SHP;ENG;2.594;285000,0;30.06.2025
CBH-0049;Bistro Glass tumbler 4pk v3;Carton;PAP;PRI;WAL;1.011;152000,0;30.06.2025
CBH-0049;Bistro Glass tumbler 4pk v3;Polystyrene insert;PLA;PRI;WAL;1.011;25000,0;30.06.2025
CBH-0049;Bistro Glass tumbler 4pk v3;Master carton;PAP;SHP;WAL;1.011;111000,0;30.06.2025
CBH-0049;Bistro Glass tumbler 4pk v3;Carton;PAP;PRI;ENG;2.727;409000,0;31.12.2025
CBH-0049;Bistro Glass tumbler 4pk v3;Polystyrene insert;PLA;PRI;ENG;2.727;68000,0;31.12.2025
CBH-0049;Bistro Glass tumbler 4pk v3;Master carton;PAP;SHP;ENG;2.727;300000,0;31.12.2025
CBH-0049;Bistro Glass tumbler 4pk v3;Carton;PAP;PRI;WAL;1.263;189000,0;31.12.2025
CBH-0049;Bistro Glass tumbler 4pk v3;Polystyrene insert;PLA;PRI;WAL;1.263;32000,0;31.12.2025
CBH-0049;Bistro Glass tumbler 4pk v3;Master carton;PAP;SHP;WAL;1.263;139000,0;31.12.2025
CBH-0050;Crystal Glass tumbler 4pk v3;Carton;PAP;PRI;ENG;4.359;654000,0;30.06.2025
CBH-0050;Crystal Glass tumbler 4pk v3;Polystyrene insert;PLA;PRI;ENG;4.359;109000,0;30.06.2025
CBH-0050;Crystal Glass tumbler 4pk v3;Master carton;PAP;SHP;ENG;4.359;479000,0;30.06.2025
CBH-0050;Crystal Glass tumbler 4pk v3;Carton;PAP;PRI;WAL;1.924;289000,0;30.06.2025
CBH-0050;Crystal Glass tumbler 4pk v3;Polystyrene insert;PLA;PRI;WAL;1.924;48000,0;30.06.2025
CBH-0050;Crystal Glass tumbler 4pk v3;Master carton;PAP;SHP;WAL;1.924;212000,0;30.06.2025
CBH-0050;Crystal Glass tumbler 4pk v3;Carton;PAP;PRI;ENG;5.000;750000,0;31.12.2025
CBH-0050;Crystal Glass tumbler 4pk v3;Polystyrene insert;PLA;PRI;ENG;5.000;125000,0;31.12.2025
CBH-0050;Crystal Glass tumbler 4pk v3;Master carton;PAP;SHP;ENG;5.000;550000,0;31.12.2025
CBH-0050;Crystal Glass tumbler 4pk v3;Carton;PAP;PRI;WAL;2.135;320000,0;31.12.2025
CBH-0050;Crystal Glass tumbler 4pk v3;Polystyrene insert;PLA;PRI;WAL;2.135;53000,0;31.12.2025
CBH-0050;Crystal Glass tumbler 4pk v3;Master carton;PAP;SHP;WAL;2.135;235000,0;31.12.2025
CBH-0051;Coastal Glass tumbler 4pk v3;Carton;PAP;PRI;ENG;1.152;173000,0;30.06.2025
CBH-0051;Coastal Glass tumbler 4pk v3;Polystyrene insert;PLA;PRI;ENG;1.152;29000,0;30.06.2025
CBH-0051;Coastal Glass tumbler 4pk v3;Master carton;PAP;SHP;ENG;1.152;127000,0;30.06.2025
CBH-0051;Coastal Glass tumbler 4pk v3;Carton;PAP;PRI;WAL;478;72000,0;30.06.2025
CBH-0051;Coastal Glass tumbler 4pk v3;Polystyrene insert;PLA;PRI;WAL;478;12000,0;30.06.2025
CBH-0051;Coastal Glass tumbler 4pk v3;Master carton;PAP;SHP;WAL;478;53000,0;30.06.2025
CBH-0051;Coastal Glass tumbler 4pk v3;Carton;PAP;PRI;ENG;1.110;166000,0;31.12.2025
CBH-0051;Coastal Glass tumbler 4pk v3;Polystyrene insert;PLA;PRI;ENG;1.110;28000,0;31.12.2025
CBH-0051;Coastal Glass tumbler 4pk v3;Master carton;PAP;SHP;ENG;1.110;122000,0;31.12.2025
CBH-0051;Coastal Glass tumbler 4pk v3;Carton;PAP;PRI;WAL;502;75000,0;31.12.2025
CBH-0051;Coastal Glass tumbler 4pk v3;Polystyrene insert;PLA;PRI;WAL;502;13000,0;31.12.2025
CBH-0051;Coastal Glass tumbler 4pk v3;Master carton;PAP;SHP;WAL;502;55000,0;31.12.2025
CBH-0052;Classic Glass tumbler 4pk v3;Carton;PAP;PRI;ENG;5.501;825000,0;30.06.2025
CBH-0052;Classic Glass tumbler 4pk v3;Polystyrene insert;PLA;PRI;ENG;5.501;138000,0;30.06.2025
CBH-0052;Classic Glass tumbler 4pk v3;Master carton;PAP;SHP;ENG;5.501;605000,0;30.06.2025
CBH-0052;Classic Glass tumbler 4pk v3;Carton;PAP;PRI;WAL;2.481;372000,0;30.06.2025
CBH-0052;Classic Glass tumbler 4pk v3;Polystyrene insert;PLA;PRI;WAL;2.481;62000,0;30.06.2025
CBH-0052;Classic Glass tumbler 4pk v3;Master carton;PAP;SHP;WAL;2.481;273000,0;30.06.2025
CBH-0052;Classic Glass tumbler 4pk v3;Carton;PAP;PRI;ENG;6.227;934000,0;31.12.2025
CBH-0052;Classic Glass tumbler 4pk v3;Polystyrene insert;PLA;PRI;ENG;6.227;156000,0;31.12.2025
CBH-0052;Classic Glass tumbler 4pk v3;Master carton;PAP;SHP;ENG;6.227;685000,0;31.12.2025
CBH-0052;Classic Glass tumbler 4pk v3;Carton;PAP;PRI;WAL;2.793;419000,0;31.12.2025
CBH-0052;Classic Glass tumbler 4pk v3;Polystyrene insert;PLA;PRI;WAL;2.793;70000,0;31.12.2025
CBH-0052;Classic Glass tumbler 4pk v3;Master carton;PAP;SHP;WAL;2.793;307000,0;31.12.2025
CBH-0053;Retro Glass tumbler 4pk v3;Carton;PAP;PRI;ENG;5.851;878000,0;30.06.2025
CBH-0053;Retro Glass tumbler 4pk v3;Polystyrene insert;PLA;PRI;ENG;5.851;146000,0;30.06.2025
CBH-0053;Retro Glass tumbler 4pk v3;Master carton;PAP;SHP;ENG;5.851;644000,0;30.06.2025
CBH-0053;Retro Glass tumbler 4pk v3;Carton;PAP;PRI;WAL;2.433;365000,0;30.06.2025
CBH-0053;Retro Glass tumbler 4pk v3;Polystyrene insert;PLA;PRI;WAL;2.433;61000,0;30.06.2025
CBH-0053;Retro Glass tumbler 4pk v3;Master carton;PAP;SHP;WAL;2.433;268000,0;30.06.2025
CBH-0053;Retro Glass tumbler 4pk v3;Carton;PAP;PRI;ENG;6.224;934000,0;31.12.2025
CBH-0053;Retro Glass tumbler 4pk v3;Polystyrene insert;PLA;PRI;ENG;6.224;156000,0;31.12.2025
CBH-0053;Retro Glass tumbler 4pk v3;Master carton;PAP;SHP;ENG;6.224;685000,0;31.12.2025
CBH-0053;Retro Glass tumbler 4pk v3;Carton;PAP;PRI;WAL;2.820;423000,0;31.12.2025
CBH-0053;Retro Glass tumbler 4pk v3;Polystyrene insert;PLA;PRI;WAL;2.820;70000,0;31.12.2025
CBH-0053;Retro Glass tumbler 4pk v3;Master carton;PAP;SHP;WAL;2.820;310000,0;31.12.2025
CBH-0054;Café Glass tumbler 4pk v4;Carton;PAP;PRI;ENG;461;69000,0;30.06.2025
CBH-0054;Café Glass tumbler 4pk v4;Polystyrene insert;PLA;PRI;ENG;461;12000,0;30.06.2025
CBH-0054;Café Glass tumbler 4pk v4;Master carton;PAP;SHP;ENG;461;51000,0;30.06.2025
CBH-0054;Café Glass tumbler 4pk v4;Carton;PAP;PRI;WAL;190;28000,0;30.06.2025
CBH-0054;Café Glass tumbler 4pk v4;Polystyrene insert;PLA;PRI;WAL;190;5000,0;30.06.2025
CBH-0054;Café Glass tumbler 4pk v4;Master carton;PAP;SHP;WAL;190;21000,0;30.06.2025
CBH-0054;Café Glass tumbler 4pk v4;Carton;PAP;PRI;ENG;510;76000,0;31.12.2025
CBH-0054;Café Glass tumbler 4pk v4;Polystyrene insert;PLA;PRI;ENG;510;13000,0;31.12.2025
CBH-0054;Café Glass tumbler 4pk v4;Master carton;PAP;SHP;ENG;510;56000,0;31.12.2025
CBH-0054;Café Glass tumbler 4pk v4;Carton;PAP;PRI;WAL;224;34000,0;31.12.2025
CBH-0054;Café Glass tumbler 4pk v4;Polystyrene insert;PLA;PRI;WAL;224;6000,0;31.12.2025
CBH-0054;Café Glass tumbler 4pk v4;Master carton;PAP;SHP;WAL;224;25000,0;31.12.2025
CBH-0055;Bistro Glass tumbler 4pk v4;Carton;PAP;PRI;ENG;10.861;1629000,0;30.06.2025
CBH-0055;Bistro Glass tumbler 4pk v4;Polystyrene insert;PLA;PRI;ENG;10.861;272000,0;30.06.2025
CBH-0055;Bistro Glass tumbler 4pk v4;Master carton;PAP;SHP;ENG;10.861;1195000,0;30.06.2025
CBH-0055;Bistro Glass tumbler 4pk v4;Carton;PAP;PRI;WAL;4.871;731000,0;30.06.2025
CBH-0055;Bistro Glass tumbler 4pk v4;Polystyrene insert;PLA;PRI;WAL;4.871;122000,0;30.06.2025
CBH-0055;Bistro Glass tumbler 4pk v4;Master carton;PAP;SHP;WAL;4.871;536000,0;30.06.2025
CBH-0055;Bistro Glass tumbler 4pk v4;Carton;PAP;PRI;ENG;12.147;1822000,0;31.12.2025
CBH-0055;Bistro Glass tumbler 4pk v4;Polystyrene insert;PLA;PRI;ENG;12.147;304000,0;31.12.2025
CBH-0055;Bistro Glass tumbler 4pk v4;Master carton;PAP;SHP;ENG;12.147;1336000,0;31.12.2025
CBH-0055;Bistro Glass tumbler 4pk v4;Carton;PAP;PRI;WAL;5.017;753000,0;31.12.2025
CBH-0055;Bistro Glass tumbler 4pk v4;Polystyrene insert;PLA;PRI;WAL;5.017;125000,0;31.12.2025
CBH-0055;Bistro Glass tumbler 4pk v4;Master carton;PAP;SHP;WAL;5.017;552000,0;31.12.2025
CBH-0056;Crystal Glass tumbler 4pk v4;Carton;PAP;PRI;ENG;1.658;249000,0;30.06.2025
CBH-0056;Crystal Glass tumbler 4pk v4;Polystyrene insert;PLA;PRI;ENG;1.658;41000,0;30.06.2025
CBH-0056;Crystal Glass tumbler 4pk v4;Master carton;PAP;SHP;ENG;1.658;182000,0;30.06.2025
CBH-0056;Crystal Glass tumbler 4pk v4;Carton;PAP;PRI;WAL;729;109000,0;30.06.2025
CBH-0056;Crystal Glass tumbler 4pk v4;Polystyrene insert;PLA;PRI;WAL;729;18000,0;30.06.2025
CBH-0056;Crystal Glass tumbler 4pk v4;Master carton;PAP;SHP;WAL;729;80000,0;30.06.2025
CBH-0056;Crystal Glass tumbler 4pk v4;Carton;PAP;PRI;ENG;1.744;262000,0;31.12.2025
CBH-0056;Crystal Glass tumbler 4pk v4;Polystyrene insert;PLA;PRI;ENG;1.744;44000,0;31.12.2025
CBH-0056;Crystal Glass tumbler 4pk v4;Master carton;PAP;SHP;ENG;1.744;192000,0;31.12.2025
CBH-0056;Crystal Glass tumbler 4pk v4;Carton;PAP;PRI;WAL;725;109000,0;31.12.2025
CBH-0056;Crystal Glass tumbler 4pk v4;Polystyrene insert;PLA;PRI;WAL;725;18000,0;31.12.2025
CBH-0056;Crystal Glass tumbler 4pk v4;Master carton;PAP;SHP;WAL;725;80000,0;31.12.2025
CBH-0057;Coastal Glass tumbler 4pk v4;Carton;PAP;PRI;ENG;7.790;1168000,0;30.06.2025
CBH-0057;Coastal Glass tumbler 4pk v4;Polystyrene insert;PLA;PRI;ENG;7.790;195000,0;30.06.2025
CBH-0057;Coastal Glass tumbler 4pk v4;Master carton;PAP;SHP;ENG;7.790;857000,0;30.06.2025
CBH-0057;Coastal Glass tumbler 4pk v4;Carton;PAP;PRI;WAL;3.074;461000,0;30.06.2025
CBH-0057;Coastal Glass tumbler 4pk v4;Polystyrene insert;PLA;PRI;WAL;3.074;77000,0;30.06.2025
CBH-0057;Coastal Glass tumbler 4pk v4;Master carton;PAP;SHP;WAL;3.074;338000,0;30.06.2025
CBH-0057;Coastal Glass tumbler 4pk v4;Carton;PAP;PRI;ENG;8.313;1247000,0;31.12.2025
CBH-0057;Coastal Glass tumbler 4pk v4;Polystyrene insert;PLA;PRI;ENG;8.313;208000,0;31.12.2025
CBH-0057;Coastal Glass tumbler 4pk v4;Master carton;PAP;SHP;ENG;8.313;914000,0;31.12.2025
CBH-0057;Coastal Glass tumbler 4pk v4;Carton;PAP;PRI;WAL;3.417;513000,0;31.12.2025
CBH-0057;Coastal Glass tumbler 4pk v4;Polystyrene insert;PLA;PRI;WAL;3.417;85000,0;31.12.2025
CBH-0057;Coastal Glass tumbler 4pk v4;Master carton;PAP;SHP;WAL;3.417;376000,0;31.12.2025
CBH-0058;Classic Glass tumbler 4pk v4;Carton;PAP;PRI;ENG;1.281;192000,0;30.06.2025
CBH-0058;Classic Glass tumbler 4pk v4;Polystyrene insert;PLA;PRI;ENG;1.281;32000,0;30.06.2025
CBH-0058;Classic Glass tumbler 4pk v4;Master carton;PAP;SHP;ENG;1.281;141000,0;30.06.2025
CBH-0058;Classic Glass tumbler 4pk v4;Carton;PAP;PRI;WAL;528;79000,0;30.06.2025
CBH-0058;Classic Glass tumbler 4pk v4;Polystyrene insert;PLA;PRI;WAL;528;13000,0;30.06.2025
CBH-0058;Classic Glass tumbler 4pk v4;Master carton;PAP;SHP;WAL;528;58000,0;30.06.2025
CBH-0058;Classic Glass tumbler 4pk v4;Carton;PAP;PRI;ENG;1.263;189000,0;31.12.2025
CBH-0058;Classic Glass tumbler 4pk v4;Polystyrene insert;PLA;PRI;ENG;1.263;32000,0;31.12.2025
CBH-0058;Classic Glass tumbler 4pk v4;Master carton;PAP;SHP;ENG;1.263;139000,0;31.12.2025
CBH-0058;Classic Glass tumbler 4pk v4;Carton;PAP;PRI;WAL;506;76000,0;31.12.2025
CBH-0058;Classic Glass tumbler 4pk v4;Polystyrene insert;PLA;PRI;WAL;506;13000,0;31.12.2025
CBH-0058;Classic Glass tumbler 4pk v4;Master carton;PAP;SHP;WAL;506;56000,0;31.12.2025
CBH-0059;Retro Glass tumbler 4pk v4;Carton;PAP;PRI;ENG;2.083;312000,0;30.06.2025
CBH-0059;Retro Glass tumbler 4pk v4;Polystyrene insert;PLA;PRI;ENG;2.083;52000,0;30.06.2025
CBH-0059;Retro Glass tumbler 4pk v4;Master carton;PAP;SHP;ENG;2.083;229000,0;30.06.2025
CBH-0059;Retro Glass tumbler 4pk v4;Carton;PAP;PRI;WAL;863;129000,0;30.06.2025
CBH-0059;Retro Glass tumbler 4pk v4;Polystyrene insert;PLA;PRI;WAL;863;22000,0;30.06.2025
CBH-0059;Retro Glass tumbler 4pk v4;Master carton;PAP;SHP;WAL;863;95000,0;30.06.2025
CBH-0059;Retro Glass tumbler 4pk v4;Carton;PAP;PRI;ENG;2.136;320000,0;31.12.2025
CBH-0059;Retro Glass tumbler 4pk v4;Polystyrene insert;PLA;PRI;ENG;2.136;53000,0;31.12.2025
CBH-0059;Retro Glass tumbler 4pk v4;Master carton;PAP;SHP;ENG;2.136;235000,0;31.12.2025
CBH-0059;Retro Glass tumbler 4pk v4;Carton;PAP;PRI;WAL;973;146000,0;31.12.2025
CBH-0059;Retro Glass tumbler 4pk v4;Polystyrene insert;PLA;PRI;WAL;973;24000,0;31.12.2025
CBH-0059;Retro Glass tumbler 4pk v4;Master carton;PAP;SHP;WAL;973;107000,0;31.12.2025
CBH-0060;Café Glass tumbler 4pk v5;Carton;PAP;PRI;ENG;6.182;927000,0;30.06.2025
CBH-0060;Café Glass tumbler 4pk v5;Polystyrene insert;PLA;PRI;ENG;6.182;155000,0;30.06.2025
CBH-0060;Café Glass tumbler 4pk v5;Master carton;PAP;SHP;ENG;6.182;680000,0;30.06.2025
CBH-0060;Café Glass tumbler 4pk v5;Carton;PAP;PRI;WAL;2.747;412000,0;30.06.2025
CBH-0060;Café Glass tumbler 4pk v5;Polystyrene insert;PLA;PRI;WAL;2.747;69000,0;30.06.2025
CBH-0060;Café Glass tumbler 4pk v5;Master carton;PAP;SHP;WAL;2.747;302000,0;30.06.2025
CBH-0060;Café Glass tumbler 4pk v5;Carton;PAP;PRI;ENG;5.933;890000,0;31.12.2025
CBH-0060;Café Glass tumbler 4pk v5;Polystyrene insert;PLA;PRI;ENG;5.933;148000,0;31.12.2025
CBH-0060;Café Glass tumbler 4pk v5;Master carton;PAP;SHP;ENG;5.933;653000,0;31.12.2025
CBH-0060;Café Glass tumbler 4pk v5;Carton;PAP;PRI;WAL;2.548;382000,0;31.12.2025
CBH-0060;Café Glass tumbler 4pk v5;Polystyrene insert;PLA;PRI;WAL;2.548;64000,0;31.12.2025
CBH-0060;Café Glass tumbler 4pk v5;Master carton;PAP;SHP;WAL;2.548;280000,0;31.12.2025
CBH-0061;Bistro Glass tumbler 4pk v5;Carton;PAP;PRI;ENG;1.613;242000,0;30.06.2025
CBH-0061;Bistro Glass tumbler 4pk v5;Polystyrene insert;PLA;PRI;ENG;1.613;40000,0;30.06.2025
CBH-0061;Bistro Glass tumbler 4pk v5;Master carton;PAP;SHP;ENG;1.613;177000,0;30.06.2025
CBH-0061;Bistro Glass tumbler 4pk v5;Carton;PAP;PRI;WAL;701;105000,0;30.06.2025
CBH-0061;Bistro Glass tumbler 4pk v5;Polystyrene insert;PLA;PRI;WAL;701;18000,0;30.06.2025
CBH-0061;Bistro Glass tumbler 4pk v5;Master carton;PAP;SHP;WAL;701;77000,0;30.06.2025
CBH-0061;Bistro Glass tumbler 4pk v5;Carton;PAP;PRI;ENG;1.905;286000,0;31.12.2025
CBH-0061;Bistro Glass tumbler 4pk v5;Polystyrene insert;PLA;PRI;ENG;1.905;48000,0;31.12.2025
CBH-0061;Bistro Glass tumbler 4pk v5;Master carton;PAP;SHP;ENG;1.905;210000,0;31.12.2025
CBH-0061;Bistro Glass tumbler 4pk v5;Carton;PAP;PRI;WAL;755;113000,0;31.12.2025
CBH-0061;Bistro Glass tumbler 4pk v5;Polystyrene insert;PLA;PRI;WAL;755;19000,0;31.12.2025
CBH-0061;Bistro Glass tumbler 4pk v5;Master carton;PAP;SHP;WAL;755;83000,0;31.12.2025
CBH-0062;Crystal Glass tumbler 4pk v5;Carton;PAP;PRI;ENG;2.966;445000,0;30.06.2025
CBH-0062;Crystal Glass tumbler 4pk v5;Polystyrene insert;PLA;PRI;ENG;2.966;74000,0;30.06.2025
CBH-0062;Crystal Glass tumbler 4pk v5;Master carton;PAP;SHP;ENG;2.966;326000,0;30.06.2025
CBH-0062;Crystal Glass tumbler 4pk v5;Carton;PAP;PRI;WAL;1.094;164000,0;30.06.2025
CBH-0062;Crystal Glass tumbler 4pk v5;Polystyrene insert;PLA;PRI;WAL;1.094;27000,0;30.06.2025
CBH-0062;Crystal Glass tumbler 4pk v5;Master carton;PAP;SHP;WAL;1.094;120000,0;30.06.2025
CBH-0062;Crystal Glass tumbler 4pk v5;Carton;PAP;PRI;ENG;2.702;405000,0;31.12.2025
CBH-0062;Crystal Glass tumbler 4pk v5;Polystyrene insert;PLA;PRI;ENG;2.702;68000,0;31.12.2025
CBH-0062;Crystal Glass tumbler 4pk v5;Master carton;PAP;SHP;ENG;2.702;297000,0;31.12.2025
CBH-0062;Crystal Glass tumbler 4pk v5;Carton;PAP;PRI;WAL;1.156;173000,0;31.12.2025
CBH-0062;Crystal Glass tumbler 4pk v5;Polystyrene insert;PLA;PRI;WAL;1.156;29000,0;31.12.2025
CBH-0062;Crystal Glass tumbler 4pk v5;Master carton;PAP;SHP;WAL;1.156;127000,0;31.12.2025
CBH-0063;Coastal Glass tumbler 4pk v5;Carton;PAP;PRI;ENG;2.184;328000,0;30.06.2025
CBH-0063;Coastal Glass tumbler 4pk v5;Polystyrene insert;PLA;PRI;ENG;2.184;55000,0;30.06.2025
CBH-0063;Coastal Glass tumbler 4pk v5;Master carton;PAP;SHP;ENG;2.184;240000,0;30.06.2025
CBH-0063;Coastal Glass tumbler 4pk v5;Carton;PAP;PRI;WAL;954;143000,0;30.06.2025
CBH-0063;Coastal Glass tumbler 4pk v5;Polystyrene insert;PLA;PRI;WAL;954;24000,0;30.06.2025
CBH-0063;Coastal Glass tumbler 4pk v5;Master carton;PAP;SHP;WAL;954;105000,0;30.06.2025
CBH-0063;Coastal Glass tumbler 4pk v5;Carton;PAP;PRI;ENG;2.424;364000,0;31.12.2025
CBH-0063;Coastal Glass tumbler 4pk v5;Polystyrene insert;PLA;PRI;ENG;2.424;61000,0;31.12.2025
CBH-0063;Coastal Glass tumbler 4pk v5;Master carton;PAP;SHP;ENG;2.424;267000,0;31.12.2025
CBH-0063;Coastal Glass tumbler 4pk v5;Carton;PAP;PRI;WAL;1.058;159000,0;31.12.2025
CBH-0063;Coastal Glass tumbler 4pk v5;Polystyrene insert;PLA;PRI;WAL;1.058;26000,0;31.12.2025
CBH-0063;Coastal Glass tumbler 4pk v5;Master carton;PAP;SHP;WAL;1.058;116000,0;31.12.2025
CBH-0064;Classic Glass tumbler 4pk v5;Carton;PAP;PRI;ENG;2.439;366000,0;30.06.2025
CBH-0064;Classic Glass tumbler 4pk v5;Polystyrene insert;PLA;PRI;ENG;2.439;61000,0;30.06.2025
CBH-0064;Classic Glass tumbler 4pk v5;Master carton;PAP;SHP;ENG;2.439;268000,0;30.06.2025
CBH-0064;Classic Glass tumbler 4pk v5;Carton;PAP;PRI;WAL;1.104;166000,0;30.06.2025
CBH-0064;Classic Glass tumbler 4pk v5;Polystyrene insert;PLA;PRI;WAL;1.104;28000,0;30.06.2025
CBH-0064;Classic Glass tumbler 4pk v5;Master carton;PAP;SHP;WAL;1.104;121000,0;30.06.2025
CBH-0064;Classic Glass tumbler 4pk v5;Carton;PAP;PRI;ENG;2.863;429000,0;31.12.2025
CBH-0064;Classic Glass tumbler 4pk v5;Polystyrene insert;PLA;PRI;ENG;2.863;72000,0;31.12.2025
CBH-0064;Classic Glass tumbler 4pk v5;Master carton;PAP;SHP;ENG;2.863;315000,0;31.12.2025
CBH-0064;Classic Glass tumbler 4pk v5;Carton;PAP;PRI;WAL;1.132;170000,0;31.12.2025
CBH-0064;Classic Glass tumbler 4pk v5;Polystyrene insert;PLA;PRI;WAL;1.132;28000,0;31.12.2025
CBH-0064;Classic Glass tumbler 4pk v5;Master carton;PAP;SHP;WAL;1.132;125000,0;31.12.2025
CBH-0065;Retro Glass tumbler 4pk v5;Carton;PAP;PRI;ENG;1.783;267000,0;30.06.2025
CBH-0065;Retro Glass tumbler 4pk v5;Polystyrene insert;PLA;PRI;ENG;1.783;45000,0;30.06.2025
CBH-0065;Retro Glass tumbler 4pk v5;Master carton;PAP;SHP;ENG;1.783;196000,0;30.06.2025
CBH-0065;Retro Glass tumbler 4pk v5;Carton;PAP;PRI;WAL;712;107000,0;30.06.2025
CBH-0065;Retro Glass tumbler 4pk v5;Polystyrene insert;PLA;PRI;WAL;712;18000,0;30.06.2025
CBH-0065;Retro Glass tumbler 4pk v5;Master carton;PAP;SHP;WAL;712;78000,0;30.06.2025
CBH-0065;Retro Glass tumbler 4pk v5;Carton;PAP;PRI;ENG;1.841;276000,0;31.12.2025
CBH-0065;Retro Glass tumbler 4pk v5;Polystyrene insert;PLA;PRI;ENG;1.841;46000,0;31.12.2025
CBH-0065;Retro Glass tumbler 4pk v5;Master carton;PAP;SHP;ENG;1.841;203000,0;31.12.2025
CBH-0065;Retro Glass tumbler 4pk v5;Carton;PAP;PRI;WAL;743;111000,0;31.12.2025
CBH-0065;Retro Glass tumbler 4pk v5;Polystyrene insert;PLA;PRI;WAL;743;19000,0;31.12.2025
CBH-0065;Retro Glass tumbler 4pk v5;Master carton;PAP;SHP;WAL;743;82000,0;31.12.2025
CBH-0066;Velvet Cushion;LDPE bag;PLA;PRI;ENG;2.199;40000,0;30.06.2025
CBH-0066;Velvet Cushion;Swing tag;PAP;PRI;ENG;2.199;7000,0;30.06.2025
CBH-0066;Velvet Cushion;Master carton;PAP;SHP;ENG;2.199;132000,0;30.06.2025
CBH-0066;Velvet Cushion;LDPE bag;PLA;PRI;WAL;852;15000,0;30.06.2025
CBH-0066;Velvet Cushion;Swing tag;PAP;PRI;WAL;852;3000,0;30.06.2025
CBH-0066;Velvet Cushion;Master carton;PAP;SHP;WAL;852;51000,0;30.06.2025
CBH-0066;Velvet Cushion;LDPE bag;PLA;PRI;ENG;2.360;42000,0;31.12.2025
CBH-0066;Velvet Cushion;Swing tag;PAP;PRI;ENG;2.360;7000,0;31.12.2025
CBH-0066;Velvet Cushion;Master carton;PAP;SHP;ENG;2.360;142000,0;31.12.2025
CBH-0066;Velvet Cushion;LDPE bag;PLA;PRI;WAL;941;17000,0;31.12.2025
CBH-0066;Velvet Cushion;Swing tag;PAP;PRI;WAL;941;3000,0;31.12.2025
CBH-0066;Velvet Cushion;Master carton;PAP;SHP;WAL;941;56000,0;31.12.2025
CBH-0067;Linen Cushion;LDPE bag;PLA;PRI;ENG;3.794;68000,0;30.06.2025
CBH-0067;Linen Cushion;Swing tag;PAP;PRI;ENG;3.794;11000,0;30.06.2025
CBH-0067;Linen Cushion;Master carton;PAP;SHP;ENG;3.794;228000,0;30.06.2025
CBH-0067;Linen Cushion;LDPE bag;PLA;PRI;WAL;1.639;30000,0;30.06.2025
CBH-0067;Linen Cushion;Swing tag;PAP;PRI;WAL;1.639;5000,0;30.06.2025
CBH-0067;Linen Cushion;Master carton;PAP;SHP;WAL;1.639;98000,0;30.06.2025
CBH-0067;Linen Cushion;LDPE bag;PLA;PRI;ENG;3.456;62000,0;31.12.2025
CBH-0067;Linen Cushion;Swing tag;PAP;PRI;ENG;3.456;10000,0;31.12.2025
CBH-0067;Linen Cushion;Master carton;PAP;SHP;ENG;3.456;207000,0;31.12.2025
CBH-0067;Linen Cushion;LDPE bag;PLA;PRI;WAL;1.570;28000,0;31.12.2025
CBH-0067;Linen Cushion;Swing tag;PAP;PRI;WAL;1.570;5000,0;31.12.2025
CBH-0067;Linen Cushion;Master carton;PAP;SHP;WAL;1.570;94000,0;31.12.2025
CBH-0068;Crème Cushion;LDPE bag;PLA;PRI;ENG;1.698;31000,0;30.06.2025
CBH-0068;Crème Cushion;Swing tag;PAP;PRI;ENG;1.698;5000,0;30.06.2025
CBH-0068;Crème Cushion;Master carton;PAP;SHP;ENG;1.698;102000,0;30.06.2025
CBH-0068;Crème Cushion;LDPE bag;PLA;PRI;WAL;732;13000,0;30.06.2025
CBH-0068;Crème Cushion;Swing tag;PAP;PRI;WAL;732;2000,0;30.06.2025
CBH-0068;Crème Cushion;Master carton;PAP;SHP;WAL;732;44000,0;30.06.2025
CBH-0068;Crème Cushion;LDPE bag;PLA;PRI;ENG;1.809;33000,0;31.12.2025
CBH-0068;Crème Cushion;Swing tag;PAP;PRI;ENG;1.809;5000,0;31.12.2025
CBH-0068;Crème Cushion;Master carton;PAP;SHP;ENG;1.809;109000,0;31.12.2025
CBH-0068;Crème Cushion;LDPE bag;PLA;PRI;WAL;733;13000,0;31.12.2025
CBH-0068;Crème Cushion;Swing tag;PAP;PRI;WAL;733;2000,0;31.12.2025
CBH-0068;Crème Cushion;Master carton;PAP;SHP;WAL;733;44000,0;31.12.2025
CBH-0069;Boucle Cushion;LDPE bag;PLA;PRI;ENG;2.534;46000,0;30.06.2025
CBH-0069;Boucle Cushion;Swing tag;PAP;PRI;ENG;2.534;8000,0;30.06.2025
CBH-0069;Boucle Cushion;Master carton;PAP;SHP;ENG;2.534;152000,0;30.06.2025
CBH-0069;Boucle Cushion;LDPE bag;PLA;PRI;WAL;1.188;21000,0;30.06.2025
CBH-0069;Boucle Cushion;Swing tag;PAP;PRI;WAL;1.188;4000,0;30.06.2025
CBH-0069;Boucle Cushion;Master carton;PAP;SHP;WAL;1.188;71000,0;30.06.2025
CBH-0069;Boucle Cushion;LDPE bag;PLA;PRI;ENG;2.848;51000,0;31.12.2025
CBH-0069;Boucle Cushion;Swing tag;PAP;PRI;ENG;2.848;9000,0;31.12.2025
CBH-0069;Boucle Cushion;Master carton;PAP;SHP;ENG;2.848;171000,0;31.12.2025
CBH-0069;Boucle Cushion;LDPE bag;PLA;PRI;WAL;1.258;23000,0;31.12.2025
CBH-0069;Boucle Cushion;Swing tag;PAP;PRI;WAL;1.258;4000,0;31.12.2025
CBH-0069;Boucle Cushion;Master carton;PAP;SHP;WAL;1.258;75000,0;31.12.2025
CBH-0070;Cotton Cushion;LDPE bag;PLA;PRI;ENG;1.631;29000,0;30.06.2025
CBH-0070;Cotton Cushion;Swing tag;PAP;PRI;ENG;1.631;5000,0;30.06.2025
CBH-0070;Cotton Cushion;Master carton;PAP;SHP;ENG;1.631;98000,0;30.06.2025
CBH-0070;Cotton Cushion;LDPE bag;PLA;PRI;WAL;655;12000,0;30.06.2025
CBH-0070;Cotton Cushion;Swing tag;PAP;PRI;WAL;655;2000,0;30.06.2025
CBH-0070;Cotton Cushion;Master carton;PAP;SHP;WAL;655;39000,0;30.06.2025
CBH-0070;Cotton Cushion;LDPE bag;PLA;PRI;ENG;1.848;33000,0;31.12.2025
CBH-0070;Cotton Cushion;Swing tag;PAP;PRI;ENG;1.848;6000,0;31.12.2025
CBH-0070;Cotton Cushion;Master carton;PAP;SHP;ENG;1.848;111000,0;31.12.2025
CBH-0070;Cotton Cushion;LDPE bag;PLA;PRI;WAL;795;14000,0;31.12.2025
CBH-0070;Cotton Cushion;Swing tag;PAP;PRI;WAL;795;2000,0;31.12.2025
CBH-0070;Cotton Cushion;Master carton;PAP;SHP;WAL;795;48000,0;31.12.2025
CBH-0071;Knit Cushion;LDPE bag;PLA;PRI;ENG;8.973;162000,0;30.06.2025
CBH-0071;Knit Cushion;Swing tag;PAP;PRI;ENG;8.973;27000,0;30.06.2025
CBH-0071;Knit Cushion;Master carton;PAP;SHP;ENG;8.973;538000,0;30.06.2025
CBH-0071;Knit Cushion;LDPE bag;PLA;PRI;WAL;3.507;63000,0;30.06.2025
CBH-0071;Knit Cushion;Swing tag;PAP;PRI;WAL;3.507;11000,0;30.06.2025
CBH-0071;Knit Cushion;Master carton;PAP;SHP;WAL;3.507;210000,0;30.06.2025
CBH-0071;Knit Cushion;LDPE bag;PLA;PRI;ENG;8.982;162000,0;31.12.2025
CBH-0071;Knit Cushion;Swing tag;PAP;PRI;ENG;8.982;27000,0;31.12.2025
CBH-0071;Knit Cushion;Master carton;PAP;SHP;ENG;8.982;539000,0;31.12.2025
CBH-0071;Knit Cushion;LDPE bag;PLA;PRI;WAL;3.559;64000,0;31.12.2025
CBH-0071;Knit Cushion;Swing tag;PAP;PRI;WAL;3.559;11000,0;31.12.2025
CBH-0071;Knit Cushion;Master carton;PAP;SHP;WAL;3.559;214000,0;31.12.2025
CBH-0072;Tweed Cushion;LDPE bag;PLA;PRI;ENG;6.093;110000,0;30.06.2025
CBH-0072;Tweed Cushion;Swing tag;PAP;PRI;ENG;6.093;18000,0;30.06.2025
CBH-0072;Tweed Cushion;Master carton;PAP;SHP;ENG;6.093;366000,0;30.06.2025
CBH-0072;Tweed Cushion;LDPE bag;PLA;PRI;WAL;2.643;48000,0;30.06.2025
CBH-0072;Tweed Cushion;Swing tag;PAP;PRI;WAL;2.643;8000,0;30.06.2025
CBH-0072;Tweed Cushion;Master carton;PAP;SHP;WAL;2.643;159000,0;30.06.2025
CBH-0072;Tweed Cushion;LDPE bag;PLA;PRI;ENG;5.912;106000,0;31.12.2025
CBH-0072;Tweed Cushion;Swing tag;PAP;PRI;ENG;5.912;18000,0;31.12.2025
CBH-0072;Tweed Cushion;Master carton;PAP;SHP;ENG;5.912;355000,0;31.12.2025
CBH-0072;Tweed Cushion;LDPE bag;PLA;PRI;WAL;2.564;46000,0;31.12.2025
CBH-0072;Tweed Cushion;Swing tag;PAP;PRI;WAL;2.564;8000,0;31.12.2025
CBH-0072;Tweed Cushion;Master carton;PAP;SHP;WAL;2.564;154000,0;31.12.2025
CBH-0073;Velvet Cushion v2;LDPE bag;PLA;PRI;ENG;4.659;84000,0;30.06.2025
CBH-0073;Velvet Cushion v2;Swing tag;PAP;PRI;ENG;4.659;14000,0;30.06.2025
CBH-0073;Velvet Cushion v2;Master carton;PAP;SHP;ENG;4.659;280000,0;30.06.2025
CBH-0073;Velvet Cushion v2;LDPE bag;PLA;PRI;WAL;2.179;39000,0;30.06.2025
CBH-0073;Velvet Cushion v2;Swing tag;PAP;PRI;WAL;2.179;7000,0;30.06.2025
CBH-0073;Velvet Cushion v2;Master carton;PAP;SHP;WAL;2.179;131000,0;30.06.2025
CBH-0073;Velvet Cushion v2;LDPE bag;PLA;PRI;ENG;5.294;95000,0;31.12.2025
CBH-0073;Velvet Cushion v2;Swing tag;PAP;PRI;ENG;5.294;16000,0;31.12.2025
CBH-0073;Velvet Cushion v2;Master carton;PAP;SHP;ENG;5.294;318000,0;31.12.2025
CBH-0073;Velvet Cushion v2;LDPE bag;PLA;PRI;WAL;2.294;41000,0;31.12.2025
CBH-0073;Velvet Cushion v2;Swing tag;PAP;PRI;WAL;2.294;7000,0;31.12.2025
CBH-0073;Velvet Cushion v2;Master carton;PAP;SHP;WAL;2.294;138000,0;31.12.2025
CBH-0074;Linen Cushion v2;LDPE bag;PLA;PRI;ENG;903;16000,0;30.06.2025
CBH-0074;Linen Cushion v2;Swing tag;PAP;PRI;ENG;903;3000,0;30.06.2025
CBH-0074;Linen Cushion v2;Master carton;PAP;SHP;ENG;903;54000,0;30.06.2025
CBH-0074;Linen Cushion v2;LDPE bag;PLA;PRI;WAL;381;7000,0;30.06.2025
CBH-0074;Linen Cushion v2;Swing tag;PAP;PRI;WAL;381;1000,0;30.06.2025
CBH-0074;Linen Cushion v2;Master carton;PAP;SHP;WAL;381;23000,0;30.06.2025
CBH-0074;Linen Cushion v2;LDPE bag;PLA;PRI;ENG;987;18000,0;31.12.2025
CBH-0074;Linen Cushion v2;Swing tag;PAP;PRI;ENG;987;3000,0;31.12.2025
CBH-0074;Linen Cushion v2;Master carton;PAP;SHP;ENG;987;59000,0;31.12.2025
CBH-0074;Linen Cushion v2;LDPE bag;PLA;PRI;WAL;368;7000,0;31.12.2025
CBH-0074;Linen Cushion v2;Swing tag;PAP;PRI;WAL;368;1000,0;31.12.2025
CBH-0074;Linen Cushion v2;Master carton;PAP;SHP;WAL;368;22000,0;31.12.2025
CBH-0075;Crème Cushion v2;LDPE bag;PLA;PRI;ENG;1.291;23000,0;30.06.2025
CBH-0075;Crème Cushion v2;Swing tag;PAP;PRI;ENG;1.291;4000,0;30.06.2025
CBH-0075;Crème Cushion v2;Master carton;PAP;SHP;ENG;1.291;77000,0;30.06.2025
CBH-0075;Crème Cushion v2;LDPE bag;PLA;PRI;WAL;504;9000,0;30.06.2025
CBH-0075;Crème Cushion v2;Swing tag;PAP;PRI;WAL;504;2000,0;30.06.2025
CBH-0075;Crème Cushion v2;Master carton;PAP;SHP;WAL;504;30000,0;30.06.2025
CBH-0075;Crème Cushion v2;LDPE bag;PLA;PRI;ENG;1.225;22000,0;31.12.2025
CBH-0075;Crème Cushion v2;Swing tag;PAP;PRI;ENG;1.225;4000,0;31.12.2025
CBH-0075;Crème Cushion v2;Master carton;PAP;SHP;ENG;1.225;74000,0;31.12.2025
CBH-0075;Crème Cushion v2;LDPE bag;PLA;PRI;WAL;518;9000,0;31.12.2025
CBH-0075;Crème Cushion v2;Swing tag;PAP;PRI;WAL;518;2000,0;31.12.2025
CBH-0075;Crème Cushion v2;Master carton;PAP;SHP;WAL;518;31000,0;31.12.2025
CBH-0076;Boucle Cushion v2;LDPE bag;PLA;PRI;ENG;3.115;56000,0;30.06.2025
CBH-0076;Boucle Cushion v2;Swing tag;PAP;PRI;ENG;3.115;9000,0;30.06.2025
CBH-0076;Boucle Cushion v2;Master carton;PAP;SHP;ENG;3.115;187000,0;30.06.2025
CBH-0076;Boucle Cushion v2;LDPE bag;PLA;PRI;WAL;1.412;25000,0;30.06.2025
CBH-0076;Boucle Cushion v2;Swing tag;PAP;PRI;WAL;1.412;4000,0;30.06.2025
CBH-0076;Boucle Cushion v2;Master carton;PAP;SHP;WAL;1.412;85000,0;30.06.2025
CBH-0076;Boucle Cushion v2;LDPE bag;PLA;PRI;ENG;3.305;59000,0;31.12.2025
CBH-0076;Boucle Cushion v2;Swing tag;PAP;PRI;ENG;3.305;10000,0;31.12.2025
CBH-0076;Boucle Cushion v2;Master carton;PAP;SHP;ENG;3.305;198000,0;31.12.2025
CBH-0076;Boucle Cushion v2;LDPE bag;PLA;PRI;WAL;1.423;26000,0;31.12.2025
CBH-0076;Boucle Cushion v2;Swing tag;PAP;PRI;WAL;1.423;4000,0;31.12.2025
CBH-0076;Boucle Cushion v2;Master carton;PAP;SHP;WAL;1.423;85000,0;31.12.2025
CBH-0077;Cotton Cushion v2;LDPE bag;PLA;PRI;ENG;1.917;35000,0;30.06.2025
CBH-0077;Cotton Cushion v2;Swing tag;PAP;PRI;ENG;1.917;6000,0;30.06.2025
CBH-0077;Cotton Cushion v2;Master carton;PAP;SHP;ENG;1.917;115000,0;30.06.2025
CBH-0077;Cotton Cushion v2;LDPE bag;PLA;PRI;WAL;806;15000,0;30.06.2025
CBH-0077;Cotton Cushion v2;Swing tag;PAP;PRI;WAL;806;2000,0;30.06.2025
CBH-0077;Cotton Cushion v2;Master carton;PAP;SHP;WAL;806;48000,0;30.06.2025
CBH-0077;Cotton Cushion v2;LDPE bag;PLA;PRI;ENG;2.216;40000,0;31.12.2025
CBH-0077;Cotton Cushion v2;Swing tag;PAP;PRI;ENG;2.216;7000,0;31.12.2025
CBH-0077;Cotton Cushion v2;Master carton;PAP;SHP;ENG;2.216;133000,0;31.12.2025
CBH-0077;Cotton Cushion v2;LDPE bag;PLA;PRI;WAL;999;18000,0;31.12.2025
CBH-0077;Cotton Cushion v2;Swing tag;PAP;PRI;WAL;999;3000,0;31.12.2025
CBH-0077;Cotton Cushion v2;Master carton;PAP;SHP;WAL;999;60000,0;31.12.2025
CBH-0078;Knit Cushion v2;LDPE bag;PLA;PRI;ENG;5.269;95000,0;30.06.2025
CBH-0078;Knit Cushion v2;Swing tag;PAP;PRI;ENG;5.269;16000,0;30.06.2025
CBH-0078;Knit Cushion v2;Master carton;PAP;SHP;ENG;5.269;316000,0;30.06.2025
CBH-0078;Knit Cushion v2;LDPE bag;PLA;PRI;WAL;2.257;41000,0;30.06.2025
CBH-0078;Knit Cushion v2;Swing tag;PAP;PRI;WAL;2.257;7000,0;30.06.2025
CBH-0078;Knit Cushion v2;Master carton;PAP;SHP;WAL;2.257;135000,0;30.06.2025
CBH-0078;Knit Cushion v2;LDPE bag;PLA;PRI;ENG;5.762;104000,0;31.12.2025
CBH-0078;Knit Cushion v2;Swing tag;PAP;PRI;ENG;5.762;17000,0;31.12.2025
CBH-0078;Knit Cushion v2;Master carton;PAP;SHP;ENG;5.762;346000,0;31.12.2025
CBH-0078;Knit Cushion v2;LDPE bag;PLA;PRI;WAL;2.343;42000,0;31.12.2025
CBH-0078;Knit Cushion v2;Swing tag;PAP;PRI;WAL;2.343;7000,0;31.12.2025
CBH-0078;Knit Cushion v2;Master carton;PAP;SHP;WAL;2.343;141000,0;31.12.2025
CBH-0079;Tweed Cushion v2;LDPE bag;PLA;PRI;ENG;2.303;41000,0;30.06.2025
CBH-0079;Tweed Cushion v2;Swing tag;PAP;PRI;ENG;2.303;7000,0;30.06.2025
CBH-0079;Tweed Cushion v2;Master carton;PAP;SHP;ENG;2.303;138000,0;30.06.2025
CBH-0079;Tweed Cushion v2;LDPE bag;PLA;PRI;WAL;875;16000,0;30.06.2025
CBH-0079;Tweed Cushion v2;Swing tag;PAP;PRI;WAL;875;3000,0;30.06.2025
CBH-0079;Tweed Cushion v2;Master carton;PAP;SHP;WAL;875;52000,0;30.06.2025
CBH-0079;Tweed Cushion v2;LDPE bag;PLA;PRI;ENG;2.369;43000,0;31.12.2025
CBH-0079;Tweed Cushion v2;Swing tag;PAP;PRI;ENG;2.369;7000,0;31.12.2025
CBH-0079;Tweed Cushion v2;Master carton;PAP;SHP;ENG;2.369;142000,0;31.12.2025
CBH-0079;Tweed Cushion v2;LDPE bag;PLA;PRI;WAL;971;17000,0;31.12.2025
CBH-0079;Tweed Cushion v2;Swing tag;PAP;PRI;WAL;971;3000,0;31.12.2025
CBH-0079;Tweed Cushion v2;Master carton;PAP;SHP;WAL;971;58000,0;31.12.2025
CBH-0080;Velvet Cushion v3;LDPE bag;PLA;PRI;ENG;12.435;224000,0;30.06.2025
CBH-0080;Velvet Cushion v3;Swing tag;PAP;PRI;ENG;12.435;37000,0;30.06.2025
CBH-0080;Velvet Cushion v3;Master carton;PAP;SHP;ENG;12.435;746000,0;30.06.2025
CBH-0080;Velvet Cushion v3;LDPE bag;PLA;PRI;WAL;6.173;111000,0;30.06.2025
CBH-0080;Velvet Cushion v3;Swing tag;PAP;PRI;WAL;6.173;19000,0;30.06.2025
CBH-0080;Velvet Cushion v3;Master carton;PAP;SHP;WAL;6.173;370000,0;30.06.2025
CBH-0080;Velvet Cushion v3;LDPE bag;PLA;PRI;ENG;12.544;226000,0;31.12.2025
CBH-0080;Velvet Cushion v3;Swing tag;PAP;PRI;ENG;12.544;38000,0;31.12.2025
CBH-0080;Velvet Cushion v3;Master carton;PAP;SHP;ENG;12.544;753000,0;31.12.2025
CBH-0080;Velvet Cushion v3;LDPE bag;PLA;PRI;WAL;5.887;106000,0;31.12.2025
CBH-0080;Velvet Cushion v3;Swing tag;PAP;PRI;WAL;5.887;18000,0;31.12.2025
CBH-0080;Velvet Cushion v3;Master carton;PAP;SHP;WAL;5.887;353000,0;31.12.2025
CBH-0081;Linen Cushion v3;LDPE bag;PLA;PRI;ENG;6.480;117000,0;30.06.2025
CBH-0081;Linen Cushion v3;Swing tag;PAP;PRI;ENG;6.480;19000,0;30.06.2025
CBH-0081;Linen Cushion v3;Master carton;PAP;SHP;ENG;6.480;389000,0;30.06.2025
CBH-0081;Linen Cushion v3;LDPE bag;PLA;PRI;WAL;2.574;46000,0;30.06.2025
CBH-0081;Linen Cushion v3;Swing tag;PAP;PRI;WAL;2.574;8000,0;30.06.2025
CBH-0081;Linen Cushion v3;Master carton;PAP;SHP;WAL;2.574;154000,0;30.06.2025
CBH-0081;Linen Cushion v3;LDPE bag;PLA;PRI;ENG;5.783;104000,0;31.12.2025
CBH-0081;Linen Cushion v3;Swing tag;PAP;PRI;ENG;5.783;17000,0;31.12.2025
CBH-0081;Linen Cushion v3;Master carton;PAP;SHP;ENG;5.783;347000,0;31.12.2025
CBH-0081;Linen Cushion v3;LDPE bag;PLA;PRI;WAL;2.436;44000,0;31.12.2025
CBH-0081;Linen Cushion v3;Swing tag;PAP;PRI;WAL;2.436;7000,0;31.12.2025
CBH-0081;Linen Cushion v3;Master carton;PAP;SHP;WAL;2.436;146000,0;31.12.2025
CBH-0082;Crème Cushion v3;LDPE bag;PLA;PRI;ENG;5.818;105000,0;30.06.2025
CBH-0082;Crème Cushion v3;Swing tag;PAP;PRI;ENG;5.818;17000,0;30.06.2025
CBH-0082;Crème Cushion v3;Master carton;PAP;SHP;ENG;5.818;349000,0;30.06.2025
CBH-0082;Crème Cushion v3;LDPE bag;PLA;PRI;WAL;2.764;50000,0;30.06.2025
CBH-0082;Crème Cushion v3;Swing tag;PAP;PRI;WAL;2.764;8000,0;30.06.2025
CBH-0082;Crème Cushion v3;Master carton;PAP;SHP;WAL;2.764;166000,0;30.06.2025
CBH-0082;Crème Cushion v3;LDPE bag;PLA;PRI;ENG;7.250;130000,0;31.12.2025
CBH-0082;Crème Cushion v3;Swing tag;PAP;PRI;ENG;7.250;22000,0;31.12.2025
CBH-0082;Crème Cushion v3;Master carton;PAP;SHP;ENG;7.250;435000,0;31.12.2025
CBH-0082;Crème Cushion v3;LDPE bag;PLA;PRI;WAL;3.044;55000,0;31.12.2025
CBH-0082;Crème Cushion v3;Swing tag;PAP;PRI;WAL;3.044;9000,0;31.12.2025
CBH-0082;Crème Cushion v3;Master carton;PAP;SHP;WAL;3.044;183000,0;31.12.2025
CBH-0083;Boucle Cushion v3;LDPE bag;PLA;PRI;ENG;2.323;42000,0;30.06.2025
CBH-0083;Boucle Cushion v3;Swing tag;PAP;PRI;ENG;2.323;7000,0;30.06.2025
CBH-0083;Boucle Cushion v3;Master carton;PAP;SHP;ENG;2.323;139000,0;30.06.2025
CBH-0083;Boucle Cushion v3;LDPE bag;PLA;PRI;WAL;1.042;19000,0;30.06.2025
CBH-0083;Boucle Cushion v3;Swing tag;PAP;PRI;WAL;1.042;3000,0;30.06.2025
CBH-0083;Boucle Cushion v3;Master carton;PAP;SHP;WAL;1.042;63000,0;30.06.2025
CBH-0083;Boucle Cushion v3;LDPE bag;PLA;PRI;ENG;2.453;44000,0;31.12.2025
CBH-0083;Boucle Cushion v3;Swing tag;PAP;PRI;ENG;2.453;7000,0;31.12.2025
CBH-0083;Boucle Cushion v3;Master carton;PAP;SHP;ENG;2.453;147000,0;31.12.2025
CBH-0083;Boucle Cushion v3;LDPE bag;PLA;PRI;WAL;1.079;19000,0;31.12.2025
CBH-0083;Boucle Cushion v3;Swing tag;PAP;PRI;WAL;1.079;3000,0;31.12.2025
CBH-0083;Boucle Cushion v3;Master carton;PAP;SHP;WAL;1.079;65000,0;31.12.2025
CBH-0084;Cotton Cushion v3;LDPE bag;PLA;PRI;ENG;3.166;57000,0;30.06.2025
CBH-0084;Cotton Cushion v3;Swing tag;PAP;PRI;ENG;3.166;9000,0;30.06.2025
CBH-0084;Cotton Cushion v3;Master carton;PAP;SHP;ENG;3.166;190000,0;30.06.2025
CBH-0084;Cotton Cushion v3;LDPE bag;PLA;PRI;WAL;1.562;28000,0;30.06.2025
CBH-0084;Cotton Cushion v3;Swing tag;PAP;PRI;WAL;1.562;5000,0;30.06.2025
CBH-0084;Cotton Cushion v3;Master carton;PAP;SHP;WAL;1.562;94000,0;30.06.2025
CBH-0084;Cotton Cushion v3;LDPE bag;PLA;PRI;ENG;3.616;65000,0;31.12.2025
CBH-0084;Cotton Cushion v3;Swing tag;PAP;PRI;ENG;3.616;11000,0;31.12.2025
CBH-0084;Cotton Cushion v3;Master carton;PAP;SHP;ENG;3.616;217000,0;31.12.2025
CBH-0084;Cotton Cushion v3;LDPE bag;PLA;PRI;WAL;1.497;27000,0;31.12.2025
CBH-0084;Cotton Cushion v3;Swing tag;PAP;PRI;WAL;1.497;4000,0;31.12.2025
CBH-0084;Cotton Cushion v3;Master carton;PAP;SHP;WAL;1.497;90000,0;31.12.2025
CBH-0085;Knit Cushion v3;LDPE bag;PLA;PRI;ENG;2.768;50000,0;30.06.2025
CBH-0085;Knit Cushion v3;Swing tag;PAP;PRI;ENG;2.768;8000,0;30.06.2025
CBH-0085;Knit Cushion v3;Master carton;PAP;SHP;ENG;2.768;166000,0;30.06.2025
CBH-0085;Knit Cushion v3;LDPE bag;PLA;PRI;WAL;1.175;21000,0;30.06.2025
CBH-0085;Knit Cushion v3;Swing tag;PAP;PRI;WAL;1.175;4000,0;30.06.2025
CBH-0085;Knit Cushion v3;Master carton;PAP;SHP;WAL;1.175;70000,0;30.06.2025
CBH-0085;Knit Cushion v3;LDPE bag;PLA;PRI;ENG;3.348;60000,0;31.12.2025
CBH-0085;Knit Cushion v3;Swing tag;PAP;PRI;ENG;3.348;10000,0;31.12.2025
CBH-0085;Knit Cushion v3;Master carton;PAP;SHP;ENG;3.348;201000,0;31.12.2025
CBH-0085;Knit Cushion v3;LDPE bag;PLA;PRI;WAL;1.352;24000,0;31.12.2025
CBH-0085;Knit Cushion v3;Swing tag;PAP;PRI;WAL;1.352;4000,0;31.12.2025
CBH-0085;Knit Cushion v3;Master carton;PAP;SHP;WAL;1.352;81000,0;31.12.2025
CBH-0086;Tweed Cushion v3;LDPE bag;PLA;PRI;ENG;968;17000,0;30.06.2025
CBH-0086;Tweed Cushion v3;Swing tag;PAP;PRI;ENG;968;3000,0;30.06.2025
CBH-0086;Tweed Cushion v3;Master carton;PAP;SHP;ENG;968;58000,0;30.06.2025
CBH-0086;Tweed Cushion v3;LDPE bag;PLA;PRI;WAL;423;8000,0;30.06.2025
CBH-0086;Tweed Cushion v3;Swing tag;PAP;PRI;WAL;423;1000,0;30.06.2025
CBH-0086;Tweed Cushion v3;Master carton;PAP;SHP;WAL;423;25000,0;30.06.2025
CBH-0086;Tweed Cushion v3;LDPE bag;PLA;PRI;ENG;958;17000,0;31.12.2025
CBH-0086;Tweed Cushion v3;Swing tag;PAP;PRI;ENG;958;3000,0;31.12.2025
CBH-0086;Tweed Cushion v3;Master carton;PAP;SHP;ENG;958;57000,0;31.12.2025
CBH-0086;Tweed Cushion v3;LDPE bag;PLA;PRI;WAL;428;8000,0;31.12.2025
CBH-0086;Tweed Cushion v3;Swing tag;PAP;PRI;WAL;428;1000,0;31.12.2025
CBH-0086;Tweed Cushion v3;Master carton;PAP;SHP;WAL;428;26000,0;31.12.2025
CBH-0087;Velvet Cushion v4;LDPE bag;PLA;PRI;ENG;5.172;93000,0;30.06.2025
CBH-0087;Velvet Cushion v4;Swing tag;PAP;PRI;ENG;5.172;16000,0;30.06.2025
CBH-0087;Velvet Cushion v4;Master carton;PAP;SHP;ENG;5.172;310000,0;30.06.2025
CBH-0087;Velvet Cushion v4;LDPE bag;PLA;PRI;WAL;2.326;42000,0;30.06.2025
CBH-0087;Velvet Cushion v4;Swing tag;PAP;PRI;WAL;2.326;7000,0;30.06.2025
CBH-0087;Velvet Cushion v4;Master carton;PAP;SHP;WAL;2.326;140000,0;30.06.2025
CBH-0087;Velvet Cushion v4;LDPE bag;PLA;PRI;ENG;5.320;96000,0;31.12.2025
CBH-0087;Velvet Cushion v4;Swing tag;PAP;PRI;ENG;5.320;16000,0;31.12.2025
CBH-0087;Velvet Cushion v4;Master carton;PAP;SHP;ENG;5.320;319000,0;31.12.2025
CBH-0087;Velvet Cushion v4;LDPE bag;PLA;PRI;WAL;2.472;44000,0;31.12.2025
CBH-0087;Velvet Cushion v4;Swing tag;PAP;PRI;WAL;2.472;7000,0;31.12.2025
CBH-0087;Velvet Cushion v4;Master carton;PAP;SHP;WAL;2.472;148000,0;31.12.2025
CBH-0088;Linen Cushion v4;LDPE bag;PLA;PRI;ENG;2.718;49000,0;30.06.2025
CBH-0088;Linen Cushion v4;Swing tag;PAP;PRI;ENG;2.718;8000,0;30.06.2025
CBH-0088;Linen Cushion v4;Master carton;PAP;SHP;ENG;2.718;163000,0;30.06.2025
CBH-0088;Linen Cushion v4;LDPE bag;PLA;PRI;WAL;1.294;23000,0;30.06.2025
CBH-0088;Linen Cushion v4;Swing tag;PAP;PRI;WAL;1.294;4000,0;30.06.2025
CBH-0088;Linen Cushion v4;Master carton;PAP;SHP;WAL;1.294;78000,0;30.06.2025
CBH-0088;Linen Cushion v4;LDPE bag;PLA;PRI;ENG;2.753;50000,0;31.12.2025
CBH-0088;Linen Cushion v4;Swing tag;PAP;PRI;ENG;2.753;8000,0;31.12.2025
CBH-0088;Linen Cushion v4;Master carton;PAP;SHP;ENG;2.753;165000,0;31.12.2025
CBH-0088;Linen Cushion v4;LDPE bag;PLA;PRI;WAL;1.237;22000,0;31.12.2025
CBH-0088;Linen Cushion v4;Swing tag;PAP;PRI;WAL;1.237;4000,0;31.12.2025
CBH-0088;Linen Cushion v4;Master carton;PAP;SHP;WAL;1.237;74000,0;31.12.2025
CBH-0089;Crème Cushion v4;LDPE bag;PLA;PRI;ENG;7.401;133000,0;30.06.2025
CBH-0089;Crème Cushion v4;Swing tag;PAP;PRI;ENG;7.401;22000,0;30.06.2025
CBH-0089;Crème Cushion v4;Master carton;PAP;SHP;ENG;7.401;444000,0;30.06.2025
CBH-0089;Crème Cushion v4;LDPE bag;PLA;PRI;WAL;3.323;60000,0;30.06.2025
CBH-0089;Crème Cushion v4;Swing tag;PAP;PRI;WAL;3.323;10000,0;30.06.2025
CBH-0089;Crème Cushion v4;Master carton;PAP;SHP;WAL;3.323;199000,0;30.06.2025
CBH-0089;Crème Cushion v4;LDPE bag;PLA;PRI;ENG;8.093;146000,0;31.12.2025
CBH-0089;Crème Cushion v4;Swing tag;PAP;PRI;ENG;8.093;24000,0;31.12.2025
CBH-0089;Crème Cushion v4;Master carton;PAP;SHP;ENG;8.093;486000,0;31.12.2025
CBH-0089;Crème Cushion v4;LDPE bag;PLA;PRI;WAL;3.517;63000,0;31.12.2025
CBH-0089;Crème Cushion v4;Swing tag;PAP;PRI;WAL;3.517;11000,0;31.12.2025
CBH-0089;Crème Cushion v4;Master carton;PAP;SHP;WAL;3.517;211000,0;31.12.2025
CBH-0090;Boucle Cushion v4;LDPE bag;PLA;PRI;ENG;1.277;23000,0;30.06.2025
CBH-0090;Boucle Cushion v4;Swing tag;PAP;PRI;ENG;1.277;4000,0;30.06.2025
CBH-0090;Boucle Cushion v4;Master carton;PAP;SHP;ENG;1.277;77000,0;30.06.2025
CBH-0090;Boucle Cushion v4;LDPE bag;PLA;PRI;WAL;460;8000,0;30.06.2025
CBH-0090;Boucle Cushion v4;Swing tag;PAP;PRI;WAL;460;1000,0;30.06.2025
CBH-0090;Boucle Cushion v4;Master carton;PAP;SHP;WAL;460;28000,0;30.06.2025
CBH-0090;Boucle Cushion v4;LDPE bag;PLA;PRI;ENG;1.117;20000,0;31.12.2025
CBH-0090;Boucle Cushion v4;Swing tag;PAP;PRI;ENG;1.117;3000,0;31.12.2025
CBH-0090;Boucle Cushion v4;Master carton;PAP;SHP;ENG;1.117;67000,0;31.12.2025
CBH-0090;Boucle Cushion v4;LDPE bag;PLA;PRI;WAL;484;9000,0;31.12.2025
CBH-0090;Boucle Cushion v4;Swing tag;PAP;PRI;WAL;484;1000,0;31.12.2025
CBH-0090;Boucle Cushion v4;Master carton;PAP;SHP;WAL;484;29000,0;31.12.2025
CBH-0091;Cotton Cushion v4;LDPE bag;PLA;PRI;ENG;2.421;44000,0;30.06.2025
CBH-0091;Cotton Cushion v4;Swing tag;PAP;PRI;ENG;2.421;7000,0;30.06.2025
CBH-0091;Cotton Cushion v4;Master carton;PAP;SHP;ENG;2.421;145000,0;30.06.2025
CBH-0091;Cotton Cushion v4;LDPE bag;PLA;PRI;WAL;1.008;18000,0;30.06.2025
CBH-0091;Cotton Cushion v4;Swing tag;PAP;PRI;WAL;1.008;3000,0;30.06.2025
CBH-0091;Cotton Cushion v4;Master carton;PAP;SHP;WAL;1.008;60000,0;30.06.2025
CBH-0091;Cotton Cushion v4;LDPE bag;PLA;PRI;ENG;2.666;48000,0;31.12.2025
CBH-0091;Cotton Cushion v4;Swing tag;PAP;PRI;ENG;2.666;8000,0;31.12.2025
CBH-0091;Cotton Cushion v4;Master carton;PAP;SHP;ENG;2.666;160000,0;31.12.2025
CBH-0091;Cotton Cushion v4;LDPE bag;PLA;PRI;WAL;1.051;19000,0;31.12.2025
CBH-0091;Cotton Cushion v4;Swing tag;PAP;PRI;WAL;1.051;3000,0;31.12.2025
CBH-0091;Cotton Cushion v4;Master carton;PAP;SHP;WAL;1.051;63000,0;31.12.2025
CBH-0092;Knit Cushion v4;LDPE bag;PLA;PRI;ENG;6.764;122000,0;30.06.2025
CBH-0092;Knit Cushion v4;Swing tag;PAP;PRI;ENG;6.764;20000,0;30.06.2025
CBH-0092;Knit Cushion v4;Master carton;PAP;SHP;ENG;6.764;406000,0;30.06.2025
CBH-0092;Knit Cushion v4;LDPE bag;PLA;PRI;WAL;3.065;55000,0;30.06.2025
CBH-0092;Knit Cushion v4;Swing tag;PAP;PRI;WAL;3.065;9000,0;30.06.2025
CBH-0092;Knit Cushion v4;Master carton;PAP;SHP;WAL;3.065;184000,0;30.06.2025
CBH-0092;Knit Cushion v4;LDPE bag;PLA;PRI;ENG;7.021;126000,0;31.12.2025
CBH-0092;Knit Cushion v4;Swing tag;PAP;PRI;ENG;7.021;21000,0;31.12.2025
CBH-0092;Knit Cushion v4;Master carton;PAP;SHP;ENG;7.021;421000,0;31.12.2025
CBH-0092;Knit Cushion v4;LDPE bag;PLA;PRI;WAL;2.961;53000,0;31.12.2025
CBH-0092;Knit Cushion v4;Swing tag;PAP;PRI;WAL;2.961;9000,0;31.12.2025
CBH-0092;Knit Cushion v4;Master carton;PAP;SHP;WAL;2.961;178000,0;31.12.2025
CBH-0093;Tweed Cushion v4;LDPE bag;PLA;PRI;ENG;9.108;164000,0;30.06.2025
CBH-0093;Tweed Cushion v4;Swing tag;PAP;PRI;ENG;9.108;27000,0;30.06.2025
CBH-0093;Tweed Cushion v4;Master carton;PAP;SHP;ENG;9.108;546000,0;30.06.2025
CBH-0093;Tweed Cushion v4;LDPE bag;PLA;PRI;WAL;4.147;75000,0;30.06.2025
CBH-0093;Tweed Cushion v4;Swing tag;PAP;PRI;WAL;4.147;12000,0;30.06.2025
CBH-0093;Tweed Cushion v4;Master carton;PAP;SHP;WAL;4.147;249000,0;30.06.2025
CBH-0093;Tweed Cushion v4;LDPE bag;PLA;PRI;ENG;11.894;214000,0;31.12.2025
CBH-0093;Tweed Cushion v4;Swing tag;PAP;PRI;ENG;11.894;36000,0;31.12.2025
CBH-0093;Tweed Cushion v4;Master carton;PAP;SHP;ENG;11.894;714000,0;31.12.2025
CBH-0093;Tweed Cushion v4;LDPE bag;PLA;PRI;WAL;5.043;91000,0;31.12.2025
CBH-0093;Tweed Cushion v4;Swing tag;PAP;PRI;WAL;5.043;15000,0;31.12.2025
CBH-0093;Tweed Cushion v4;Master carton;PAP;SHP;WAL;5.043;303000,0;31.12.2025
CBH-0094;Velvet Cushion v5;LDPE bag;PLA;PRI;ENG;1.728;31000,0;30.06.2025
CBH-0094;Velvet Cushion v5;Swing tag;PAP;PRI;ENG;1.728;5000,0;30.06.2025
CBH-0094;Velvet Cushion v5;Master carton;PAP;SHP;ENG;1.728;104000,0;30.06.2025
CBH-0094;Velvet Cushion v5;LDPE bag;PLA;PRI;WAL;728;13000,0;30.06.2025
CBH-0094;Velvet Cushion v5;Swing tag;PAP;PRI;WAL;728;2000,0;30.06.2025
CBH-0094;Velvet Cushion v5;Master carton;PAP;SHP;WAL;728;44000,0;30.06.2025
CBH-0094;Velvet Cushion v5;LDPE bag;PLA;PRI;ENG;1.742;31000,0;31.12.2025
CBH-0094;Velvet Cushion v5;Swing tag;PAP;PRI;ENG;1.742;5000,0;31.12.2025
CBH-0094;Velvet Cushion v5;Master carton;PAP;SHP;ENG;1.742;105000,0;31.12.2025
CBH-0094;Velvet Cushion v5;LDPE bag;PLA;PRI;WAL;764;14000,0;31.12.2025
CBH-0094;Velvet Cushion v5;Swing tag;PAP;PRI;WAL;764;2000,0;31.12.2025
CBH-0094;Velvet Cushion v5;Master carton;PAP;SHP;WAL;764;46000,0;31.12.2025
CBH-0095;Linen Cushion v5;LDPE bag;PLA;PRI;ENG;7.257;131000,0;30.06.2025
CBH-0095;Linen Cushion v5;Swing tag;PAP;PRI;ENG;7.257;22000,0;30.06.2025
CBH-0095;Linen Cushion v5;Master carton;PAP;SHP;ENG;7.257;435000,0;30.06.2025
CBH-0095;Linen Cushion v5;LDPE bag;PLA;PRI;WAL;3.339;60000,0;30.06.2025
CBH-0095;Linen Cushion v5;Swing tag;PAP;PRI;WAL;3.339;10000,0;30.06.2025
CBH-0095;Linen Cushion v5;Master carton;PAP;SHP;WAL;3.339;200000,0;30.06.2025
CBH-0095;Linen Cushion v5;LDPE bag;PLA;PRI;ENG;8.638;155000,0;31.12.2025
CBH-0095;Linen Cushion v5;Swing tag;PAP;PRI;ENG;8.638;26000,0;31.12.2025
CBH-0095;Linen Cushion v5;Master carton;PAP;SHP;ENG;8.638;518000,0;31.12.2025
CBH-0095;Linen Cushion v5;LDPE bag;PLA;PRI;WAL;3.239;58000,0;31.12.2025
CBH-0095;Linen Cushion v5;Swing tag;PAP;PRI;WAL;3.239;10000,0;31.12.2025
CBH-0095;Linen Cushion v5;Master carton;PAP;SHP;WAL;3.239;194000,0;31.12.2025
CBH-0096;Crème Cushion v5;LDPE bag;PLA;PRI;ENG;4.766;86000,0;30.06.2025
CBH-0096;Crème Cushion v5;Swing tag;PAP;PRI;ENG;4.766;14000,0;30.06.2025
CBH-0096;Crème Cushion v5;Master carton;PAP;SHP;ENG;4.766;286000,0;30.06.2025
CBH-0096;Crème Cushion v5;LDPE bag;PLA;PRI;WAL;1.709;31000,0;30.06.2025
CBH-0096;Crème Cushion v5;Swing tag;PAP;PRI;WAL;1.709;5000,0;30.06.2025
CBH-0096;Crème Cushion v5;Master carton;PAP;SHP;WAL;1.709;103000,0;30.06.2025
CBH-0096;Crème Cushion v5;LDPE bag;PLA;PRI;ENG;4.396;79000,0;31.12.2025
CBH-0096;Crème Cushion v5;Swing tag;PAP;PRI;ENG;4.396;13000,0;31.12.2025
CBH-0096;Crème Cushion v5;Master carton;PAP;SHP;ENG;4.396;264000,0;31.12.2025
CBH-0096;Crème Cushion v5;LDPE bag;PLA;PRI;WAL;1.854;33000,0;31.12.2025
CBH-0096;Crème Cushion v5;Swing tag;PAP;PRI;WAL;1.854;6000,0;31.12.2025
CBH-0096;Crème Cushion v5;Master carton;PAP;SHP;WAL;1.854;111000,0;31.12.2025
CBH-0097;Boucle Cushion v5;LDPE bag;PLA;PRI;ENG;2.107;38000,0;30.06.2025
CBH-0097;Boucle Cushion v5;Swing tag;PAP;PRI;ENG;2.107;6000,0;30.06.2025
CBH-0097;Boucle Cushion v5;Master carton;PAP;SHP;ENG;2.107;126000,0;30.06.2025
CBH-0097;Boucle Cushion v5;LDPE bag;PLA;PRI;WAL;920;17000,0;30.06.2025
CBH-0097;Boucle Cushion v5;Swing tag;PAP;PRI;WAL;920;3000,0;30.06.2025
CBH-0097;Boucle Cushion v5;Master carton;PAP;SHP;WAL;920;55000,0;30.06.2025
CBH-0097;Boucle Cushion v5;LDPE bag;PLA;PRI;ENG;2.468;44000,0;31.12.2025
CBH-0097;Boucle Cushion v5;Swing tag;PAP;PRI;ENG;2.468;7000,0;31.12.2025
CBH-0097;Boucle Cushion v5;Master carton;PAP;SHP;ENG;2.468;148000,0;31.12.2025
CBH-0097;Boucle Cushion v5;LDPE bag;PLA;PRI;WAL;945;17000,0;31.12.2025
CBH-0097;Boucle Cushion v5;Swing tag;PAP;PRI;WAL;945;3000,0;31.12.2025
CBH-0097;Boucle Cushion v5;Master carton;PAP;SHP;WAL;945;57000,0;31.12.2025
CBH-0098;Cotton Cushion v5;LDPE bag;PLA;PRI;ENG;7.197;130000,0;30.06.2025
CBH-0098;Cotton Cushion v5;Swing tag;PAP;PRI;ENG;7.197;22000,0;30.06.2025
CBH-0098;Cotton Cushion v5;Master carton;PAP;SHP;ENG;7.197;432000,0;30.06.2025
CBH-0098;Cotton Cushion v5;LDPE bag;PLA;PRI;WAL;3.114;56000,0;30.06.2025
CBH-0098;Cotton Cushion v5;Swing tag;PAP;PRI;WAL;3.114;9000,0;30.06.2025
CBH-0098;Cotton Cushion v5;Master carton;PAP;SHP;WAL;3.114;187000,0;30.06.2025
CBH-0098;Cotton Cushion v5;LDPE bag;PLA;PRI;ENG;7.244;130000,0;31.12.2025
CBH-0098;Cotton Cushion v5;Swing tag;PAP;PRI;ENG;7.244;22000,0;31.12.2025
CBH-0098;Cotton Cushion v5;Master carton;PAP;SHP;ENG;7.244;435000,0;31.12.2025
CBH-0098;Cotton Cushion v5;LDPE bag;PLA;PRI;WAL;3.090;56000,0;31.12.2025
CBH-0098;Cotton Cushion v5;Swing tag;PAP;PRI;WAL;3.090;9000,0;31.12.2025
CBH-0098;Cotton Cushion v5;Master carton;PAP;SHP;WAL;3.090;185000,0;31.12.2025
CBH-0099;Knit Cushion v5;LDPE bag;PLA;PRI;ENG;2.835;51000,0;30.06.2025
CBH-0099;Knit Cushion v5;Swing tag;PAP;PRI;ENG;2.835;9000,0;30.06.2025
CBH-0099;Knit Cushion v5;Master carton;PAP;SHP;ENG;2.835;170000,0;30.06.2025
CBH-0099;Knit Cushion v5;LDPE bag;PLA;PRI;WAL;1.318;24000,0;30.06.2025
CBH-0099;Knit Cushion v5;Swing tag;PAP;PRI;WAL;1.318;4000,0;30.06.2025
CBH-0099;Knit Cushion v5;Master carton;PAP;SHP;WAL;1.318;79000,0;30.06.2025
CBH-0099;Knit Cushion v5;LDPE bag;PLA;PRI;ENG;3.495;63000,0;31.12.2025
CBH-0099;Knit Cushion v5;Swing tag;PAP;PRI;ENG;3.495;10000,0;31.12.2025
CBH-0099;Knit Cushion v5;Master carton;PAP;SHP;ENG;3.495;210000,0;31.12.2025
CBH-0099;Knit Cushion v5;LDPE bag;PLA;PRI;WAL;1.583;28000,0;31.12.2025
CBH-0099;Knit Cushion v5;Swing tag;PAP;PRI;WAL;1.583;5000,0;31.12.2025
CBH-0099;Knit Cushion v5;Master carton;PAP;SHP;WAL;1.583;95000,0;31.12.2025
CBH-0100;Tweed Cushion v5;LDPE bag;PLA;PRI;ENG;3.096;56000,0;30.06.2025
CBH-0100;Tweed Cushion v5;Swing tag;PAP;PRI;ENG;3.096;9000,0;30.06.2025
CBH-0100;Tweed Cushion v5;Master carton;PAP;SHP;ENG;3.096;186000,0;30.06.2025
CBH-0100;Tweed Cushion v5;LDPE bag;PLA;PRI;WAL;1.152;21000,0;30.06.2025
CBH-0100;Tweed Cushion v5;Swing tag;PAP;PRI;WAL;1.152;3000,0;30.06.2025
CBH-0100;Tweed Cushion v5;Master carton;PAP;SHP;WAL;1.152;69000,0;30.06.2025
CBH-0100;Tweed Cushion v5;LDPE bag;PLA;PRI;ENG;3.336;60000,0;31.12.2025
CBH-0100;Tweed Cushion v5;Swing tag;PAP;PRI;ENG;3.336;10000,0;31.12.2025
CBH-0100;Tweed Cushion v5;Master carton;PAP;SHP;ENG;3.336;200000,0;31.12.2025
CBH-0100;Tweed Cushion v5;LDPE bag;PLA;PRI;WAL;1.359;24000,0;31.12.2025
CBH-0100;Tweed Cushion v5;Swing tag;PAP;PRI;WAL;1.359;4000,0;31.12.2025
CBH-0100;Tweed Cushion v5;Master carton;PAP;SHP;WAL;1.359;82000,0;31.12.2025
CBH-0101;Velvet Cushion v6;LDPE bag;PLA;PRI;ENG;6.879;124000,0;30.06.2025
CBH-0101;Velvet Cushion v6;Swing tag;PAP;PRI;ENG;6.879;21000,0;30.06.2025
CBH-0101;Velvet Cushion v6;Master carton;PAP;SHP;ENG;6.879;413000,0;30.06.2025
CBH-0101;Velvet Cushion v6;LDPE bag;PLA;PRI;WAL;2.760;50000,0;30.06.2025
CBH-0101;Velvet Cushion v6;Swing tag;PAP;PRI;WAL;2.760;8000,0;30.06.2025
CBH-0101;Velvet Cushion v6;Master carton;PAP;SHP;WAL;2.760;166000,0;30.06.2025
CBH-0101;Velvet Cushion v6;LDPE bag;PLA;PRI;ENG;7.247;130000,0;31.12.2025
CBH-0101;Velvet Cushion v6;Swing tag;PAP;PRI;ENG;7.247;22000,0;31.12.2025
CBH-0101;Velvet Cushion v6;Master carton;PAP;SHP;ENG;7.247;435000,0;31.12.2025
CBH-0101;Velvet Cushion v6;LDPE bag;PLA;PRI;WAL;3.093;56000,0;31.12.2025
CBH-0101;Velvet Cushion v6;Swing tag;PAP;PRI;WAL;3.093;9000,0;31.12.2025
CBH-0101;Velvet Cushion v6;Master carton;PAP;SHP;WAL;3.093;186000,0;31.12.2025
CBH-0102;Linen Cushion v6;LDPE bag;PLA;PRI;ENG;3.215;58000,0;30.06.2025
CBH-0102;Linen Cushion v6;Swing tag;PAP;PRI;ENG;3.215;10000,0;30.06.2025
CBH-0102;Linen Cushion v6;Master carton;PAP;SHP;ENG;3.215;193000,0;30.06.2025
CBH-0102;Linen Cushion v6;LDPE bag;PLA;PRI;WAL;1.251;23000,0;30.06.2025
CBH-0102;Linen Cushion v6;Swing tag;PAP;PRI;WAL;1.251;4000,0;30.06.2025
CBH-0102;Linen Cushion v6;Master carton;PAP;SHP;WAL;1.251;75000,0;30.06.2025
CBH-0102;Linen Cushion v6;LDPE bag;PLA;PRI;ENG;3.031;55000,0;31.12.2025
CBH-0102;Linen Cushion v6;Swing tag;PAP;PRI;ENG;3.031;9000,0;31.12.2025
CBH-0102;Linen Cushion v6;Master carton;PAP;SHP;ENG;3.031;182000,0;31.12.2025
CBH-0102;Linen Cushion v6;LDPE bag;PLA;PRI;WAL;1.323;24000,0;31.12.2025
CBH-0102;Linen Cushion v6;Swing tag;PAP;PRI;WAL;1.323;4000,0;31.12.2025
CBH-0102;Linen Cushion v6;Master carton;PAP;SHP;WAL;1.323;79000,0;31.12.2025
CBH-0103;Crème Cushion v6;LDPE bag;PLA;PRI;ENG;12.360;222000,0;30.06.2025
CBH-0103;Crème Cushion v6;Swing tag;PAP;PRI;ENG;12.360;37000,0;30.06.2025
CBH-0103;Crème Cushion v6;Master carton;PAP;SHP;ENG;12.360;742000,0;30.06.2025
CBH-0103;Crème Cushion v6;LDPE bag;PLA;PRI;WAL;5.341;96000,0;30.06.2025
CBH-0103;Crème Cushion v6;Swing tag;PAP;PRI;WAL;5.341;16000,0;30.06.2025
CBH-0103;Crème Cushion v6;Master carton;PAP;SHP;WAL;5.341;320000,0;30.06.2025
CBH-0103;Crème Cushion v6;LDPE bag;PLA;PRI;ENG;10.866;196000,0;31.12.2025
CBH-0103;Crème Cushion v6;Swing tag;PAP;PRI;ENG;10.866;33000,0;31.12.2025
CBH-0103;Crème Cushion v6;Master carton;PAP;SHP;ENG;10.866;652000,0;31.12.2025
CBH-0103;Crème Cushion v6;LDPE bag;PLA;PRI;WAL;5.066;91000,0;31.12.2025
CBH-0103;Crème Cushion v6;Swing tag;PAP;PRI;WAL;5.066;15000,0;31.12.2025
CBH-0103;Crème Cushion v6;Master carton;PAP;SHP;WAL;5.066;304000,0;31.12.2025
CBH-0104;Boucle Cushion v6;LDPE bag;PLA;PRI;ENG;1.156;21000,0;30.06.2025
CBH-0104;Boucle Cushion v6;Swing tag;PAP;PRI;ENG;1.156;3000,0;30.06.2025
CBH-0104;Boucle Cushion v6;Master carton;PAP;SHP;ENG;1.156;69000,0;30.06.2025
CBH-0104;Boucle Cushion v6;LDPE bag;PLA;PRI;WAL;490;9000,0;30.06.2025
CBH-0104;Boucle Cushion v6;Swing tag;PAP;PRI;WAL;490;1000,0;30.06.2025
CBH-0104;Boucle Cushion v6;Master carton;PAP;SHP;WAL;490;29000,0;30.06.2025
CBH-0104;Boucle Cushion v6;LDPE bag;PLA;PRI;ENG;1.329;24000,0;31.12.2025
CBH-0104;Boucle Cushion v6;Swing tag;PAP;PRI;ENG;1.329;4000,0;31.12.2025
CBH-0104;Boucle Cushion v6;Master carton;PAP;SHP;ENG;1.329;80000,0;31.12.2025
CBH-0104;Boucle Cushion v6;LDPE bag;PLA;PRI;WAL;606;11000,0;31.12.2025
CBH-0104;Boucle Cushion v6;Swing tag;PAP;PRI;WAL;606;2000,0;31.12.2025
CBH-0104;Boucle Cushion v6;Master carton;PAP;SHP;WAL;606;36000,0;31.12.2025
CBH-0105;Cotton Cushion v6;LDPE bag;PLA;PRI;ENG;9.681;174000,0;30.06.2025
CBH-0105;Cotton Cushion v6;Swing tag;PAP;PRI;ENG;9.681;29000,0;30.06.2025
CBH-0105;Cotton Cushion v6;Master carton;PAP;SHP;ENG;9.681;581000,0;30.06.2025
CBH-0105;Cotton Cushion v6;LDPE bag;PLA;PRI;WAL;3.938;71000,0;30.06.2025
CBH-0105;Cotton Cushion v6;Swing tag;PAP;PRI;WAL;3.938;12000,0;30.06.2025
CBH-0105;Cotton Cushion v6;Master carton;PAP;SHP;WAL;3.938;236000,0;30.06.2025
CBH-0105;Cotton Cushion v6;LDPE bag;PLA;PRI;ENG;9.047;163000,0;31.12.2025
CBH-0105;Cotton Cushion v6;Swing tag;PAP;PRI;ENG;9.047;27000,0;31.12.2025
CBH-0105;Cotton Cushion v6;Master carton;PAP;SHP;ENG;9.047;543000,0;31.12.2025
CBH-0105;Cotton Cushion v6;LDPE bag;PLA;PRI;WAL;4.105;74000,0;31.12.2025
CBH-0105;Cotton Cushion v6;Swing tag;PAP;PRI;WAL;4.105;12000,0;31.12.2025
CBH-0105;Cotton Cushion v6;Master carton;PAP;SHP;WAL;4.105;246000,0;31.12.2025
CBH-0106;Skillet Cast iron pan;Carton;PAP;PRI;ENG;7.042;1831000,0;30.06.2025
CBH-0106;Skillet Cast iron pan;Steel wire tie;MET-ST;PRI;ENG;7.042;28000,0;30.06.2025
CBH-0106;Skillet Cast iron pan;Wooden pallet;WOO;TER;ENG;7.042;282000,0;30.06.2025
CBH-0106;Skillet Cast iron pan;Carton;PAP;PRI;WAL;3.148;818000,0;30.06.2025
CBH-0106;Skillet Cast iron pan;Steel wire tie;MET-ST;PRI;WAL;3.148;13000,0;30.06.2025
CBH-0106;Skillet Cast iron pan;Wooden pallet;WOO;TER;WAL;3.148;126000,0;30.06.2025
CBH-0106;Skillet Cast iron pan;Carton;PAP;PRI;ENG;7.984;2076000,0;31.12.2025
CBH-0106;Skillet Cast iron pan;Steel wire tie;MET-ST;PRI;ENG;7.984;32000,0;31.12.2025
CBH-0106;Skillet Cast iron pan;Wooden pallet;WOO;TER;ENG;7.984;319000,0;31.12.2025
CBH-0106;Skillet Cast iron pan;Carton;PAP;PRI;WAL;3.239;842000,0;31.12.2025
CBH-0106;Skillet Cast iron pan;Steel wire tie;MET-ST;PRI;WAL;3.239;13000,0;31.12.2025
CBH-0106;Skillet Cast iron pan;Wooden pallet;WOO;TER;WAL;3.239;130000,0;31.12.2025
CBH-0107;Griddle Cast iron pan;Carton;PAP;PRI;ENG;3.259;847000,0;30.06.2025
CBH-0107;Griddle Cast iron pan;Steel wire tie;MET-ST;PRI;ENG;3.259;13000,0;30.06.2025
CBH-0107;Griddle Cast iron pan;Wooden pallet;WOO;TER;ENG;3.259;130000,0;30.06.2025
CBH-0107;Griddle Cast iron pan;Carton;PAP;PRI;WAL;1.469;382000,0;30.06.2025
CBH-0107;Griddle Cast iron pan;Steel wire tie;MET-ST;PRI;WAL;1.469;6000,0;30.06.2025
CBH-0107;Griddle Cast iron pan;Wooden pallet;WOO;TER;WAL;1.469;59000,0;30.06.2025
CBH-0107;Griddle Cast iron pan;Carton;PAP;PRI;ENG;3.566;927000,0;31.12.2025
CBH-0107;Griddle Cast iron pan;Steel wire tie;MET-ST;PRI;ENG;3.566;14000,0;31.12.2025
CBH-0107;Griddle Cast iron pan;Wooden pallet;WOO;TER;ENG;3.566;143000,0;31.12.2025
CBH-0107;Griddle Cast iron pan;Carton;PAP;PRI;WAL;1.370;356000,0;31.12.2025
CBH-0107;Griddle Cast iron pan;Steel wire tie;MET-ST;PRI;WAL;1.370;5000,0;31.12.2025
CBH-0107;Griddle Cast iron pan;Wooden pallet;WOO;TER;WAL;1.370;55000,0;31.12.2025
CBH-0108;Casserole Cast iron pan;Carton;PAP;PRI;ENG;14.162;3682000,0;30.06.2025
CBH-0108;Casserole Cast iron pan;Steel wire tie;MET-ST;PRI;ENG;14.162;57000,0;30.06.2025
CBH-0108;Casserole Cast iron pan;Wooden pallet;WOO;TER;ENG;14.162;566000,0;30.06.2025
CBH-0108;Casserole Cast iron pan;Carton;PAP;PRI;WAL;6.091;1584000,0;30.06.2025
CBH-0108;Casserole Cast iron pan;Steel wire tie;MET-ST;PRI;WAL;6.091;24000,0;30.06.2025
CBH-0108;Casserole Cast iron pan;Wooden pallet;WOO;TER;WAL;6.091;244000,0;30.06.2025
CBH-0108;Casserole Cast iron pan;Carton;PAP;PRI;ENG;15.261;3968000,0;31.12.2025
CBH-0108;Casserole Cast iron pan;Steel wire tie;MET-ST;PRI;ENG;15.261;61000,0;31.12.2025
CBH-0108;Casserole Cast iron pan;Wooden pallet;WOO;TER;ENG;15.261;610000,0;31.12.2025
CBH-0108;Casserole Cast iron pan;Carton;PAP;PRI;WAL;7.309;1900000,0;31.12.2025
CBH-0108;Casserole Cast iron pan;Steel wire tie;MET-ST;PRI;WAL;7.309;29000,0;31.12.2025
CBH-0108;Casserole Cast iron pan;Wooden pallet;WOO;TER;WAL;7.309;292000,0;31.12.2025
CBH-0109;Crêpe pan Cast iron pan;Carton;PAP;PRI;ENG;5.251;1365000,0;30.06.2025
CBH-0109;Crêpe pan Cast iron pan;Steel wire tie;MET-ST;PRI;ENG;5.251;21000,0;30.06.2025
CBH-0109;Crêpe pan Cast iron pan;Wooden pallet;WOO;TER;ENG;5.251;210000,0;30.06.2025
CBH-0109;Crêpe pan Cast iron pan;Carton;PAP;PRI;WAL;2.483;646000,0;30.06.2025
CBH-0109;Crêpe pan Cast iron pan;Steel wire tie;MET-ST;PRI;WAL;2.483;10000,0;30.06.2025
CBH-0109;Crêpe pan Cast iron pan;Wooden pallet;WOO;TER;WAL;2.483;99000,0;30.06.2025
CBH-0109;Crêpe pan Cast iron pan;Carton;PAP;PRI;ENG;5.822;1514000,0;31.12.2025
CBH-0109;Crêpe pan Cast iron pan;Steel wire tie;MET-ST;PRI;ENG;5.822;23000,0;31.12.2025
CBH-0109;Crêpe pan Cast iron pan;Wooden pallet;WOO;TER;ENG;5.822;233000,0;31.12.2025
CBH-0109;Crêpe pan Cast iron pan;Carton;PAP;PRI;WAL;2.726;709000,0;31.12.2025
CBH-0109;Crêpe pan Cast iron pan;Steel wire tie;MET-ST;PRI;WAL;2.726;11000,0;31.12.2025
CBH-0109;Crêpe pan Cast iron pan;Wooden pallet;WOO;TER;WAL;2.726;109000,0;31.12.2025
CBH-0110;Wok Cast iron pan;Carton;PAP;PRI;ENG;2.246;584000,0;30.06.2025
CBH-0110;Wok Cast iron pan;Steel wire tie;MET-ST;PRI;ENG;2.246;9000,0;30.06.2025
CBH-0110;Wok Cast iron pan;Wooden pallet;WOO;TER;ENG;2.246;90000,0;30.06.2025
CBH-0110;Wok Cast iron pan;Carton;PAP;PRI;WAL;940;244000,0;30.06.2025
CBH-0110;Wok Cast iron pan;Steel wire tie;MET-ST;PRI;WAL;940;4000,0;30.06.2025
CBH-0110;Wok Cast iron pan;Wooden pallet;WOO;TER;WAL;940;38000,0;30.06.2025
CBH-0110;Wok Cast iron pan;Carton;PAP;PRI;ENG;2.301;598000,0;31.12.2025
CBH-0110;Wok Cast iron pan;Steel wire tie;MET-ST;PRI;ENG;2.301;9000,0;31.12.2025
CBH-0110;Wok Cast iron pan;Wooden pallet;WOO;TER;ENG;2.301;92000,0;31.12.2025
CBH-0110;Wok Cast iron pan;Carton;PAP;PRI;WAL;902;235000,0;31.12.2025
CBH-0110;Wok Cast iron pan;Steel wire tie;MET-ST;PRI;WAL;902;4000,0;31.12.2025
CBH-0110;Wok Cast iron pan;Wooden pallet;WOO;TER;WAL;902;36000,0;31.12.2025
CBH-0111;Skillet Cast iron pan v2;Carton;PAP;PRI;ENG;2.740;712000,0;30.06.2025
CBH-0111;Skillet Cast iron pan v2;Steel wire tie;MET-ST;PRI;ENG;2.740;11000,0;30.06.2025
CBH-0111;Skillet Cast iron pan v2;Wooden pallet;WOO;TER;ENG;2.740;110000,0;30.06.2025
CBH-0111;Skillet Cast iron pan v2;Carton;PAP;PRI;WAL;1.302;339000,0;30.06.2025
CBH-0111;Skillet Cast iron pan v2;Steel wire tie;MET-ST;PRI;WAL;1.302;5000,0;30.06.2025
CBH-0111;Skillet Cast iron pan v2;Wooden pallet;WOO;TER;WAL;1.302;52000,0;30.06.2025
CBH-0111;Skillet Cast iron pan v2;Carton;PAP;PRI;ENG;3.193;830000,0;31.12.2025
CBH-0111;Skillet Cast iron pan v2;Steel wire tie;MET-ST;PRI;ENG;3.193;13000,0;31.12.2025
CBH-0111;Skillet Cast iron pan v2;Wooden pallet;WOO;TER;ENG;3.193;128000,0;31.12.2025
CBH-0111;Skillet Cast iron pan v2;Carton;PAP;PRI;WAL;1.251;325000,0;31.12.2025
CBH-0111;Skillet Cast iron pan v2;Steel wire tie;MET-ST;PRI;WAL;1.251;5000,0;31.12.2025
CBH-0111;Skillet Cast iron pan v2;Wooden pallet;WOO;TER;WAL;1.251;50000,0;31.12.2025
CBH-0112;Griddle Cast iron pan v2;Carton;PAP;PRI;ENG;5.531;1438000,0;30.06.2025
CBH-0112;Griddle Cast iron pan v2;Steel wire tie;MET-ST;PRI;ENG;5.531;22000,0;30.06.2025
CBH-0112;Griddle Cast iron pan v2;Wooden pallet;WOO;TER;ENG;5.531;221000,0;30.06.2025
CBH-0112;Griddle Cast iron pan v2;Carton;PAP;PRI;WAL;2.364;615000,0;30.06.2025
CBH-0112;Griddle Cast iron pan v2;Steel wire tie;MET-ST;PRI;WAL;2.364;9000,0;30.06.2025
CBH-0112;Griddle Cast iron pan v2;Wooden pallet;WOO;TER;WAL;2.364;95000,0;30.06.2025
CBH-0112;Griddle Cast iron pan v2;Carton;PAP;PRI;ENG;6.043;1571000,0;31.12.2025
CBH-0112;Griddle Cast iron pan v2;Steel wire tie;MET-ST;PRI;ENG;6.043;24000,0;31.12.2025
CBH-0112;Griddle Cast iron pan v2;Wooden pallet;WOO;TER;ENG;6.043;242000,0;31.12.2025
CBH-0112;Griddle Cast iron pan v2;Carton;PAP;PRI;WAL;2.608;678000,0;31.12.2025
CBH-0112;Griddle Cast iron pan v2;Steel wire tie;MET-ST;PRI;WAL;2.608;10000,0;31.12.2025
CBH-0112;Griddle Cast iron pan v2;Wooden pallet;WOO;TER;WAL;2.608;104000,0;31.12.2025
CBH-0113;Casserole Cast iron pan v2;Carton;PAP;PRI;ENG;3.236;841000,0;30.06.2025
CBH-0113;Casserole Cast iron pan v2;Steel wire tie;MET-ST;PRI;ENG;3.236;13000,0;30.06.2025
CBH-0113;Casserole Cast iron pan v2;Wooden pallet;WOO;TER;ENG;3.236;129000,0;30.06.2025
CBH-0113;Casserole Cast iron pan v2;Carton;PAP;PRI;WAL;1.403;365000,0;30.06.2025
CBH-0113;Casserole Cast iron pan v2;Steel wire tie;MET-ST;PRI;WAL;1.403;6000,0;30.06.2025
CBH-0113;Casserole Cast iron pan v2;Wooden pallet;WOO;TER;WAL;1.403;56000,0;30.06.2025
CBH-0113;Casserole Cast iron pan v2;Carton;PAP;PRI;ENG;3.055;794000,0;31.12.2025
CBH-0113;Casserole Cast iron pan v2;Steel wire tie;MET-ST;PRI;ENG;3.055;12000,0;31.12.2025
CBH-0113;Casserole Cast iron pan v2;Wooden pallet;WOO;TER;ENG;3.055;122000,0;31.12.2025
CBH-0113;Casserole Cast iron pan v2;Carton;PAP;PRI;WAL;1.472;383000,0;31.12.2025
CBH-0113;Casserole Cast iron pan v2;Steel wire tie;MET-ST;PRI;WAL;1.472;6000,0;31.12.2025
CBH-0113;Casserole Cast iron pan v2;Wooden pallet;WOO;TER;WAL;1.472;59000,0;31.12.2025
CBH-0114;Crêpe pan Cast iron pan v2;Carton;PAP;PRI;ENG;1.897;493000,0;30.06.2025
CBH-0114;Crêpe pan Cast iron pan v2;Steel wire tie;MET-ST;PRI;ENG;1.897;8000,0;30.06.2025
CBH-0114;Crêpe pan Cast iron pan v2;Wooden pallet;WOO;TER;ENG;1.897;76000,0;30.06.2025
CBH-0114;Crêpe pan Cast iron pan v2;Carton;PAP;PRI;WAL;821;213000,0;30.06.2025
CBH-0114;Crêpe pan Cast iron pan v2;Steel wire tie;MET-ST;PRI;WAL;821;3000,0;30.06.2025
CBH-0114;Crêpe pan Cast iron pan v2;Wooden pallet;WOO;TER;WAL;821;33000,0;30.06.2025
CBH-0114;Crêpe pan Cast iron pan v2;Carton;PAP;PRI;ENG;2.061;536000,0;31.12.2025
CBH-0114;Crêpe pan Cast iron pan v2;Steel wire tie;MET-ST;PRI;ENG;2.061;8000,0;31.12.2025
CBH-0114;Crêpe pan Cast iron pan v2;Wooden pallet;WOO;TER;ENG;2.061;82000,0;31.12.2025
CBH-0114;Crêpe pan Cast iron pan v2;Carton;PAP;PRI;WAL;849;221000,0;31.12.2025
CBH-0114;Crêpe pan Cast iron pan v2;Steel wire tie;MET-ST;PRI;WAL;849;3000,0;31.12.2025
CBH-0114;Crêpe pan Cast iron pan v2;Wooden pallet;WOO;TER;WAL;849;34000,0;31.12.2025
CBH-0115;Wok Cast iron pan v2;Carton;PAP;PRI;ENG;2.330;606000,0;30.06.2025
CBH-0115;Wok Cast iron pan v2;Steel wire tie;MET-ST;PRI;ENG;2.330;9000,0;30.06.2025
CBH-0115;Wok Cast iron pan v2;Wooden pallet;WOO;TER;ENG;2.330;93000,0;30.06.2025
CBH-0115;Wok Cast iron pan v2;Carton;PAP;PRI;WAL;871;226000,0;30.06.2025
CBH-0115;Wok Cast iron pan v2;Steel wire tie;MET-ST;PRI;WAL;871;3000,0;30.06.2025
CBH-0115;Wok Cast iron pan v2;Wooden pallet;WOO;TER;WAL;871;35000,0;30.06.2025
CBH-0115;Wok Cast iron pan v2;Carton;PAP;PRI;ENG;2.113;549000,0;31.12.2025
CBH-0115;Wok Cast iron pan v2;Steel wire tie;MET-ST;PRI;ENG;2.113;8000,0;31.12.2025
CBH-0115;Wok Cast iron pan v2;Wooden pallet;WOO;TER;ENG;2.113;85000,0;31.12.2025
CBH-0115;Wok Cast iron pan v2;Carton;PAP;PRI;WAL;916;238000,0;31.12.2025
CBH-0115;Wok Cast iron pan v2;Steel wire tie;MET-ST;PRI;WAL;916;4000,0;31.12.2025
CBH-0115;Wok Cast iron pan v2;Wooden pallet;WOO;TER;WAL;916;37000,0;31.12.2025
CBH-0116;Skillet Cast iron pan v3;Carton;PAP;PRI;ENG;1.080;281000,0;30.06.2025
CBH-0116;Skillet Cast iron pan v3;Steel wire tie;MET-ST;PRI;ENG;1.080;4000,0;30.06.2025
CBH-0116;Skillet Cast iron pan v3;Wooden pallet;WOO;TER;ENG;1.080;43000,0;30.06.2025
CBH-0116;Skillet Cast iron pan v3;Carton;PAP;PRI;WAL;465;121000,0;30.06.2025
CBH-0116;Skillet Cast iron pan v3;Steel wire tie;MET-ST;PRI;WAL;465;2000,0;30.06.2025
CBH-0116;Skillet Cast iron pan v3;Wooden pallet;WOO;TER;WAL;465;19000,0;30.06.2025
CBH-0116;Skillet Cast iron pan v3;Carton;PAP;PRI;ENG;1.092;284000,0;31.12.2025
CBH-0116;Skillet Cast iron pan v3;Steel wire tie;MET-ST;PRI;ENG;1.092;4000,0;31.12.2025
CBH-0116;Skillet Cast iron pan v3;Wooden pallet;WOO;TER;ENG;1.092;44000,0;31.12.2025
CBH-0116;Skillet Cast iron pan v3;Carton;PAP;PRI;WAL;435;113000,0;31.12.2025
CBH-0116;Skillet Cast iron pan v3;Steel wire tie;MET-ST;PRI;WAL;435;2000,0;31.12.2025
CBH-0116;Skillet Cast iron pan v3;Wooden pallet;WOO;TER;WAL;435;17000,0;31.12.2025
CBH-0117;Griddle Cast iron pan v3;Carton;PAP;PRI;ENG;9.145;2378000,0;30.06.2025
CBH-0117;Griddle Cast iron pan v3;Steel wire tie;MET-ST;PRI;ENG;9.145;37000,0;30.06.2025
CBH-0117;Griddle Cast iron pan v3;Wooden pallet;WOO;TER;ENG;9.145;366000,0;30.06.2025
CBH-0117;Griddle Cast iron pan v3;Carton;PAP;PRI;WAL;3.956;1029000,0;30.06.2025
CBH-0117;Griddle Cast iron pan v3;Steel wire tie;MET-ST;PRI;WAL;3.956;16000,0;30.06.2025
CBH-0117;Griddle Cast iron pan v3;Wooden pallet;WOO;TER;WAL;3.956;158000,0;30.06.2025
CBH-0117;Griddle Cast iron pan v3;Carton;PAP;PRI;ENG;10.739;2792000,0;31.12.2025
CBH-0117;Griddle Cast iron pan v3;Steel wire tie;MET-ST;PRI;ENG;10.739;43000,0;31.12.2025
CBH-0117;Griddle Cast iron pan v3;Wooden pallet;WOO;TER;ENG;10.739;430000,0;31.12.2025
CBH-0117;Griddle Cast iron pan v3;Carton;PAP;PRI;WAL;4.535;1179000,0;31.12.2025
CBH-0117;Griddle Cast iron pan v3;Steel wire tie;MET-ST;PRI;WAL;4.535;18000,0;31.12.2025
CBH-0117;Griddle Cast iron pan v3;Wooden pallet;WOO;TER;WAL;4.535;181000,0;31.12.2025
CBH-0118;Casserole Cast iron pan v3;Carton;PAP;PRI;ENG;5.951;1547000,0;30.06.2025
CBH-0118;Casserole Cast iron pan v3;Steel wire tie;MET-ST;PRI;ENG;5.951;24000,0;30.06.2025
CBH-0118;Casserole Cast iron pan v3;Wooden pallet;WOO;TER;ENG;5.951;238000,0;30.06.2025
CBH-0118;Casserole Cast iron pan v3;Carton;PAP;PRI;WAL;2.515;654000,0;30.06.2025
CBH-0118;Casserole Cast iron pan v3;Steel wire tie;MET-ST;PRI;WAL;2.515;10000,0;30.06.2025
CBH-0118;Casserole Cast iron pan v3;Wooden pallet;WOO;TER;WAL;2.515;101000,0;30.06.2025
CBH-0118;Casserole Cast iron pan v3;Carton;PAP;PRI;ENG;5.315;1382000,0;31.12.2025
CBH-0118;Casserole Cast iron pan v3;Steel wire tie;MET-ST;PRI;ENG;5.315;21000,0;31.12.2025
CBH-0118;Casserole Cast iron pan v3;Wooden pallet;WOO;TER;ENG;5.315;213000,0;31.12.2025
CBH-0118;Casserole Cast iron pan v3;Carton;PAP;PRI;WAL;2.442;635000,0;31.12.2025
CBH-0118;Casserole Cast iron pan v3;Steel wire tie;MET-ST;PRI;WAL;2.442;10000,0;31.12.2025
CBH-0118;Casserole Cast iron pan v3;Wooden pallet;WOO;TER;WAL;2.442;98000,0;31.12.2025
CBH-0119;Crêpe pan Cast iron pan v3;Carton;PAP;PRI;ENG;6.948;1806000,0;30.06.2025
CBH-0119;Crêpe pan Cast iron pan v3;Steel wire tie;MET-ST;PRI;ENG;6.948;28000,0;30.06.2025
CBH-0119;Crêpe pan Cast iron pan v3;Wooden pallet;WOO;TER;ENG;6.948;278000,0;30.06.2025
CBH-0119;Crêpe pan Cast iron pan v3;Carton;PAP;PRI;WAL;2.839;738000,0;30.06.2025
CBH-0119;Crêpe pan Cast iron pan v3;Steel wire tie;MET-ST;PRI;WAL;2.839;11000,0;30.06.2025
CBH-0119;Crêpe pan Cast iron pan v3;Wooden pallet;WOO;TER;WAL;2.839;114000,0;30.06.2025
CBH-0119;Crêpe pan Cast iron pan v3;Carton;PAP;PRI;ENG;7.614;1980000,0;31.12.2025
CBH-0119;Crêpe pan Cast iron pan v3;Steel wire tie;MET-ST;PRI;ENG;7.614;30000,0;31.12.2025
CBH-0119;Crêpe pan Cast iron pan v3;Wooden pallet;WOO;TER;ENG;7.614;305000,0;31.12.2025
CBH-0119;Crêpe pan Cast iron pan v3;Carton;PAP;PRI;WAL;2.950;767000,0;31.12.2025
CBH-0119;Crêpe pan Cast iron pan v3;Steel wire tie;MET-ST;PRI;WAL;2.950;12000,0;31.12.2025
CBH-0119;Crêpe pan Cast iron pan v3;Wooden pallet;WOO;TER;WAL;2.950;118000,0;31.12.2025
CBH-0120;Wok Cast iron pan v3;Carton;PAP;PRI;ENG;5.363;1394000,0;30.06.2025
CBH-0120;Wok Cast iron pan v3;Steel wire tie;MET-ST;PRI;ENG;5.363;21000,0;30.06.2025
CBH-0120;Wok Cast iron pan v3;Wooden pallet;WOO;TER;ENG;5.363;215000,0;30.06.2025
CBH-0120;Wok Cast iron pan v3;Carton;PAP;PRI;WAL;2.239;582000,0;30.06.2025
CBH-0120;Wok Cast iron pan v3;Steel wire tie;MET-ST;PRI;WAL;2.239;9000,0;30.06.2025
CBH-0120;Wok Cast iron pan v3;Wooden pallet;WOO;TER;WAL;2.239;90000,0;30.06.2025
CBH-0120;Wok Cast iron pan v3;Carton;PAP;PRI;ENG;6.630;1724000,0;31.12.2025
CBH-0120;Wok Cast iron pan v3;Steel wire tie;MET-ST;PRI;ENG;6.630;27000,0;31.12.2025
CBH-0120;Wok Cast iron pan v3;Wooden pallet;WOO;TER;ENG;6.630;265000,0;31.12.2025
CBH-0120;Wok Cast iron pan v3;Carton;PAP;PRI;WAL;2.842;739000,0;31.12.2025
CBH-0120;Wok Cast iron pan v3;Steel wire tie;MET-ST;PRI;WAL;2.842;11000,0;31.12.2025
CBH-0120;Wok Cast iron pan v3;Wooden pallet;WOO;TER;WAL;2.842;114000,0;31.12.2025
CBH-0121;Skillet Cast iron pan v4;Carton;PAP;PRI;ENG;2.892;752000,0;30.06.2025
CBH-0121;Skillet Cast iron pan v4;Steel wire tie;MET-ST;PRI;ENG;2.892;12000,0;30.06.2025
CBH-0121;Skillet Cast iron pan v4;Wooden pallet;WOO;TER;ENG;2.892;116000,0;30.06.2025
CBH-0121;Skillet Cast iron pan v4;Carton;PAP;PRI;WAL;1.123;292000,0;30.06.2025
CBH-0121;Skillet Cast iron pan v4;Steel wire tie;MET-ST;PRI;WAL;1.123;4000,0;30.06.2025
CBH-0121;Skillet Cast iron pan v4;Wooden pallet;WOO;TER;WAL;1.123;45000,0;30.06.2025
CBH-0121;Skillet Cast iron pan v4;Carton;PAP;PRI;ENG;2.866;745000,0;31.12.2025
CBH-0121;Skillet Cast iron pan v4;Steel wire tie;MET-ST;PRI;ENG;2.866;11000,0;31.12.2025
CBH-0121;Skillet Cast iron pan v4;Wooden pallet;WOO;TER;ENG;2.866;115000,0;31.12.2025
CBH-0121;Skillet Cast iron pan v4;Carton;PAP;PRI;WAL;1.298;337000,0;31.12.2025
CBH-0121;Skillet Cast iron pan v4;Steel wire tie;MET-ST;PRI;WAL;1.298;5000,0;31.12.2025
CBH-0121;Skillet Cast iron pan v4;Wooden pallet;WOO;TER;WAL;1.298;52000,0;31.12.2025
CBH-0122;Griddle Cast iron pan v4;Carton;PAP;PRI;ENG;15.781;4103000,0;30.06.2025
CBH-0122;Griddle Cast iron pan v4;Steel wire tie;MET-ST;PRI;ENG;15.781;63000,0;30.06.2025
CBH-0122;Griddle Cast iron pan v4;Wooden pallet;WOO;TER;ENG;15.781;631000,0;30.06.2025
CBH-0122;Griddle Cast iron pan v4;Carton;PAP;PRI;WAL;7.201;1872000,0;30.06.2025
CBH-0122;Griddle Cast iron pan v4;Steel wire tie;MET-ST;PRI;WAL;7.201;29000,0;30.06.2025
CBH-0122;Griddle Cast iron pan v4;Wooden pallet;WOO;TER;WAL;7.201;288000,0;30.06.2025
CBH-0122;Griddle Cast iron pan v4;Carton;PAP;PRI;ENG;16.500;4290000,0;31.12.2025
CBH-0122;Griddle Cast iron pan v4;Steel wire tie;MET-ST;PRI;ENG;16.500;66000,0;31.12.2025
CBH-0122;Griddle Cast iron pan v4;Wooden pallet;WOO;TER;ENG;16.500;660000,0;31.12.2025
CBH-0122;Griddle Cast iron pan v4;Carton;PAP;PRI;WAL;6.998;1819000,0;31.12.2025
CBH-0122;Griddle Cast iron pan v4;Steel wire tie;MET-ST;PRI;WAL;6.998;28000,0;31.12.2025
CBH-0122;Griddle Cast iron pan v4;Wooden pallet;WOO;TER;WAL;6.998;280000,0;31.12.2025
CBH-0123;Casserole Cast iron pan v4;Carton;PAP;PRI;ENG;3.284;854000,0;30.06.2025
CBH-0123;Casserole Cast iron pan v4;Steel wire tie;MET-ST;PRI;ENG;3.284;13000,0;30.06.2025
CBH-0123;Casserole Cast iron pan v4;Wooden pallet;WOO;TER;ENG;3.284;131000,0;30.06.2025
CBH-0123;Casserole Cast iron pan v4;Carton;PAP;PRI;WAL;1.367;355000,0;30.06.2025
CBH-0123;Casserole Cast iron pan v4;Steel wire tie;MET-ST;PRI;WAL;1.367;5000,0;30.06.2025
CBH-0123;Casserole Cast iron pan v4;Wooden pallet;WOO;TER;WAL;1.367;55000,0;30.06.2025
CBH-0123;Casserole Cast iron pan v4;Carton;PAP;PRI;ENG;3.071;798000,0;31.12.2025
CBH-0123;Casserole Cast iron pan v4;Steel wire tie;MET-ST;PRI;ENG;3.071;12000,0;31.12.2025
CBH-0123;Casserole Cast iron pan v4;Wooden pallet;WOO;TER;ENG;3.071;123000,0;31.12.2025
CBH-0123;Casserole Cast iron pan v4;Carton;PAP;PRI;WAL;1.408;366000,0;31.12.2025
CBH-0123;Casserole Cast iron pan v4;Steel wire tie;MET-ST;PRI;WAL;1.408;6000,0;31.12.2025
CBH-0123;Casserole Cast iron pan v4;Wooden pallet;WOO;TER;WAL;1.408;56000,0;31.12.2025
CBH-0124;Crêpe pan Cast iron pan v4;Carton;PAP;PRI;ENG;6.493;1688000,0;30.06.2025
CBH-0124;Crêpe pan Cast iron pan v4;Steel wire tie;MET-ST;PRI;ENG;6.493;26000,0;30.06.2025
CBH-0124;Crêpe pan Cast iron pan v4;Wooden pallet;WOO;TER;ENG;6.493;260000,0;30.06.2025
CBH-0124;Crêpe pan Cast iron pan v4;Carton;PAP;PRI;WAL;2.781;723000,0;30.06.2025
CBH-0124;Crêpe pan Cast iron pan v4;Steel wire tie;MET-ST;PRI;WAL;2.781;11000,0;30.06.2025
CBH-0124;Crêpe pan Cast iron pan v4;Wooden pallet;WOO;TER;WAL;2.781;111000,0;30.06.2025
CBH-0124;Crêpe pan Cast iron pan v4;Carton;PAP;PRI;ENG;7.308;1900000,0;31.12.2025
CBH-0124;Crêpe pan Cast iron pan v4;Steel wire tie;MET-ST;PRI;ENG;7.308;29000,0;31.12.2025
CBH-0124;Crêpe pan Cast iron pan v4;Wooden pallet;WOO;TER;ENG;7.308;292000,0;31.12.2025
CBH-0124;Crêpe pan Cast iron pan v4;Carton;PAP;PRI;WAL;3.334;867000,0;31.12.2025
CBH-0124;Crêpe pan Cast iron pan v4;Steel wire tie;MET-ST;PRI;WAL;3.334;13000,0;31.12.2025
CBH-0124;Crêpe pan Cast iron pan v4;Wooden pallet;WOO;TER;WAL;3.334;133000,0;31.12.2025
CBH-0125;Wok Cast iron pan v4;Carton;PAP;PRI;ENG;4.605;1197000,0;30.06.2025
CBH-0125;Wok Cast iron pan v4;Steel wire tie;MET-ST;PRI;ENG;4.605;18000,0;30.06.2025
CBH-0125;Wok Cast iron pan v4;Wooden pallet;WOO;TER;ENG;4.605;184000,0;30.06.2025
CBH-0125;Wok Cast iron pan v4;Carton;PAP;PRI;WAL;1.801;468000,0;30.06.2025
CBH-0125;Wok Cast iron pan v4;Steel wire tie;MET-ST;PRI;WAL;1.801;7000,0;30.06.2025
CBH-0125;Wok Cast iron pan v4;Wooden pallet;WOO;TER;WAL;1.801;72000,0;30.06.2025
CBH-0125;Wok Cast iron pan v4;Carton;PAP;PRI;ENG;4.723;1228000,0;31.12.2025
CBH-0125;Wok Cast iron pan v4;Steel wire tie;MET-ST;PRI;ENG;4.723;19000,0;31.12.2025
CBH-0125;Wok Cast iron pan v4;Wooden pallet;WOO;TER;ENG;4.723;189000,0;31.12.2025
CBH-0125;Wok Cast iron pan v4;Carton;PAP;PRI;WAL;2.150;559000,0;31.12.2025
CBH-0125;Wok Cast iron pan v4;Steel wire tie;MET-ST;PRI;WAL;2.150;9000,0;31.12.2025
CBH-0125;Wok Cast iron pan v4;Wooden pallet;WOO;TER;WAL;2.150;86000,0;31.12.2025
CBH-0126;Skillet Cast iron pan v5;Carton;PAP;PRI;ENG;2.686;698000,0;30.06.2025
CBH-0126;Skillet Cast iron pan v5;Steel wire tie;MET-ST;PRI;ENG;2.686;11000,0;30.06.2025
CBH-0126;Skillet Cast iron pan v5;Wooden pallet;WOO;TER;ENG;2.686;107000,0;30.06.2025
CBH-0126;Skillet Cast iron pan v5;Carton;PAP;PRI;WAL;1.149;299000,0;30.06.2025
CBH-0126;Skillet Cast iron pan v5;Steel wire tie;MET-ST;PRI;WAL;1.149;5000,0;30.06.2025
CBH-0126;Skillet Cast iron pan v5;Wooden pallet;WOO;TER;WAL;1.149;46000,0;30.06.2025
CBH-0126;Skillet Cast iron pan v5;Carton;PAP;PRI;ENG;3.057;795000,0;31.12.2025
CBH-0126;Skillet Cast iron pan v5;Steel wire tie;MET-ST;PRI;ENG;3.057;12000,0;31.12.2025
CBH-0126;Skillet Cast iron pan v5;Wooden pallet;WOO;TER;ENG;3.057;122000,0;31.12.2025
CBH-0126;Skillet Cast iron pan v5;Carton;PAP;PRI;WAL;1.263;328000,0;31.12.2025
CBH-0126;Skillet Cast iron pan v5;Steel wire tie;MET-ST;PRI;WAL;1.263;5000,0;31.12.2025
CBH-0126;Skillet Cast iron pan v5;Wooden pallet;WOO;TER;WAL;1.263;51000,0;31.12.2025
CBH-0127;Griddle Cast iron pan v5;Carton;PAP;PRI;ENG;6.917;1798000,0;30.06.2025
CBH-0127;Griddle Cast iron pan v5;Steel wire tie;MET-ST;PRI;ENG;6.917;28000,0;30.06.2025
CBH-0127;Griddle Cast iron pan v5;Wooden pallet;WOO;TER;ENG;6.917;277000,0;30.06.2025
CBH-0127;Griddle Cast iron pan v5;Carton;PAP;PRI;WAL;2.968;772000,0;30.06.2025
CBH-0127;Griddle Cast iron pan v5;Steel wire tie;MET-ST;PRI;WAL;2.968;12000,0;30.06.2025
CBH-0127;Griddle Cast iron pan v5;Wooden pallet;WOO;TER;WAL;2.968;119000,0;30.06.2025
CBH-0127;Griddle Cast iron pan v5;Carton;PAP;PRI;ENG;7.439;1934000,0;31.12.2025
CBH-0127;Griddle Cast iron pan v5;Steel wire tie;MET-ST;PRI;ENG;7.439;30000,0;31.12.2025
CBH-0127;Griddle Cast iron pan v5;Wooden pallet;WOO;TER;ENG;7.439;298000,0;31.12.2025
CBH-0127;Griddle Cast iron pan v5;Carton;PAP;PRI;WAL;3.128;813000,0;31.12.2025
CBH-0127;Griddle Cast iron pan v5;Steel wire tie;MET-ST;PRI;WAL;3.128;13000,0;31.12.2025
CBH-0127;Griddle Cast iron pan v5;Wooden pallet;WOO;TER;WAL;3.128;125000,0;31.12.2025
CBH-0128;Casserole Cast iron pan v5;Carton;PAP;PRI;ENG;961;250000,0;30.06.2025
CBH-0128;Casserole Cast iron pan v5;Steel wire tie;MET-ST;PRI;ENG;961;4000,0;30.06.2025
CBH-0128;Casserole Cast iron pan v5;Wooden pallet;WOO;TER;ENG;961;38000,0;30.06.2025
CBH-0128;Casserole Cast iron pan v5;Carton;PAP;PRI;WAL;399;104000,0;30.06.2025
CBH-0128;Casserole Cast iron pan v5;Steel wire tie;MET-ST;PRI;WAL;399;2000,0;30.06.2025
CBH-0128;Casserole Cast iron pan v5;Wooden pallet;WOO;TER;WAL;399;16000,0;30.06.2025
CBH-0128;Casserole Cast iron pan v5;Carton;PAP;PRI;ENG;863;224000,0;31.12.2025
CBH-0128;Casserole Cast iron pan v5;Steel wire tie;MET-ST;PRI;ENG;863;3000,0;31.12.2025
CBH-0128;Casserole Cast iron pan v5;Wooden pallet;WOO;TER;ENG;863;35000,0;31.12.2025
CBH-0128;Casserole Cast iron pan v5;Carton;PAP;PRI;WAL;414;108000,0;31.12.2025
CBH-0128;Casserole Cast iron pan v5;Steel wire tie;MET-ST;PRI;WAL;414;2000,0;31.12.2025
CBH-0128;Casserole Cast iron pan v5;Wooden pallet;WOO;TER;WAL;414;17000,0;31.12.2025
CBH-0129;Crêpe pan Cast iron pan v5;Carton;PAP;PRI;ENG;7.531;1958000,0;30.06.2025
CBH-0129;Crêpe pan Cast iron pan v5;Steel wire tie;MET-ST;PRI;ENG;7.531;30000,0;30.06.2025
CBH-0129;Crêpe pan Cast iron pan v5;Wooden pallet;WOO;TER;ENG;7.531;301000,0;30.06.2025
CBH-0129;Crêpe pan Cast iron pan v5;Carton;PAP;PRI;WAL;3.381;879000,0;30.06.2025
CBH-0129;Crêpe pan Cast iron pan v5;Steel wire tie;MET-ST;PRI;WAL;3.381;14000,0;30.06.2025
CBH-0129;Crêpe pan Cast iron pan v5;Wooden pallet;WOO;TER;WAL;3.381;135000,0;30.06.2025
CBH-0129;Crêpe pan Cast iron pan v5;Carton;PAP;PRI;ENG;7.926;2061000,0;31.12.2025
CBH-0129;Crêpe pan Cast iron pan v5;Steel wire tie;MET-ST;PRI;ENG;7.926;32000,0;31.12.2025
CBH-0129;Crêpe pan Cast iron pan v5;Wooden pallet;WOO;TER;ENG;7.926;317000,0;31.12.2025
CBH-0129;Crêpe pan Cast iron pan v5;Carton;PAP;PRI;WAL;3.419;889000,0;31.12.2025
CBH-0129;Crêpe pan Cast iron pan v5;Steel wire tie;MET-ST;PRI;WAL;3.419;14000,0;31.12.2025
CBH-0129;Crêpe pan Cast iron pan v5;Wooden pallet;WOO;TER;WAL;3.419;137000,0;31.12.2025
CBH-0130;Wok Cast iron pan v5;Carton;PAP;PRI;ENG;1.616;420000,0;30.06.2025
CBH-0130;Wok Cast iron pan v5;Steel wire tie;MET-ST;PRI;ENG;1.616;6000,0;30.06.2025
CBH-0130;Wok Cast iron pan v5;Wooden pallet;WOO;TER;ENG;1.616;65000,0;30.06.2025
CBH-0130;Wok Cast iron pan v5;Carton;PAP;PRI;WAL;799;208000,0;30.06.2025
CBH-0130;Wok Cast iron pan v5;Steel wire tie;MET-ST;PRI;WAL;799;3000,0;30.06.2025
CBH-0130;Wok Cast iron pan v5;Wooden pallet;WOO;TER;WAL;799;32000,0;30.06.2025
CBH-0130;Wok Cast iron pan v5;Carton;PAP;PRI;ENG;1.905;495000,0;31.12.2025
CBH-0130;Wok Cast iron pan v5;Steel wire tie;MET-ST;PRI;ENG;1.905;8000,0;31.12.2025
CBH-0130;Wok Cast iron pan v5;Wooden pallet;WOO;TER;ENG;1.905;76000,0;31.12.2025
CBH-0130;Wok Cast iron pan v5;Carton;PAP;PRI;WAL;827;215000,0;31.12.2025
CBH-0130;Wok Cast iron pan v5;Steel wire tie;MET-ST;PRI;WAL;827;3000,0;31.12.2025
CBH-0130;Wok Cast iron pan v5;Wooden pallet;WOO;TER;WAL;827;33000,0;31.12.2025
CBH-0131;Fig Scented candle;Gift box;PAP;PRI;ENG;7.565;454000,0;30.06.2025
CBH-0131;Fig Scented candle;Tissue;PAP;PRI;ENG;7.565;38000,0;30.06.2025
CBH-0131;Fig Scented candle;Master carton;PAP;SHP;ENG;7.565;265000,0;30.06.2025
CBH-0131;Fig Scented candle;Gift box;PAP;PRI;WAL;3.273;196000,0;30.06.2025
CBH-0131;Fig Scented candle;Tissue;PAP;PRI;WAL;3.273;16000,0;30.06.2025
CBH-0131;Fig Scented candle;Master carton;PAP;SHP;WAL;3.273;115000,0;30.06.2025
CBH-0131;Fig Scented candle;Gift box;PAP;PRI;ENG;8.750;525000,0;31.12.2025
CBH-0131;Fig Scented candle;Tissue;PAP;PRI;ENG;8.750;44000,0;31.12.2025
CBH-0131;Fig Scented candle;Master carton;PAP;SHP;ENG;8.750;306000,0;31.12.2025
CBH-0131;Fig Scented candle;Gift box;PAP;PRI;WAL;3.549;213000,0;31.12.2025
CBH-0131;Fig Scented candle;Tissue;PAP;PRI;WAL;3.549;18000,0;31.12.2025
CBH-0131;Fig Scented candle;Master carton;PAP;SHP;WAL;3.549;124000,0;31.12.2025
CBH-0132;Crème brûlée Scented candle;Gift box;PAP;PRI;ENG;4.347;261000,0;30.06.2025
CBH-0132;Crème brûlée Scented candle;Tissue;PAP;PRI;ENG;4.347;22000,0;30.06.2025
CBH-0132;Crème brûlée Scented candle;Master carton;PAP;SHP;ENG;4.347;152000,0;30.06.2025
CBH-0132;Crème brûlée Scented candle;Gift box;PAP;PRI;WAL;2.132;128000,0;30.06.2025
CBH-0132;Crème brûlée Scented candle;Tissue;PAP;PRI;WAL;2.132;11000,0;30.06.2025
CBH-0132;Crème brûlée Scented candle;Master carton;PAP;SHP;WAL;2.132;75000,0;30.06.2025
CBH-0132;Crème brûlée Scented candle;Gift box;PAP;PRI;ENG;4.883;293000,0;31.12.2025
CBH-0132;Crème brûlée Scented candle;Tissue;PAP;PRI;ENG;4.883;24000,0;31.12.2025
CBH-0132;Crème brûlée Scented candle;Master carton;PAP;SHP;ENG;4.883;171000,0;31.12.2025
CBH-0132;Crème brûlée Scented candle;Gift box;PAP;PRI;WAL;1.986;119000,0;31.12.2025
CBH-0132;Crème brûlée Scented candle;Tissue;PAP;PRI;WAL;1.986;10000,0;31.12.2025
CBH-0132;Crème brûlée Scented candle;Master carton;PAP;SHP;WAL;1.986;70000,0;31.12.2025
CBH-0133;Sea Salt Scented candle;Gift box;PAP;PRI;ENG;4.962;298000,0;30.06.2025
CBH-0133;Sea Salt Scented candle;Tissue;PAP;PRI;ENG;4.962;25000,0;30.06.2025
CBH-0133;Sea Salt Scented candle;Master carton;PAP;SHP;ENG;4.962;174000,0;30.06.2025
CBH-0133;Sea Salt Scented candle;Gift box;PAP;PRI;WAL;2.155;129000,0;30.06.2025
CBH-0133;Sea Salt Scented candle;Tissue;PAP;PRI;WAL;2.155;11000,0;30.06.2025
CBH-0133;Sea Salt Scented candle;Master carton;PAP;SHP;WAL;2.155;75000,0;30.06.2025
CBH-0133;Sea Salt Scented candle;Gift box;PAP;PRI;ENG;5.719;343000,0;31.12.2025
CBH-0133;Sea Salt Scented candle;Tissue;PAP;PRI;ENG;5.719;29000,0;31.12.2025
CBH-0133;Sea Salt Scented candle;Master carton;PAP;SHP;ENG;5.719;200000,0;31.12.2025
CBH-0133;Sea Salt Scented candle;Gift box;PAP;PRI;WAL;2.295;138000,0;31.12.2025
CBH-0133;Sea Salt Scented candle;Tissue;PAP;PRI;WAL;2.295;11000,0;31.12.2025
CBH-0133;Sea Salt Scented candle;Master carton;PAP;SHP;WAL;2.295;80000,0;31.12.2025
CBH-0134;Amber Scented candle;Gift box;PAP;PRI;ENG;16.015;961000,0;30.06.2025
CBH-0134;Amber Scented candle;Tissue;PAP;PRI;ENG;16.015;80000,0;30.06.2025
CBH-0134;Amber Scented candle;Master carton;PAP;SHP;ENG;16.015;561000,0;30.06.2025
CBH-0134;Amber Scented candle;Gift box;PAP;PRI;WAL;7.181;431000,0;30.06.2025
CBH-0134;Amber Scented candle;Tissue;PAP;PRI;WAL;7.181;36000,0;30.06.2025
CBH-0134;Amber Scented candle;Master carton;PAP;SHP;WAL;7.181;251000,0;30.06.2025
CBH-0134;Amber Scented candle;Gift box;PAP;PRI;ENG;17.759;1066000,0;31.12.2025
CBH-0134;Amber Scented candle;Tissue;PAP;PRI;ENG;17.759;89000,0;31.12.2025
CBH-0134;Amber Scented candle;Master carton;PAP;SHP;ENG;17.759;622000,0;31.12.2025
CBH-0134;Amber Scented candle;Gift box;PAP;PRI;WAL;7.957;477000,0;31.12.2025
CBH-0134;Amber Scented candle;Tissue;PAP;PRI;WAL;7.957;40000,0;31.12.2025
CBH-0134;Amber Scented candle;Master carton;PAP;SHP;WAL;7.957;278000,0;31.12.2025
CBH-0135;Cedar Scented candle;Gift box;PAP;PRI;ENG;3.564;214000,0;30.06.2025
CBH-0135;Cedar Scented candle;Tissue;PAP;PRI;ENG;3.564;18000,0;30.06.2025
CBH-0135;Cedar Scented candle;Master carton;PAP;SHP;ENG;3.564;125000,0;30.06.2025
CBH-0135;Cedar Scented candle;Gift box;PAP;PRI;WAL;1.537;92000,0;30.06.2025
CBH-0135;Cedar Scented candle;Tissue;PAP;PRI;WAL;1.537;8000,0;30.06.2025
CBH-0135;Cedar Scented candle;Master carton;PAP;SHP;WAL;1.537;54000,0;30.06.2025
CBH-0135;Cedar Scented candle;Gift box;PAP;PRI;ENG;3.954;237000,0;31.12.2025
CBH-0135;Cedar Scented candle;Tissue;PAP;PRI;ENG;3.954;20000,0;31.12.2025
CBH-0135;Cedar Scented candle;Master carton;PAP;SHP;ENG;3.954;138000,0;31.12.2025
CBH-0135;Cedar Scented candle;Gift box;PAP;PRI;WAL;1.623;97000,0;31.12.2025
CBH-0135;Cedar Scented candle;Tissue;PAP;PRI;WAL;1.623;8000,0;31.12.2025
CBH-0135;Cedar Scented candle;Master carton;PAP;SHP;WAL;1.623;57000,0;31.12.2025
CBH-0136;Rose Scented candle;Gift box;PAP;PRI;ENG;13.223;793000,0;30.06.2025
CBH-0136;Rose Scented candle;Tissue;PAP;PRI;ENG;13.223;66000,0;30.06.2025
CBH-0136;Rose Scented candle;Master carton;PAP;SHP;ENG;13.223;463000,0;30.06.2025
CBH-0136;Rose Scented candle;Gift box;PAP;PRI;WAL;5.311;319000,0;30.06.2025
CBH-0136;Rose Scented candle;Tissue;PAP;PRI;WAL;5.311;27000,0;30.06.2025
CBH-0136;Rose Scented candle;Master carton;PAP;SHP;WAL;5.311;186000,0;30.06.2025
CBH-0136;Rose Scented candle;Gift box;PAP;PRI;ENG;12.128;728000,0;31.12.2025
CBH-0136;Rose Scented candle;Tissue;PAP;PRI;ENG;12.128;61000,0;31.12.2025
CBH-0136;Rose Scented candle;Master carton;PAP;SHP;ENG;12.128;424000,0;31.12.2025
CBH-0136;Rose Scented candle;Gift box;PAP;PRI;WAL;5.370;322000,0;31.12.2025
CBH-0136;Rose Scented candle;Tissue;PAP;PRI;WAL;5.370;27000,0;31.12.2025
CBH-0136;Rose Scented candle;Master carton;PAP;SHP;WAL;5.370;188000,0;31.12.2025
CBH-0137;Fig Scented candle v2;Gift box;PAP;PRI;ENG;6.852;411000,0;30.06.2025
CBH-0137;Fig Scented candle v2;Tissue;PAP;PRI;ENG;6.852;34000,0;30.06.2025
CBH-0137;Fig Scented candle v2;Master carton;PAP;SHP;ENG;6.852;240000,0;30.06.2025
CBH-0137;Fig Scented candle v2;Gift box;PAP;PRI;WAL;3.100;186000,0;30.06.2025
CBH-0137;Fig Scented candle v2;Tissue;PAP;PRI;WAL;3.100;16000,0;30.06.2025
CBH-0137;Fig Scented candle v2;Master carton;PAP;SHP;WAL;3.100;108000,0;30.06.2025
CBH-0137;Fig Scented candle v2;Gift box;PAP;PRI;ENG;8.007;480000,0;31.12.2025
CBH-0137;Fig Scented candle v2;Tissue;PAP;PRI;ENG;8.007;40000,0;31.12.2025
CBH-0137;Fig Scented candle v2;Master carton;PAP;SHP;ENG;8.007;280000,0;31.12.2025
CBH-0137;Fig Scented candle v2;Gift box;PAP;PRI;WAL;3.360;202000,0;31.12.2025
CBH-0137;Fig Scented candle v2;Tissue;PAP;PRI;WAL;3.360;17000,0;31.12.2025
CBH-0137;Fig Scented candle v2;Master carton;PAP;SHP;WAL;3.360;118000,0;31.12.2025
CBH-0138;Crème brûlée Scented candle v2;Gift box;PAP;PRI;ENG;2.529;152000,0;30.06.2025
CBH-0138;Crème brûlée Scented candle v2;Tissue;PAP;PRI;ENG;2.529;13000,0;30.06.2025
CBH-0138;Crème brûlée Scented candle v2;Master carton;PAP;SHP;ENG;2.529;89000,0;30.06.2025
CBH-0138;Crème brûlée Scented candle v2;Gift box;PAP;PRI;WAL;1.020;61000,0;30.06.2025
CBH-0138;Crème brûlée Scented candle v2;Tissue;PAP;PRI;WAL;1.020;5000,0;30.06.2025
CBH-0138;Crème brûlée Scented candle v2;Master carton;PAP;SHP;WAL;1.020;36000,0;30.06.2025
CBH-0138;Crème brûlée Scented candle v2;Gift box;PAP;PRI;ENG;2.276;137000,0;31.12.2025
CBH-0138;Crème brûlée Scented candle v2;Tissue;PAP;PRI;ENG;2.276;11000,0;31.12.2025
CBH-0138;Crème brûlée Scented candle v2;Master carton;PAP;SHP;ENG;2.276;80000,0;31.12.2025
CBH-0138;Crème brûlée Scented candle v2;Gift box;PAP;PRI;WAL;994;60000,0;31.12.2025
CBH-0138;Crème brûlée Scented candle v2;Tissue;PAP;PRI;WAL;994;5000,0;31.12.2025
CBH-0138;Crème brûlée Scented candle v2;Master carton;PAP;SHP;WAL;994;35000,0;31.12.2025
CBH-0139;Sea Salt Scented candle v2;Gift box;PAP;PRI;ENG;3.518;211000,0;30.06.2025
CBH-0139;Sea Salt Scented candle v2;Tissue;PAP;PRI;ENG;3.518;18000,0;30.06.2025
CBH-0139;Sea Salt Scented candle v2;Master carton;PAP;SHP;ENG;3.518;123000,0;30.06.2025
CBH-0139;Sea Salt Scented candle v2;Gift box;PAP;PRI;WAL;1.678;101000,0;30.06.2025
CBH-0139;Sea Salt Scented candle v2;Tissue;PAP;PRI;WAL;1.678;8000,0;30.06.2025
CBH-0139;Sea Salt Scented candle v2;Master carton;PAP;SHP;WAL;1.678;59000,0;30.06.2025
CBH-0139;Sea Salt Scented candle v2;Gift box;PAP;PRI;ENG;3.880;233000,0;31.12.2025
CBH-0139;Sea Salt Scented candle v2;Tissue;PAP;PRI;ENG;3.880;19000,0;31.12.2025
CBH-0139;Sea Salt Scented candle v2;Master carton;PAP;SHP;ENG;3.880;136000,0;31.12.2025
CBH-0139;Sea Salt Scented candle v2;Gift box;PAP;PRI;WAL;1.803;108000,0;31.12.2025
CBH-0139;Sea Salt Scented candle v2;Tissue;PAP;PRI;WAL;1.803;9000,0;31.12.2025
CBH-0139;Sea Salt Scented candle v2;Master carton;PAP;SHP;WAL;1.803;63000,0;31.12.2025
CBH-0140;Amber Scented candle v2;Gift box;PAP;PRI;ENG;1.966;118000,0;30.06.2025
CBH-0140;Amber Scented candle v2;Tissue;PAP;PRI;ENG;1.966;10000,0;30.06.2025
CBH-0140;Amber Scented candle v2;Master carton;PAP;SHP;ENG;1.966;69000,0;30.06.2025
CBH-0140;Amber Scented candle v2;Gift box;PAP;PRI;WAL;848;51000,0;30.06.2025
CBH-0140;Amber Scented candle v2;Tissue;PAP;PRI;WAL;848;4000,0;30.06.2025
CBH-0140;Amber Scented candle v2;Master carton;PAP;SHP;WAL;848;30000,0;30.06.2025
CBH-0140;Amber Scented candle v2;Gift box;PAP;PRI;ENG;1.654;99000,0;31.12.2025
CBH-0140;Amber Scented candle v2;Tissue;PAP;PRI;ENG;1.654;8000,0;31.12.2025
CBH-0140;Amber Scented candle v2;Master carton;PAP;SHP;ENG;1.654;58000,0;31.12.2025
CBH-0140;Amber Scented candle v2;Gift box;PAP;PRI;WAL;756;45000,0;31.12.2025
CBH-0140;Amber Scented candle v2;Tissue;PAP;PRI;WAL;756;4000,0;31.12.2025
CBH-0140;Amber Scented candle v2;Master carton;PAP;SHP;WAL;756;26000,0;31.12.2025
CBH-0141;Cedar Scented candle v2;Gift box;PAP;PRI;ENG;4.830;290000,0;30.06.2025
CBH-0141;Cedar Scented candle v2;Tissue;PAP;PRI;ENG;4.830;24000,0;30.06.2025
CBH-0141;Cedar Scented candle v2;Master carton;PAP;SHP;ENG;4.830;169000,0;30.06.2025
CBH-0141;Cedar Scented candle v2;Gift box;PAP;PRI;WAL;1.965;118000,0;30.06.2025
CBH-0141;Cedar Scented candle v2;Tissue;PAP;PRI;WAL;1.965;10000,0;30.06.2025
CBH-0141;Cedar Scented candle v2;Master carton;PAP;SHP;WAL;1.965;69000,0;30.06.2025
CBH-0141;Cedar Scented candle v2;Gift box;PAP;PRI;ENG;4.787;287000,0;31.12.2025
CBH-0141;Cedar Scented candle v2;Tissue;PAP;PRI;ENG;4.787;24000,0;31.12.2025
CBH-0141;Cedar Scented candle v2;Master carton;PAP;SHP;ENG;4.787;168000,0;31.12.2025
CBH-0141;Cedar Scented candle v2;Gift box;PAP;PRI;WAL;1.885;113000,0;31.12.2025
CBH-0141;Cedar Scented candle v2;Tissue;PAP;PRI;WAL;1.885;9000,0;31.12.2025
CBH-0141;Cedar Scented candle v2;Master carton;PAP;SHP;WAL;1.885;66000,0;31.12.2025
CBH-0142;Rose Scented candle v2;Gift box;PAP;PRI;ENG;913;55000,0;30.06.2025
CBH-0142;Rose Scented candle v2;Tissue;PAP;PRI;ENG;913;5000,0;30.06.2025
CBH-0142;Rose Scented candle v2;Master carton;PAP;SHP;ENG;913;32000,0;30.06.2025
CBH-0142;Rose Scented candle v2;Gift box;PAP;PRI;WAL;361;22000,0;30.06.2025
CBH-0142;Rose Scented candle v2;Tissue;PAP;PRI;WAL;361;2000,0;30.06.2025
CBH-0142;Rose Scented candle v2;Master carton;PAP;SHP;WAL;361;13000,0;30.06.2025
CBH-0142;Rose Scented candle v2;Gift box;PAP;PRI;ENG;926;56000,0;31.12.2025
CBH-0142;Rose Scented candle v2;Tissue;PAP;PRI;ENG;926;5000,0;31.12.2025
CBH-0142;Rose Scented candle v2;Master carton;PAP;SHP;ENG;926;32000,0;31.12.2025
CBH-0142;Rose Scented candle v2;Gift box;PAP;PRI;WAL;411;25000,0;31.12.2025
CBH-0142;Rose Scented candle v2;Tissue;PAP;PRI;WAL;411;2000,0;31.12.2025
CBH-0142;Rose Scented candle v2;Master carton;PAP;SHP;WAL;411;14000,0;31.12.2025
CBH-0143;Fig Scented candle v3;Gift box;PAP;PRI;ENG;1.208;72000,0;30.06.2025
CBH-0143;Fig Scented candle v3;Tissue;PAP;PRI;ENG;1.208;6000,0;30.06.2025
CBH-0143;Fig Scented candle v3;Master carton;PAP;SHP;ENG;1.208;42000,0;30.06.2025
CBH-0143;Fig Scented candle v3;Gift box;PAP;PRI;WAL;488;29000,0;30.06.2025
CBH-0143;Fig Scented candle v3;Tissue;PAP;PRI;WAL;488;2000,0;30.06.2025
CBH-0143;Fig Scented candle v3;Master carton;PAP;SHP;WAL;488;17000,0;30.06.2025
CBH-0143;Fig Scented candle v3;Gift box;PAP;PRI;ENG;1.489;89000,0;31.12.2025
CBH-0143;Fig Scented candle v3;Tissue;PAP;PRI;ENG;1.489;7000,0;31.12.2025
CBH-0143;Fig Scented candle v3;Master carton;PAP;SHP;ENG;1.489;52000,0;31.12.2025
CBH-0143;Fig Scented candle v3;Gift box;PAP;PRI;WAL;559;34000,0;31.12.2025
CBH-0143;Fig Scented candle v3;Tissue;PAP;PRI;WAL;559;3000,0;31.12.2025
CBH-0143;Fig Scented candle v3;Master carton;PAP;SHP;WAL;559;20000,0;31.12.2025
CBH-0144;Crème brûlée Scented candle v3;Gift box;PAP;PRI;ENG;4.071;244000,0;30.06.2025
CBH-0144;Crème brûlée Scented candle v3;Tissue;PAP;PRI;ENG;4.071;20000,0;30.06.2025
CBH-0144;Crème brûlée Scented candle v3;Master carton;PAP;SHP;ENG;4.071;142000,0;30.06.2025
CBH-0144;Crème brûlée Scented candle v3;Gift box;PAP;PRI;WAL;1.767;106000,0;30.06.2025
CBH-0144;Crème brûlée Scented candle v3;Tissue;PAP;PRI;WAL;1.767;9000,0;30.06.2025
CBH-0144;Crème brûlée Scented candle v3;Master carton;PAP;SHP;WAL;1.767;62000,0;30.06.2025
CBH-0144;Crème brûlée Scented candle v3;Gift box;PAP;PRI;ENG;4.776;287000,0;31.12.2025
CBH-0144;Crème brûlée Scented candle v3;Tissue;PAP;PRI;ENG;4.776;24000,0;31.12.2025
CBH-0144;Crème brûlée Scented candle v3;Master carton;PAP;SHP;ENG;4.776;167000,0;31.12.2025
CBH-0144;Crème brûlée Scented candle v3;Gift box;PAP;PRI;WAL;2.025;122000,0;31.12.2025
CBH-0144;Crème brûlée Scented candle v3;Tissue;PAP;PRI;WAL;2.025;10000,0;31.12.2025
CBH-0144;Crème brûlée Scented candle v3;Master carton;PAP;SHP;WAL;2.025;71000,0;31.12.2025
CBH-0145;Sea Salt Scented candle v3;Gift box;PAP;PRI;ENG;2.189;131000,0;30.06.2025
CBH-0145;Sea Salt Scented candle v3;Tissue;PAP;PRI;ENG;2.189;11000,0;30.06.2025
CBH-0145;Sea Salt Scented candle v3;Master carton;PAP;SHP;ENG;2.189;77000,0;30.06.2025
CBH-0145;Sea Salt Scented candle v3;Gift box;PAP;PRI;WAL;896;54000,0;30.06.2025
CBH-0145;Sea Salt Scented candle v3;Tissue;PAP;PRI;WAL;896;4000,0;30.06.2025
CBH-0145;Sea Salt Scented candle v3;Master carton;PAP;SHP;WAL;896;31000,0;30.06.2025
CBH-0145;Sea Salt Scented candle v3;Gift box;PAP;PRI;ENG;2.196;132000,0;31.12.2025
CBH-0145;Sea Salt Scented candle v3;Tissue;PAP;PRI;ENG;2.196;11000,0;31.12.2025
CBH-0145;Sea Salt Scented candle v3;Master carton;PAP;SHP;ENG;2.196;77000,0;31.12.2025
CBH-0145;Sea Salt Scented candle v3;Gift box;PAP;PRI;WAL;989;59000,0;31.12.2025
CBH-0145;Sea Salt Scented candle v3;Tissue;PAP;PRI;WAL;989;5000,0;31.12.2025
CBH-0145;Sea Salt Scented candle v3;Master carton;PAP;SHP;WAL;989;35000,0;31.12.2025
CBH-0146;Amber Scented candle v3;Gift box;PAP;PRI;ENG;2.417;145000,0;30.06.2025
CBH-0146;Amber Scented candle v3;Tissue;PAP;PRI;ENG;2.417;12000,0;30.06.2025
CBH-0146;Amber Scented candle v3;Master carton;PAP;SHP;ENG;2.417;85000,0;30.06.2025
CBH-0146;Amber Scented candle v3;Gift box;PAP;PRI;WAL;896;54000,0;30.06.2025
CBH-0146;Amber Scented candle v3;Tissue;PAP;PRI;WAL;896;4000,0;30.06.2025
CBH-0146;Amber Scented candle v3;Master carton;PAP;SHP;WAL;896;31000,0;30.06.2025
CBH-0146;Amber Scented candle v3;Gift box;PAP;PRI;ENG;2.532;152000,0;31.12.2025
CBH-0146;Amber Scented candle v3;Tissue;PAP;PRI;ENG;2.532;13000,0;31.12.2025
CBH-0146;Amber Scented candle v3;Master carton;PAP;SHP;ENG;2.532;89000,0;31.12.2025
CBH-0146;Amber Scented candle v3;Gift box;PAP;PRI;WAL;1.070;64000,0;31.12.2025
CBH-0146;Amber Scented candle v3;Tissue;PAP;PRI;WAL;1.070;5000,0;31.12.2025
CBH-0146;Amber Scented candle v3;Master carton;PAP;SHP;WAL;1.070;37000,0;31.12.2025
CBH-0147;Cedar Scented candle v3;Gift box;PAP;PRI;ENG;594;36000,0;30.06.2025
CBH-0147;Cedar Scented candle v3;Tissue;PAP;PRI;ENG;594;3000,0;30.06.2025
CBH-0147;Cedar Scented candle v3;Master carton;PAP;SHP;ENG;594;21000,0;30.06.2025
CBH-0147;Cedar Scented candle v3;Gift box;PAP;PRI;WAL;238;14000,0;30.06.2025
CBH-0147;Cedar Scented candle v3;Tissue;PAP;PRI;WAL;238;1000,0;30.06.2025
CBH-0147;Cedar Scented candle v3;Master carton;PAP;SHP;WAL;238;8000,0;30.06.2025
CBH-0147;Cedar Scented candle v3;Gift box;PAP;PRI;ENG;606;36000,0;31.12.2025
CBH-0147;Cedar Scented candle v3;Tissue;PAP;PRI;ENG;606;3000,0;31.12.2025
CBH-0147;Cedar Scented candle v3;Master carton;PAP;SHP;ENG;606;21000,0;31.12.2025
CBH-0147;Cedar Scented candle v3;Gift box;PAP;PRI;WAL;263;16000,0;31.12.2025
CBH-0147;Cedar Scented candle v3;Tissue;PAP;PRI;WAL;263;1000,0;31.12.2025
CBH-0147;Cedar Scented candle v3;Master carton;PAP;SHP;WAL;263;9000,0;31.12.2025
CBH-0148;Rose Scented candle v3;Gift box;PAP;PRI;ENG;7.520;451000,0;30.06.2025
CBH-0148;Rose Scented candle v3;Tissue;PAP;PRI;ENG;7.520;38000,0;30.06.2025
CBH-0148;Rose Scented candle v3;Master carton;PAP;SHP;ENG;7.520;263000,0;30.06.2025
CBH-0148;Rose Scented candle v3;Gift box;PAP;PRI;WAL;3.527;212000,0;30.06.2025
CBH-0148;Rose Scented candle v3;Tissue;PAP;PRI;WAL;3.527;18000,0;30.06.2025
CBH-0148;Rose Scented candle v3;Master carton;PAP;SHP;WAL;3.527;123000,0;30.06.2025
CBH-0148;Rose Scented candle v3;Gift box;PAP;PRI;ENG;8.744;525000,0;31.12.2025
CBH-0148;Rose Scented candle v3;Tissue;PAP;PRI;ENG;8.744;44000,0;31.12.2025
CBH-0148;Rose Scented candle v3;Master carton;PAP;SHP;ENG;8.744;306000,0;31.12.2025
CBH-0148;Rose Scented candle v3;Gift box;PAP;PRI;WAL;4.133;248000,0;31.12.2025
CBH-0148;Rose Scented candle v3;Tissue;PAP;PRI;WAL;4.133;21000,0;31.12.2025
CBH-0148;Rose Scented candle v3;Master carton;PAP;SHP;WAL;4.133;145000,0;31.12.2025
CBH-0149;Fig Scented candle v4;Gift box;PAP;PRI;ENG;6.112;367000,0;30.06.2025
CBH-0149;Fig Scented candle v4;Tissue;PAP;PRI;ENG;6.112;31000,0;30.06.2025
CBH-0149;Fig Scented candle v4;Master carton;PAP;SHP;ENG;6.112;214000,0;30.06.2025
CBH-0149;Fig Scented candle v4;Gift box;PAP;PRI;WAL;2.637;158000,0;30.06.2025
CBH-0149;Fig Scented candle v4;Tissue;PAP;PRI;WAL;2.637;13000,0;30.06.2025
CBH-0149;Fig Scented candle v4;Master carton;PAP;SHP;WAL;2.637;92000,0;30.06.2025
CBH-0149;Fig Scented candle v4;Gift box;PAP;PRI;ENG;6.332;380000,0;31.12.2025
CBH-0149;Fig Scented candle v4;Tissue;PAP;PRI;ENG;6.332;32000,0;31.12.2025
CBH-0149;Fig Scented candle v4;Master carton;PAP;SHP;ENG;6.332;222000,0;31.12.2025
CBH-0149;Fig Scented candle v4;Gift box;PAP;PRI;WAL;3.105;186000,0;31.12.2025
CBH-0149;Fig Scented candle v4;Tissue;PAP;PRI;WAL;3.105;16000,0;31.12.2025
CBH-0149;Fig Scented candle v4;Master carton;PAP;SHP;WAL;3.105;109000,0;31.12.2025
CBH-0150;Crème brûlée Scented candle v4;Gift box;PAP;PRI;ENG;828;50000,0;30.06.2025
CBH-0150;Crème brûlée Scented candle v4;Tissue;PAP;PRI;ENG;828;4000,0;30.06.2025
CBH-0150;Crème brûlée Scented candle v4;Master carton;PAP;SHP;ENG;828;29000,0;30.06.2025
CBH-0150;Crème brûlée Scented candle v4;Gift box;PAP;PRI;WAL;356;21000,0;30.06.2025
CBH-0150;Crème brûlée Scented candle v4;Tissue;PAP;PRI;WAL;356;2000,0;30.06.2025
CBH-0150;Crème brûlée Scented candle v4;Master carton;PAP;SHP;WAL;356;12000,0;30.06.2025
CBH-0150;Crème brûlée Scented candle v4;Gift box;PAP;PRI;ENG;960;58000,0;31.12.2025
CBH-0150;Crème brûlée Scented candle v4;Tissue;PAP;PRI;ENG;960;5000,0;31.12.2025
CBH-0150;Crème brûlée Scented candle v4;Master carton;PAP;SHP;ENG;960;34000,0;31.12.2025
CBH-0150;Crème brûlée Scented candle v4;Gift box;PAP;PRI;WAL;428;26000,0;31.12.2025
CBH-0150;Crème brûlée Scented candle v4;Tissue;PAP;PRI;WAL;428;2000,0;31.12.2025
CBH-0150;Crème brûlée Scented candle v4;Master carton;PAP;SHP;WAL;428;15000,0;31.12.2025
CBH-0151;Sea Salt Scented candle v4;Gift box;PAP;PRI;ENG;677;41000,0;30.06.2025
CBH-0151;Sea Salt Scented candle v4;Tissue;PAP;PRI;ENG;677;3000,0;30.06.2025
CBH-0151;Sea Salt Scented candle v4;Master carton;PAP;SHP;ENG;677;24000,0;30.06.2025
CBH-0151;Sea Salt Scented candle v4;Gift box;PAP;PRI;WAL;322;19000,0;30.06.2025
CBH-0151;Sea Salt Scented candle v4;Tissue;PAP;PRI;WAL;322;2000,0;30.06.2025
CBH-0151;Sea Salt Scented candle v4;Master carton;PAP;SHP;WAL;322;11000,0;30.06.2025
CBH-0151;Sea Salt Scented candle v4;Gift box;PAP;PRI;ENG;720;43000,0;31.12.2025
CBH-0151;Sea Salt Scented candle v4;Tissue;PAP;PRI;ENG;720;4000,0;31.12.2025
CBH-0151;Sea Salt Scented candle v4;Master carton;PAP;SHP;ENG;720;25000,0;31.12.2025
CBH-0151;Sea Salt Scented candle v4;Gift box;PAP;PRI;WAL;300;18000,0;31.12.2025
CBH-0151;Sea Salt Scented candle v4;Tissue;PAP;PRI;WAL;300;2000,0;31.12.2025
CBH-0151;Sea Salt Scented candle v4;Master carton;PAP;SHP;WAL;300;10000,0;31.12.2025
CBH-0152;Amber Scented candle v4;Gift box;PAP;PRI;ENG;2.686;161000,0;30.06.2025
CBH-0152;Amber Scented candle v4;Tissue;PAP;PRI;ENG;2.686;13000,0;30.06.2025
CBH-0152;Amber Scented candle v4;Master carton;PAP;SHP;ENG;2.686;94000,0;30.06.2025
CBH-0152;Amber Scented candle v4;Gift box;PAP;PRI;WAL;1.138;68000,0;30.06.2025
CBH-0152;Amber Scented candle v4;Tissue;PAP;PRI;WAL;1.138;6000,0;30.06.2025
CBH-0152;Amber Scented candle v4;Master carton;PAP;SHP;WAL;1.138;40000,0;30.06.2025
CBH-0152;Amber Scented candle v4;Gift box;PAP;PRI;ENG;2.961;178000,0;31.12.2025
CBH-0152;Amber Scented candle v4;Tissue;PAP;PRI;ENG;2.961;15000,0;31.12.2025
CBH-0152;Amber Scented candle v4;Master carton;PAP;SHP;ENG;2.961;104000,0;31.12.2025
CBH-0152;Amber Scented candle v4;Gift box;PAP;PRI;WAL;1.273;76000,0;31.12.2025
CBH-0152;Amber Scented candle v4;Tissue;PAP;PRI;WAL;1.273;6000,0;31.12.2025
CBH-0152;Amber Scented candle v4;Master carton;PAP;SHP;WAL;1.273;45000,0;31.12.2025
CBH-0153;Cedar Scented candle v4;Gift box;PAP;PRI;ENG;6.611;397000,0;30.06.2025
CBH-0153;Cedar Scented candle v4;Tissue;PAP;PRI;ENG;6.611;33000,0;30.06.2025
CBH-0153;Cedar Scented candle v4;Master carton;PAP;SHP;ENG;6.611;231000,0;30.06.2025
CBH-0153;Cedar Scented candle v4;Gift box;PAP;PRI;WAL;2.789;167000,0;30.06.2025
CBH-0153;Cedar Scented candle v4;Tissue;PAP;PRI;WAL;2.789;14000,0;30.06.2025
CBH-0153;Cedar Scented candle v4;Master carton;PAP;SHP;WAL;2.789;98000,0;30.06.2025
CBH-0153;Cedar Scented candle v4;Gift box;PAP;PRI;ENG;6.605;396000,0;31.12.2025
CBH-0153;Cedar Scented candle v4;Tissue;PAP;PRI;ENG;6.605;33000,0;31.12.2025
CBH-0153;Cedar Scented candle v4;Master carton;PAP;SHP;ENG;6.605;231000,0;31.12.2025
CBH-0153;Cedar Scented candle v4;Gift box;PAP;PRI;WAL;3.085;185000,0;31.12.2025
CBH-0153;Cedar Scented candle v4;Tissue;PAP;PRI;WAL;3.085;15000,0;31.12.2025
CBH-0153;Cedar Scented candle v4;Master carton;PAP;SHP;WAL;3.085;108000,0;31.12.2025
CBH-0154;Rose Scented candle v4;Gift box;PAP;PRI;ENG;1.269;76000,0;30.06.2025
CBH-0154;Rose Scented candle v4;Tissue;PAP;PRI;ENG;1.269;6000,0;30.06.2025
CBH-0154;Rose Scented candle v4;Master carton;PAP;SHP;ENG;1.269;44000,0;30.06.2025
CBH-0154;Rose Scented candle v4;Gift box;PAP;PRI;WAL;545;33000,0;30.06.2025
CBH-0154;Rose Scented candle v4;Tissue;PAP;PRI;WAL;545;3000,0;30.06.2025
CBH-0154;Rose Scented candle v4;Master carton;PAP;SHP;WAL;545;19000,0;30.06.2025
CBH-0154;Rose Scented candle v4;Gift box;PAP;PRI;ENG;1.291;77000,0;31.12.2025
CBH-0154;Rose Scented candle v4;Tissue;PAP;PRI;ENG;1.291;6000,0;31.12.2025
CBH-0154;Rose Scented candle v4;Master carton;PAP;SHP;ENG;1.291;45000,0;31.12.2025
CBH-0154;Rose Scented candle v4;Gift box;PAP;PRI;WAL;522;31000,0;31.12.2025
CBH-0154;Rose Scented candle v4;Tissue;PAP;PRI;WAL;522;3000,0;31.12.2025
CBH-0154;Rose Scented candle v4;Master carton;PAP;SHP;WAL;522;18000,0;31.12.2025
CBH-0155;Fig Scented candle v5;Gift box;PAP;PRI;ENG;1.979;119000,0;30.06.2025
CBH-0155;Fig Scented candle v5;Tissue;PAP;PRI;ENG;1.979;10000,0;30.06.2025
CBH-0155;Fig Scented candle v5;Master carton;PAP;SHP;ENG;1.979;69000,0;30.06.2025
CBH-0155;Fig Scented candle v5;Gift box;PAP;PRI;WAL;746;45000,0;30.06.2025
CBH-0155;Fig Scented candle v5;Tissue;PAP;PRI;WAL;746;4000,0;30.06.2025
CBH-0155;Fig Scented candle v5;Master carton;PAP;SHP;WAL;746;26000,0;30.06.2025
CBH-0155;Fig Scented candle v5;Gift box;PAP;PRI;ENG;2.101;126000,0;31.12.2025
CBH-0155;Fig Scented candle v5;Tissue;PAP;PRI;ENG;2.101;11000,0;31.12.2025
CBH-0155;Fig Scented candle v5;Master carton;PAP;SHP;ENG;2.101;74000,0;31.12.2025
CBH-0155;Fig Scented candle v5;Gift box;PAP;PRI;WAL;858;51000,0;31.12.2025
CBH-0155;Fig Scented candle v5;Tissue;PAP;PRI;WAL;858;4000,0;31.12.2025
CBH-0155;Fig Scented candle v5;Master carton;PAP;SHP;WAL;858;30000,0;31.12.2025
CBH-0156;Crème brûlée Scented candle v5;Gift box;PAP;PRI;ENG;978;59000,0;30.06.2025
CBH-0156;Crème brûlée Scented candle v5;Tissue;PAP;PRI;ENG;978;5000,0;30.06.2025
CBH-0156;Crème brûlée Scented candle v5;Master carton;PAP;SHP;ENG;978;34000,0;30.06.2025
CBH-0156;Crème brûlée Scented candle v5;Gift box;PAP;PRI;WAL;430;26000,0;30.06.2025
CBH-0156;Crème brûlée Scented candle v5;Tissue;PAP;PRI;WAL;430;2000,0;30.06.2025
CBH-0156;Crème brûlée Scented candle v5;Master carton;PAP;SHP;WAL;430;15000,0;30.06.2025
CBH-0156;Crème brûlée Scented candle v5;Gift box;PAP;PRI;ENG;1.085;65000,0;31.12.2025
CBH-0156;Crème brûlée Scented candle v5;Tissue;PAP;PRI;ENG;1.085;5000,0;31.12.2025
CBH-0156;Crème brûlée Scented candle v5;Master carton;PAP;SHP;ENG;1.085;38000,0;31.12.2025
CBH-0156;Crème brûlée Scented candle v5;Gift box;PAP;PRI;WAL;477;29000,0;31.12.2025
CBH-0156;Crème brûlée Scented candle v5;Tissue;PAP;PRI;WAL;477;2000,0;31.12.2025
CBH-0156;Crème brûlée Scented candle v5;Master carton;PAP;SHP;WAL;477;17000,0;31.12.2025
CBH-0157;Sea Salt Scented candle v5;Gift box;PAP;PRI;ENG;7.097;426000,0;30.06.2025
CBH-0157;Sea Salt Scented candle v5;Tissue;PAP;PRI;ENG;7.097;35000,0;30.06.2025
CBH-0157;Sea Salt Scented candle v5;Master carton;PAP;SHP;ENG;7.097;248000,0;30.06.2025
CBH-0157;Sea Salt Scented candle v5;Gift box;PAP;PRI;WAL;2.554;153000,0;30.06.2025
CBH-0157;Sea Salt Scented candle v5;Tissue;PAP;PRI;WAL;2.554;13000,0;30.06.2025
CBH-0157;Sea Salt Scented candle v5;Master carton;PAP;SHP;WAL;2.554;89000,0;30.06.2025
CBH-0157;Sea Salt Scented candle v5;Gift box;PAP;PRI;ENG;7.224;433000,0;31.12.2025
CBH-0157;Sea Salt Scented candle v5;Tissue;PAP;PRI;ENG;7.224;36000,0;31.12.2025
CBH-0157;Sea Salt Scented candle v5;Master carton;PAP;SHP;ENG;7.224;253000,0;31.12.2025
CBH-0157;Sea Salt Scented candle v5;Gift box;PAP;PRI;WAL;2.669;160000,0;31.12.2025
CBH-0157;Sea Salt Scented candle v5;Tissue;PAP;PRI;WAL;2.669;13000,0;31.12.2025
CBH-0157;Sea Salt Scented candle v5;Master carton;PAP;SHP;WAL;2.669;93000,0;31.12.2025
CBH-0158;Amber Scented candle v5;Gift box;PAP;PRI;ENG;4.998;300000,0;30.06.2025
CBH-0158;Amber Scented candle v5;Tissue;PAP;PRI;ENG;4.998;25000,0;30.06.2025
CBH-0158;Amber Scented candle v5;Master carton;PAP;SHP;ENG;4.998;175000,0;30.06.2025
CBH-0158;Amber Scented candle v5;Gift box;PAP;PRI;WAL;1.975;118000,0;30.06.2025
CBH-0158;Amber Scented candle v5;Tissue;PAP;PRI;WAL;1.975;10000,0;30.06.2025
CBH-0158;Amber Scented candle v5;Master carton;PAP;SHP;WAL;1.975;69000,0;30.06.2025
CBH-0158;Amber Scented candle v5;Gift box;PAP;PRI;ENG;4.826;290000,0;31.12.2025
CBH-0158;Amber Scented candle v5;Tissue;PAP;PRI;ENG;4.826;24000,0;31.12.2025
CBH-0158;Amber Scented candle v5;Master carton;PAP;SHP;ENG;4.826;169000,0;31.12.2025
CBH-0158;Amber Scented candle v5;Gift box;PAP;PRI;WAL;2.156;129000,0;31.12.2025
CBH-0158;Amber Scented candle v5;Tissue;PAP;PRI;WAL;2.156;11000,0;31.12.2025
CBH-0158;Amber Scented candle v5;Master carton;PAP;SHP;WAL;2.156;75000,0;31.12.2025
CBH-0159;Cedar Scented candle v5;Gift box;PAP;PRI;ENG;2.518;151000,0;30.06.2025
CBH-0159;Cedar Scented candle v5;Tissue;PAP;PRI;ENG;2.518;13000,0;30.06.2025
CBH-0159;Cedar Scented candle v5;Master carton;PAP;SHP;ENG;2.518;88000,0;30.06.2025
CBH-0159;Cedar Scented candle v5;Gift box;PAP;PRI;WAL;1.080;65000,0;30.06.2025
CBH-0159;Cedar Scented candle v5;Tissue;PAP;PRI;WAL;1.080;5000,0;30.06.2025
CBH-0159;Cedar Scented candle v5;Master carton;PAP;SHP;WAL;1.080;38000,0;30.06.2025
CBH-0159;Cedar Scented candle v5;Gift box;PAP;PRI;ENG;2.364;142000,0;31.12.2025
CBH-0159;Cedar Scented candle v5;Tissue;PAP;PRI;ENG;2.364;12000,0;31.12.2025
CBH-0159;Cedar Scented candle v5;Master carton;PAP;SHP;ENG;2.364;83000,0;31.12.2025
CBH-0159;Cedar Scented candle v5;Gift box;PAP;PRI;WAL;1.040;62000,0;31.12.2025
CBH-0159;Cedar Scented candle v5;Tissue;PAP;PRI;WAL;1.040;5000,0;31.12.2025
CBH-0159;Cedar Scented candle v5;Master carton;PAP;SHP;WAL;1.040;36000,0;31.12.2025
CBH-0160;Rose Scented candle v5;Gift box;PAP;PRI;ENG;3.453;207000,0;30.06.2025
CBH-0160;Rose Scented candle v5;Tissue;PAP;PRI;ENG;3.453;17000,0;30.06.2025
CBH-0160;Rose Scented candle v5;Master carton;PAP;SHP;ENG;3.453;121000,0;30.06.2025
CBH-0160;Rose Scented candle v5;Gift box;PAP;PRI;WAL;1.490;89000,0;30.06.2025
CBH-0160;Rose Scented candle v5;Tissue;PAP;PRI;WAL;1.490;7000,0;30.06.2025
CBH-0160;Rose Scented candle v5;Master carton;PAP;SHP;WAL;1.490;52000,0;30.06.2025
CBH-0160;Rose Scented candle v5;Gift box;PAP;PRI;ENG;2.917;175000,0;31.12.2025
CBH-0160;Rose Scented candle v5;Tissue;PAP;PRI;ENG;2.917;15000,0;31.12.2025
CBH-0160;Rose Scented candle v5;Master carton;PAP;SHP;ENG;2.917;102000,0;31.12.2025
CBH-0160;Rose Scented candle v5;Gift box;PAP;PRI;WAL;1.493;90000,0;31.12.2025
CBH-0160;Rose Scented candle v5;Tissue;PAP;PRI;WAL;1.493;7000,0;31.12.2025
CBH-0160;Rose Scented candle v5;Master carton;PAP;SHP;WAL;1.493;52000,0;31.12.2025
;TOTAL;;;;;;408198000,0;
