Item Code,Description,Pack Component,Material Type,Pack Level,Consumer/Business,Country,Qty,Weight (tonnes),Half
SSN-0036,Chicken Stacked tube 160g,Tray,Cardboard,Shipment,Business,N. Ireland,1350,0.034,1
SSN-0013,Lightly Salted Crisps 6x25g multipack,Pallet wrap,Plastik,Tertiary,Non-household,NI,1943,0.001,H2
SSN-0012,BBQ Crisps 6x25g multipack,Shipping case,Cardboard,Shipment,Business,Wales,5727,0.229,H2
SSN-0039,Mixed Nuts Nuts tin 200g,Case,Cardboard,Shipment,Business,N. Ireland,1973,0.059,H1
SSN-0028,Sour Cream Stacked tube 160g,Foil seal,Aluminium foil,Primary,Consumer,Wales,10228,0.015,H2
SSN-0033,Hot Stacked tube 160g,Tray,corrugated,Outer,Business,Scotland,15118,0.378,H1
SSN-0009,Worcester Sauce Crisps 6x25g multipack,Multipack outer bag,PLASTIC,2nd,HH,N. Ireland,1253,0.011,H1
SSN-0001,Ready Salted Crisps 6x25g multipack,Shipping case,Card,Shipment,NHH,Scotland,7108,0.284,H2
SSN-0029,Paprika Stacked tube 160g,Plastic lid,Plastic,Primary,Consumer,N. Ireland,1101,0.004,H2
SSN-0004,Prawn Cocktail Crisps 6x25g multipack,Pallet wrap,PLASTIC,Tertiary,NHH,Wales,3673,0.002,H1
SSN-0048,Salt Vinegar Foodservice box 1kg,Carton,Card,Primary,Non-household,Scotland,11439,1.373,H1
SSN-0022,Rosemary Sharing bag 150g,Shipping case,Cardboard,Shipment,Business,N. Ireland,3373,0.118,H1
SSN-0019,Truffle Sharing bag 150g,Pallet wrap,Plastic,Pallet,Business,England,122947,0.061,H1
SSN-0015,Sea Salt Sharing bag 150g,Shipping case,Paper,Transit,Business,Northern Ireland,1595,0.056,1
SSN-0008,Pickled Onion Crisps 6x25g multipack,Multipack outer bag,Plastic,Secondary,Consumer,England,77029,0.693,H1
SSN-0054,Popcorn Salt Foodservice box 1kg,Bag liner,Plastic,Primary,Business,England,117361,1.408,H2
SSN-0033,Hot Stacked tube 160g,Foil seal,Aluminium foil,prim,Household,ENGLAND,159048,0.239,H2
SSN-0007,Chilli Crisps 6x25g multipack,Shipping case,Paper,Shipment,Business,N. Ireland,1085,0.043,H1
SSN-0015,Sea Salt Sharing bag 150g,Pallet wrap,Plastic,Tertiary,Business,Wales,2501,0.001,1
SSN-0041,Pistachios Nuts tin 200g,Case,Cardboard,Shipment,Non-household,Wales,12257,0.368,H1
SSN-0010,Roast Chicken Crisps 6x25g multipack,Multipack outer bag,plastic film,2nd,HH,England,138350,1.245,H2
SSN-0013,Lightly Salted Crisps 6x25g multipack,Multipack outer bag,Plastik,2nd,Consumer,England,55630,0.501,H1
SSN-0056,Cashews Foodservice box 1kg,Carton,Cardboard,Primary,B2B,Scotland,4853,0.582,2
SSN-0020,Balsamic Sharing bag 150g,Pallet wrap,Plastic,Tertiary,Business,Scotland,4007,0.002,H1
SSN-0045,Pecans Nuts tin 200g,Steel tin,Steel,Primary,Consumer,Wales,6453,0.290,H1
SSN-0040,Chilli Almonds Nuts tin 200g,Steel tin,Tinplate,Primary,Household,Wales,5901,0.266,1
SSN-0025,Lime Sharing bag 150g,Shipping case,Paper/Card,Shipment,B2B,England,11027,0.386,H1
SSN-0002,Salt & Vinegar Crisps 6x25g multipack,Crisp bag film,Plastik,Primary ,Consumer,Scotland,17155,0.185,H1
SSN-0008,Pickled Onion Crisps 6x25g multipack,Crisp bag film,Plastik,Primary,Consumer,England,83843,0.906,H2
SSN-0027,Original Stacked tube 160g,Plastic lid,PLASTIC,Primary,Consumer,Wales,17858,0.071,H2
SSN-0016,Sweet Chilli Sharing bag 150g,Pallet wrap,Plastic,Tertiary,Business,Wales,2624,0.001,H1
SSN-0014,Paprika Crisps 6x25g multipack,Crisp bag film,Plastic,Primary ,Consumer,England,32176,0.348,H2
SSN-0011,Sour Cream Crisps 6x25g multipack,Shipping case,Cardboard,Shipment,Non-household,N. Ireland,1544,0.062,Jul-Dec
SSN-0032,Pizza Stacked tube 160g,Foil seal,Aluminium foil,Primary,Household,Wales,2373,0.004,1
SSN-0002,Salt & Vinegar Crisps 6x25g multipack,Multipack outer bag,Plastic,Secondary,Consumer,Scotland,17345,0.156,H2
SSN-0031,Salt Vinegar Stacked tube 160g,Plastic lid,Plastic,Primary,Consumer,Wales,21672,0.087,H1
SSN-0026,Hot Sauce Sharing bag 150g,Shipping case,corrugated,Shipment,Business,Wales,1736,0.061,H1
SSN-0012,BBQ Crisps 6x25g multipack,Shipping case,Card,Outer,Business,Wales,5004,0.200,H1
SSN-0023,Honey BBQ Sharing bag 150g,Bag film,Plastic,Primary,Consumer,England,59502,0.387,H2
SSN-0032,Pizza Stacked tube 160g,Paper tube,Composite,Primary,HH,Scotland,3553,0.099,Jan-Jun
SSN-0053,Popcorn Sweet Foodservice box 1kg,Carton,Cardboard,Primary,B2B,N. Ireland,8881,1.066,2
SSN-0022,Rosemary Sharing bag 150g,Bag film,plastic film,Primary,Consumer,N. Ireland,3473,0.023,Jul-Dec
SSN-0023,Honey BBQ Sharing bag 150g,Pallet wrap,Plastic,Tertiary,Business,Wales,3084,0.002,H1
SSN-0056,Cashews Foodservice box 1kg,Carton,Cardboard,Primary ,NHH,England,49820,5.978,H1
SSN-0035,Ketchup Stacked tube 160g,Tray,Card,Shipment,B2B,England,22390,0.560,H1
SSN-0015,Sea Salt Sharing bag 150g,Pallet wrap,Plastik,Tertiary,Business,England,46264,0.023,H1
SSN-0018,Black Pepper Sharing bag 150g,Pallet wrap,plastic film,Tertiary,B2B,Scotland,2344,0.001,H2
SSN-0034,Onion Stacked tube 160g,Tray,Cardboard,Transit,Business,England,44420,1.110,1
SSN-0002,Salt & Vinegar Crisps 6x25g multipack,Crisp bag film,Plastic,Primary,Consumer,NI,5786,0.062,Jan-Jun
SSN-0002,Salt & Vinegar Crisps 6x25g multipack,Pallet wrap,PLASTIC,Tertiary,Non-household,Northern Ireland,6471,0.003,H2
SSN-0041,Pistachios Nuts tin 200g,Case,Cardboard,Shipment,Business,Wales,13434,0.403,H2
SSN-0046,Party Mix Nuts tin 200g,Paper label,Cardboard,prim,Household,N. Ireland,7627,0.015,H1
SSN-0051,Peanuts Foodservice box 1kg,Carton,Paper,Primary,Business,N. Ireland,783,0.094,H1
SSN-0006,Sea Salt Crisps 6x25g multipack,Shipping case,Paper/Card,Shipment,Business,ENGLAND,59559,2.382,H2
SSN-0002,Salt & Vinegar Crisps 6x25g multipack,Crisp bag film,Plastic,Primary,Consumer,Scotland,17345,0.187,H2
SSN-0042,Brazil Nuts Nuts tin 200g,Paper label,Cardboard,Primary,Consumer,Scotland,1119,0.002,1
SSN-0033,Hot Stacked tube 160g,Paper tube,Composite,Primary,Consumer,Scotland,15118,0.423,Jan-Jun
SSN-0015,Sea Salt Sharing bag 150g,Bag film,Plastik,Primary,Consumer,England,56342,0.366,H2
SSN-0006,Sea Salt Crisps 6x25g multipack,Crisp bag film,plastic film,Primary,Consumer,Scotland,5817,0.063,H2
SSN-0034,Onion Stacked tube 160g,Paper tube,Composite,Primary,Consumer,ENGLAND,46718,1.308,H2
SSN-0045,Pecans Nuts tin 200g,Case,Cardboard,Outer,Business,N. Ireland,4016,0.120,H2
SSN-0019,Truffle Sharing bag 150g,Pallet wrap,Plastics,Tertiary,Non-household,England,139757,0.070,2
SSN-0019,Truffle Sharing bag 150g,Pallet wrap,plastic film,Pallet,Business,Scotland,11876,0.006,H2
SSN-0046,Party Mix Nuts tin 200g,Case,Card,Transit,NHH,N. Ireland,6647,0.199,H2
SSN-0046,Party Mix Nuts tin 200g,Case,Cardboard,Outer,Business,England,175411,5.262,Jul-Dec
SSN-0037,Salted Peanuts Nuts tin 200g,Case,Cardboard,Transit,Business,N. Ireland,2721,0.082,2
SSN-0026,Hot Sauce Sharing bag 150g,Bag film,Plastics,Primary,Consumer,Wales,1866,0.012,H2
SSN-0016,Sweet Chilli Sharing bag 150g,Bag film,PLASTIC,Primary,Household,England,42365,0.275,H1
SSN-0001,Ready Salted Crisps 6x25g multipack,Pallet wrap,plastic film,Tertiary,Business,N. Ireland,2548,0.001,H1
SSN-0033,Hot Stacked tube 160g,Plastic lid,Plastic,Primary,Consumer,England,161509,0.646,Jan-Jun
SSN-0054,Popcorn Salt Foodservice box 1kg,Carton,Card,Primary,NHH,Wales,7493,0.899,Jul-Dec
SSN-0019,Truffle Sharing bag 150g,Bag film,PLASTIC,Primary,Consumer,ENGLAND,139757,0.908,H2
SSN-0021,Jalapeno Sharing bag 150g,Pallet wrap,Plastic,Tertiary,B2B,Scotland,4919,0.002,H1
SSN-0026,Hot Sauce Sharing bag 150g,Pallet wrap,Plastic,Pallet,B2B,Scotland,3169,0.002,H1
SSN-0041,Pistachios Nuts tin 200g,Paper label,Cardboard,Primary,Household,N. Ireland,7895,0.016,H1
SSN-0002,Salt & Vinegar Crisps 6x25g multipack,Shipping case,Paper/Card,Shipment,Business,Scotland,17155,0.686,H1
SSN-0046,Party Mix Nuts tin 200g,Steel tin,Steel,Primary ,Consumer,N. Ireland,7627,0.343,H1
SSN-0032,Pizza Stacked tube 160g,Plastic lid,Plastic,prim,Consumer,N. Ireland,1558,0.006,H2
SSN-0007,Chilli Crisps 6x25g multipack,Crisp bag film,Plastic,Primary,Consumer,N. Ireland,1107,0.012,H2
SSN-0005,Smoky Bacon Crisps 6x25g multipack,Crisp bag film,Plastic,Primary,Household,England,38768,0.419,H1
SSN-0046,Party Mix Nuts tin 200g,Steel tin,Steel,Primary,Consumer,Wales,13040,0.587,1
SSN-0034,Onion Stacked tube 160g,Tray,Paper/Card,Shipment,Business,England,46718,1.168,H2
SSN-0011,Sour Cream Crisps 6x25g multipack,Crisp bag film,Plastic,Primary ,Consumer,Wales,2474,0.027,H2
SSN-0011,Sour Cream Crisps 6x25g multipack,Multipack outer bag,PLASTIC,Secondary,Consumer,England,38415,0.346,H2
SSN-0028,Sour Cream Stacked tube 160g,Foil seal,Aluminium foil,Primary,Household,Scotland,14539,0.022,H1
SSN-0038,Honey Cashews Nuts tin 200g,Case,Cardboard,Shipment,Business,Wales,9087,0.273,Jan-Jun
SSN-0055,Tortilla Foodservice box 1kg,Carton,corrugated,Primary,Business,N. Ireland,1378,0.165,H1
SSN-0041,Pistachios Nuts tin 200g,Steel tin,Steel,Primary,Consumer,ENGLAND,222470,10.011,H2
SSN-0033,Hot Stacked tube 160g,Paper tube,Fibre composite,Primary,Consumer,Wales,10205,0.286,H1
SSN-0014,Paprika Crisps 6x25g multipack,Multipack outer bag,PLASTIC,Secondary,Household,Wales,1863,0.017,H1
SSN-0011,Sour Cream Crisps 6x25g multipack,Crisp bag film,Plastik,Primary,HH,ENGLAND,36162,0.391,1
SSN-0039,Mixed Nuts Nuts tin 200g,Paper label,Cardboard,Primary,Household,N. Ireland,2237,0.004,H2
SSN-0001,Ready Salted Crisps 6x25g multipack,Crisp bag film,Plastic,Primary,HH,N. Ireland,2675,0.029,H2
SSN-0005,Smoky Bacon Crisps 6x25g multipack,Shipping case,Cardboard,Shipment,Business,Wales,2434,0.097,H2
SSN-0053,Popcorn Sweet Foodservice box 1kg,Bag liner,Plastic,Primary,Business,Scotland,25200,0.302,H1
SSN-0034,Onion Stacked tube 160g,Plastic lid,Plastics,Primary ,HH,N. Ireland,1699,0.007,H2
SSN-0029,Paprika Stacked tube 160g,Paper tube,Composite,Primary,Consumer,England,31123,0.871,H2
SSN-0032,Pizza Stacked tube 160g,Foil seal,Aluminium foil,Primary,Consumer,NI,1482,0.002,H1
SSN-0009,Worcester Sauce Crisps 6x25g multipack,Crisp bag film,Plastic,Primary ,Consumer,Scotland,3454,0.037,H2
SSN-0039,Mixed Nuts Nuts tin 200g,Steel tin,Steel,Primary,Household,N. Ireland,1973,0.089,H1
SSN-0018,Black Pepper Sharing bag 150g,Shipping case,Card,Transit,NHH,Scotland,2242,0.078,H1
SSN-0022,Rosemary Sharing bag 150g,Pallet wrap,PLASTIC,Tertiary,B2B,Scotland,10432,0.005,H2
SSN-0048,Salt Vinegar Foodservice box 1kg,Carton,Card,Primary,Non-household,England,106987,12.838,Jan-Jun
SSN-0055,Tortilla Foodservice box 1kg,Carton,Cardboard,prim,Business,England,39118,4.694,1
SSN-0049,Cheese Onion Foodservice box 1kg,Carton,Cardboard,prim,Business,England,55680,6.682,Jan-Jun
SSN-0010,Roast Chicken Crisps 6x25g multipack,Crisp bag film,plastic film,prim,Household,England,138350,1.494,H2
SSN-0004,Prawn Cocktail Crisps 6x25g multipack,Multipack outer bag,Plastic,Secondary,Consumer,England,64887,0.584,1
SSN-0011,Sour Cream Crisps 6x25g multipack,Shipping case,Cardboard,Outer,B2B,Wales,2351,0.094,Jan-Jun
SSN-0035,Ketchup Stacked tube 160g,Tray,Cardboard,Shipment,Business,Scotland,2189,0.055,H1
SSN-0025,Lime Sharing bag 150g,Bag film,Plastic,Primary,Household,Scotland,1204,0.008,H2
SSN-0034,Onion Stacked tube 160g,Paper tube,Composite,Primary,Consumer,NI,1699,0.048,H2
SSN-0049,Cheese Onion Foodservice box 1kg,Carton,Cardboard,prim,Non-household,Wales,3389,0.407,H2
SSN-0032,Pizza Stacked tube 160g,Foil seal,Alu,Primary,Consumer,Wales,2283,0.003,Jul-Dec
SSN-0021,Jalapeno Sharing bag 150g,Shipping case,Paper,Shipment,Business,England,54105,1.894,H2
SSN-0018,Black Pepper Sharing bag 150g,Pallet wrap,Plastic,Tertiary,NHH,ENGLAND,24195,0.012,H1
SSN-0025,Lime Sharing bag 150g,Bag film,Plastics,Primary,Consumer,Wales,690,0.004,H2
SSN-0054,Popcorn Salt Foodservice box 1kg,Carton,Cardboard,Primary,NHH,Wales,5971,0.717,H1
SSN-0055,Tortilla Foodservice box 1kg,Bag liner,plastic film,Primary ,Business,N. Ireland,1468,0.018,H2
SSN-0005,Smoky Bacon Crisps 6x25g multipack,Shipping case,Cardboard,Outer,B2B,Scotland,4018,0.161,H1
SSN-0009,Worcester Sauce Crisps 6x25g multipack,Multipack outer bag,PLASTIC,2nd,Household,England,34822,0.313,Jan-Jun
SSN-0045,Pecans Nuts tin 200g,Paper label,Cardboard,Primary,HH,Wales,6453,0.013,Jan-Jun
SSN-0011,Sour Cream Crisps 6x25g multipack,Crisp bag film,Plastic,Primary,Consumer,Wales,2351,0.025,Jan-Jun
SSN-0020,Balsamic Sharing bag 150g,Bag film,Plastic,Primary,Household,Wales,2206,0.014,H2
SSN-0011,Sour Cream Crisps 6x25g multipack,Crisp bag film,Plastic,Primary ,Consumer,Scotland,3623,0.039,H2
SSN-0024,Sour Cream Sharing bag 150g,Bag film,Plastic,Primary,Consumer,England,142844,0.928,H1
SSN-0010,Roast Chicken Crisps 6x25g multipack,Shipping case,Paper,Shipment,B2B,England,133577,5.343,H1
SSN-0013,Lightly Salted Crisps 6x25g multipack,Shipping case,corrugated,Shipment,Business,NI,2240,0.090,H1
SSN-0030,Cheese Stacked tube 160g,Plastic lid,Plastic,Primary,Consumer,Scotland,7747,0.031,H2
SSN-0011,Sour Cream Crisps 6x25g multipack,Crisp bag film,Plastic,Primary,Consumer,N. Ireland,1544,0.017,H2
SSN-0044,Macadamia Nuts tin 200g,Steel tin,Tinplate,Primary,Consumer,Scotland,4294,0.193,H2
SSN-0035,Ketchup Stacked tube 160g,Paper tube,Composite,Primary,Consumer,Scotland,2210,0.062,H2
SSN-0025,Lime Sharing bag 150g,Pallet wrap,plastic film,Pallet,Business,Scotland,1204,0.001,Jul-Dec
SSN-0023,Honey BBQ Sharing bag 150g,Pallet wrap,Plastic,Tertiary,Business,N. Ireland,1885,0.001,H2
SSN-0001,Ready Salted Crisps 6x25g multipack,Multipack outer bag,Plastik,Secondary,HH,Northern Ireland,2548,0.023,H1
SSN-0010,Roast Chicken Crisps 6x25g multipack,Crisp bag film,plastic film,Primary,Consumer,Wales,8383,0.091,H1
SSN-0010,Roast Chicken Crisps 6x25g multipack,Crisp bag film,Plastic,Primary,Consumer,Scotland,13755,0.149,H1
SSN-0054,Popcorn Salt Foodservice box 1kg,Bag liner,Plastic,Primary,NHH,Scotland,9480,0.114,H1
SSN-0005,Smoky Bacon Crisps 6x25g multipack,Pallet wrap,Plastic,Tertiary,Business,Wales,2434,0.001,H2
SSN-0009,Worcester Sauce Crisps 6x25g multipack,Shipping case,Cardboard,Shipment,Business,Wales,2174,0.087,H2
SSN-0038,Honey Cashews Nuts tin 200g,Steel tin,Steel,Primary,Consumer,England,161920,7.286,H1
SSN-0035,Ketchup Stacked tube 160g,Paper tube,Composite,Primary,Consumer,Scotland,2189,0.061t,H1
SSN-0009,Worcester Sauce Crisps 6x25g multipack,Crisp bag film,Plastik,Primary,Consumer,Wales,1919,0.021,H1
SSN-0033,Hot Stacked tube 160g,Foil seal,Aluminium foil,Primary,Consumer,Scotland,15118,0.023,H1
SSN-0004,Prawn Cocktail Crisps 6x25g multipack,Crisp bag film,PLASTIC,prim,Household,England,66659,0.720,H2
SSN-0013,Lightly Salted Crisps 6x25g multipack,Shipping case,Cardboard,Outer,Business,England,55630,2.225,H1
SSN-0011,Sour Cream Crisps 6x25g multipack,Multipack outer bag,PLASTIC,Secondary,Consumer,Scotland,3850,0.035,H1
SSN-0055,Tortilla Foodservice box 1kg,Bag liner,PLASTIC,Primary,Business,N. Ireland,1378,0.017,H1
SSN-0017,Cheddar Sharing bag 150g,Bag film,Plastic,Primary,Consumer,Scotland,8485,0.055,H1
SSN-0045,Pecans Nuts tin 200g,Case,Card,Shipment,NHH,England,112724,3.382,H1
SSN-0032,Pizza Stacked tube 160g,Plastic lid,plastic film,prim,Consumer,Wales,2283,0.009t,H2
SSN-0033,Hot Stacked tube 160g,Plastic lid,plastic film,Primary,HH,Wales,10205,0.041,H1
SSN-0029,Paprika Stacked tube 160g,Paper tube,Composite,Primary,HH,England,28887,0.809,H1
SSN-0007,Chilli Crisps 6x25g multipack,Multipack outer bag,Plastik,Secondary,Consumer,Scotland,3258,0.029,H1
SSN-0025,Lime Sharing bag 150g,Shipping case,Cardboard,Shipment,Business,Northern Ireland,440,0.015,H1
SSN-0056,Cashews Foodservice box 1kg,Carton,Card,prim,Non-household,Wales,2675,0.321,H2
SSN-0048,Salt Vinegar Foodservice box 1kg,Bag liner,Plastic,Primary ,NHH,Scotland,11439,0.137,1
SSN-0035,Ketchup Stacked tube 160g,Paper tube,Composite,Primary,Consumer,Northern Ireland,717,0.020,Jul-Dec
SSN-0015,Sea Salt Sharing bag 150g,Bag film,PLASTIC,Primary,Household,Scotland,4923,0.032,H2
SSN-0007,Chilli Crisps 6x25g multipack,Shipping case,Cardboard,Shipment,Business,Scotland,3586,0.143,H2
SSN-0017,Cheddar Sharing bag 150g,Pallet wrap,plastic film,Tertiary,Business,Wales,5826,0.003t,H2
SSN-0023,Honey BBQ Sharing bag 150g,Shipping case,Cardboard,Shipment,Business,England,59502,2.083,H2
SSN-0011,Sour Cream Crisps 6x25g multipack,Shipping case,Cardboard,Shipment,Business,Northern Ireland,1166,0.047,H1
SSN-0033,Hot Stacked tube 160g,Paper tube,Composite,Primary,Consumer,ENGLAND,159048,4.453t,H2
SSN-0032,Pizza Stacked tube 160g,Paper tube,Composite,Primary,Consumer,England,41559,1.164,Jul-Dec
SSN-0027,Original Stacked tube 160g,Plastic lid,Plastic,Primary,Consumer,NI,9819,0.039,H1
SSN-0025,Lime Sharing bag 150g,Pallet wrap,Plastic,Tertiary,Business,Scotland,1078,0.001,H1
SSN-0023,Honey BBQ Sharing bag 150g,Bag film,Plastic,Primary,Consumer,Scotland,4986,0.032,1
SSN-0016,Sweet Chilli Sharing bag 150g,Shipping case,Cardboard,Shipment,B2B,England,49193,1.722,H2
SSN-0002,Salt & Vinegar Crisps 6x25g multipack,Pallet wrap,plastic film,Tertiary,Business,N. Ireland,5786,0.003t,H1
SSN-0054,Popcorn Salt Foodservice box 1kg,Carton,Paper,Primary,Business,Scotland,9480,1.138,H1
SSN-0032,Pizza Stacked tube 160g,Foil seal,Aluminium foil,Primary ,Consumer,ENGLAND,41559,0.062,H2
SSN-0019,Truffle Sharing bag 150g,Shipping case,Cardboard,Shipment,NHH,Wales,6723,0.235,H1
SSN-0042,Brazil Nuts Nuts tin 200g,Paper label,Paper/Card,Primary,Household,Wales,795,0.002,H2
SSN-0011,Sour Cream Crisps 6x25g multipack,Pallet wrap,Plastics,Tertiary,B2B,Scotland,3850,0.002,H1
SSN-0024,Sour Cream Sharing bag 150g,Pallet wrap,Plastics,Tertiary,Business,England,149569,0.075,H2
SSN-0006,Sea Salt Crisps 6x25g multipack,Pallet wrap,Plastik,Tertiary,Business,England,53831,0.027,H1
SSN-0040,Chilli Almonds Nuts tin 200g,Case,Card,Shipment,Business,N. Ireland,4129,0.124,Jul-Dec
SSN-0055,Tortilla Foodservice box 1kg,Bag liner,Plastic,Primary,Business,Wales,2450,0.029,H1
SSN-0022,Rosemary Sharing bag 150g,Pallet wrap,Plastic,Tertiary,Business,N. Ireland,3473,0.002,H2
SSN-0029,Paprika Stacked tube 160g,Foil seal,Aluminium foil,Primary,Consumer,Wales,1765,0.003,2
SSN-0012,BBQ Crisps 6x25g multipack,Shipping case,Card,Shipment,B2B,England,86181,3.447,H2
SSN-0041,Pistachios Nuts tin 200g,Paper label,Cardboard,Primary ,HH,Scotland,17864,0.036,1
SSN-0045,Pecans Nuts tin 200g,Case,Cardboard,Shipment,Business,Scotland,12294,0.369,H2
SSN-0033,Hot Stacked tube 160g,Tray,Cardboard,Shipment,Business,Wales,9569,0.239,2
SSN-0024,Sour Cream Sharing bag 150g,Pallet wrap,Plastic,Tertiary,NHH,Wales,8819,0.004,Jul-Dec
SSN-0056,Cashews Foodservice box 1kg,Bag liner,Plastic,Primary ,Business,Scotland,4255,0.051,H1
SSN-0050,Mixed Nuts Foodservice box 1kg,Bag liner,Plastic,Primary,Business,Wales,5187,0.062,2
SSN-0053,Popcorn Sweet Foodservice box 1kg,Carton,Cardboard,Primary,NHH,Wales,16051,1.926,H1
SSN-0026,Hot Sauce Sharing bag 150g,Bag film,Plastic,Primary,Consumer,N. Ireland,1243,0.008,H2
SSN-0051,Peanuts Foodservice box 1kg,Bag liner,Plastic,Primary,Business,N. Ireland,783,0.009t,H1
SSN-0037,Salted Peanuts Nuts tin 200g,Steel tin,Tinplate,Primary,Household,Scotland,7216,0.325,H2
SSN-0037,Salted Peanuts Nuts tin 200g,Case,Cardboard,Shipment,Business,Scotland,7216,0.216,H2
SSN-0017,Cheddar Sharing bag 150g,Pallet wrap,Plastik,Tertiary,Business,N. Ireland,3569,0.002,H1
SSN-0053,Popcorn Sweet Foodservice box 1kg,Bag liner,PLASTIC,prim,Business,N. Ireland,8881,0.107,H2
SSN-0023,Honey BBQ Sharing bag 150g,Bag film,Plastic,Primary,Consumer,N. Ireland,2046,0.013,H1
SSN-0002,Salt & Vinegar Crisps 6x25g multipack,Shipping case,Cardboard,Shipment,B2B,Wales,10485,0.419,H1
SSN-0007,Chilli Crisps 6x25g multipack,Pallet wrap,Plastic,Tertiary,NHH,Wales,2107,0.001,H2
SSN-0032,Pizza Stacked tube 160g,Tray,Cardboard,Shipment,B2B,England,41559,1.039,Jul-Dec
SSN-0045,Pecans Nuts tin 200g,Steel tin,Steel,Primary,Consumer,England,118372,5.327,2
SSN-0004,Prawn Cocktail Crisps 6x25g multipack,Shipping case,Paper,Shipment,Business,Northern Ireland,2090,0.084,H1
SSN-0023,Honey BBQ Sharing bag 150g,Shipping case,Cardboard,Shipment,Business,Scotland,4986,0.175,Jan-Jun
SSN-0004,Prawn Cocktail Crisps 6x25g multipack,Shipping case,Cardboard,Shipment,Business,Scotland,5620,0.225,H1
SSN-0043,Salted Cashews Nuts tin 200g,Paper label,Card,prim,Household,ENGLAND,77666,0.155,H2
SSN-0013,Lightly Salted Crisps 6x25g multipack,Pallet wrap,Plastic,Tertiary,Business,ENGLAND,57432,0.029,H2
SSN-0043,Salted Cashews Nuts tin 200g,Steel tin,Steel,Primary,Consumer,N. Ireland,2830,0.127,H2
SSN-0019,Truffle Sharing bag 150g,Pallet wrap,Plastik,Tertiary,B2B,Scotland,11043,0.006,H1
SSN-0013,Lightly Salted Crisps 6x25g multipack,Crisp bag film,Plastik,prim,Consumer,Wales,3264,0.035,H1
SSN-0023,Honey BBQ Sharing bag 150g,Shipping case,Cardboard,Shipment,Business,N. Ireland,2046,0.072,H1
SSN-0038,Honey Cashews Nuts tin 200g,Case,Cardboard,Shipment,Business,Scotland,14032,0.421,2
SSN-0014,Paprika Crisps 6x25g multipack,Crisp bag film,Plastic,Primary ,Household,Wales,1863,0.020,1
SSN-0027,Original Stacked tube 160g,Plastic lid,Plastic,Primary,Consumer,N. Ireland,10390,0.042,H2
SSN-0043,Salted Cashews Nuts tin 200g,Paper label,Cardboard,Primary,HH,England,71501,0.143,Jan-Jun
SSN-0028,Sour Cream Stacked tube 160g,Paper tube,Composite,Primary,HH,Scotland,16191,0.453,H2
SSN-0028,Sour Cream Stacked tube 160g,Tray,Cardboard,Shipment,NHH,N. Ireland,5800,0.145,H2
SSN-0004,Prawn Cocktail Crisps 6x25g multipack,Multipack outer bag,plastic film,Secondary,Consumer,Wales,3752,0.034,H2
SSN-0049,Cheese Onion Foodservice box 1kg,Carton,Cardboard,Primary,Business,Scotland,5442,0.653,H1
SSN-0002,Salt & Vinegar Crisps 6x25g multipack,Crisp bag film,Plastic,Primary,HH,N. Ireland,6471,0.070,Jul-Dec
SSN-0030,Cheese Stacked tube 160g,Tray,Cardboard,Shipment,B2B,Scotland,7747,0.194t,2
SSN-0035,Ketchup Stacked tube 160g,Foil seal,Aluminium foil,Primary,Consumer,Scotland,2210,0.003,H2
SSN-0056,Cashews Foodservice box 1kg,Carton,Cardboard,prim,B2B,Northern Ireland,1786,0.214,2
SSN-0008,Pickled Onion Crisps 6x25g multipack,Multipack outer bag,Plastic,Secondary,Household,N. Ireland,2872,0.026,H2
SSN-0019,Truffle Sharing bag 150g,Bag film,plastic film,prim,HH,Wales,6540,0.043,2
SSN-0014,Paprika Crisps 6x25g multipack,Shipping case,Cardboard,Shipment,B2B,N. Ireland,1110,0.044,H2
SSN-0018,Black Pepper Sharing bag 150g,Pallet wrap,Plastik,Tertiary,NHH,ENGLAND,26210,0.013,H2
SSN-0011,Sour Cream Crisps 6x25g multipack,Multipack outer bag,Plastic,Secondary,HH,Wales,2351,0.021,H1
SSN-0015,Sea Salt Sharing bag 150g,Bag film,Plastic,Primary,Consumer,Wales,3286,0.021,H2
SSN-0014,Paprika Crisps 6x25g multipack,Multipack outer bag,Plastic,Secondary,Consumer,Northern Ireland,1110,0.010,Jul-Dec
SSN-0023,Honey BBQ Sharing bag 150g,Shipping case,Cardboard,Shipment,Business,N. Ireland,1885,0.066,Jul-Dec
SSN-0046,Party Mix Nuts tin 200g,Case,Card,Outer,Non-household,Scotland,19066,0.572,H1
SSN-0006,Sea Salt Crisps 6x25g multipack,Shipping case,Cardboard,Shipment,Business,Scotland,5394,0.216,1
SSN-0001,Ready Salted Crisps 6x25g multipack,Pallet wrap,Plastic,Tertiary,Business,Scotland,6838,0.003,H1
SSN-0026,Hot Sauce Sharing bag 150g,Pallet wrap,Plastic,Tertiary,Non-household,Wales,1736,0.001,H1
SSN-0013,Lightly Salted Crisps 6x25g multipack,Multipack outer bag,Plastic,Secondary,Household,N. Ireland,1943,0.017,H2
SSN-0005,Smoky Bacon Crisps 6x25g multipack,Crisp bag film,PLASTIC,Primary,Household,Wales,2410,0.026,Jan-Jun
SSN-0055,Tortilla Foodservice box 1kg,Carton,Cardboard,Primary ,B2B,Wales,2450,0.294,H1
SSN-0027,Original Stacked tube 160g,Paper tube,Fibre composite,Primary,Consumer,Scotland,25812,0.723,Jan-Jun
SSN-0008,Pickled Onion Crisps 6x25g multipack,Crisp bag film,PLASTIC,prim,Consumer,Northern Ireland,2872,0.031,Jul-Dec
SSN-0052,Pretzels Foodservice box 1kg,Carton,Paper/Card,Primary ,NHH,NI,2751,0.330,H1
SSN-0037,Salted Peanuts Nuts tin 200g,Paper label,Cardboard,Primary,HH,England,71383,0.143,H2
SSN-0002,Salt & Vinegar Crisps 6x25g multipack,Pallet wrap,Plastik,Tertiary,B2B,Scotland,17155,0.009,H1
SSN-0003,Cheese & Onion Crisps 6x25g multipack,Shipping case,Cardboard,Outer,B2B,Wales,5387,0.215,Jul-Dec
SSN-0045,Pecans Nuts tin 200g,Steel tin,Steel,Primary,Household,England,112724,5.073,1
SSN-0041,Pistachios Nuts tin 200g,Steel tin,Tinplate,Primary ,Household,Wales,12257,0.552,Jan-Jun
SSN-0030,Cheese Stacked tube 160g,Foil seal,Aluminium foil,prim,Household,England,83210,0.125,H1
SSN-0052,Pretzels Foodservice box 1kg,Carton,corrugated,prim,Non-household,ENGLAND,83648,10.038,H2
SSN-0023,Honey BBQ Sharing bag 150g,Shipping case,Cardboard,Shipment,Business,England,56766,1.987,H1
SSN-0013,Lightly Salted Crisps 6x25g multipack,Pallet wrap,Plastic,Pallet,Business,Wales,3264,0.002,1
SSN-0034,Onion Stacked tube 160g,Tray,Cardboard,Shipment,Business,Wales,2730,0.068,H1
SSN-0020,Balsamic Sharing bag 150g,Pallet wrap,Plastic,Tertiary,B2B,N. Ireland,1293,0.001,H2
SSN-0029,Paprika Stacked tube 160g,Foil seal,Aluminium foil,Primary,Consumer,Northern Ireland,1101,0.002,Jul-Dec
SSN-0045,Pecans Nuts tin 200g,Paper label,Paper/Card,Primary,HH,N. Ireland,4046,0.008,Jan-Jun
SSN-0027,Original Stacked tube 160g,Plastic lid,plastic film,Primary,Consumer,Wales,16658,0.067,H1
SSN-0044,Macadamia Nuts tin 200g,Paper label,Cardboard,Primary ,HH,N. Ireland,1766,0.004t,H2
SSN-0046,Party Mix Nuts tin 200g,Steel tin,Steel,Primary,Consumer,Northern Ireland,6647,0.299,2
SSN-0034,Onion Stacked tube 160g,Foil seal,Alu,prim,Household,England,46718,0.070,H2
SSN-0042,Brazil Nuts Nuts tin 200g,Steel tin,Steel,Primary,Household,Northern Ireland,356,0.016,H1
SSN-0046,Party Mix Nuts tin 200g,Paper label,Cardboard,Primary,Consumer,N. Ireland,6647,0.013,H2
SSN-0040,Chilli Almonds Nuts tin 200g,Paper label,Paper/Card,Primary,HH,Scotland,10072,0.020,H2
SSN-0010,Roast Chicken Crisps 6x25g multipack,Shipping case,Paper,Shipment,Non-household,Scotland,13755,0.550,H1
SSN-0027,Original Stacked tube 160g,Paper tube,Fibre composite,Primary,Consumer,Scotland,27739,0.777,H2
SSN-0001,Ready Salted Crisps 6x25g multipack,Multipack outer bag,Plastic,2nd,Consumer,England,80472,0.724,H1
SSN-0038,Honey Cashews Nuts tin 200g,Paper label,Cardboard,Primary,Consumer,England,150433,0.301,H2
SSN-0020,Balsamic Sharing bag 150g,Bag film,Plastics,Primary,Household,Scotland,4007,0.026,1
SSN-0001,Ready Salted Crisps 6x25g multipack,Pallet wrap,Plastic,Tertiary,Non-household,England,73950,0.037,H2
SSN-0024,Sour Cream Sharing bag 150g,Shipping case,Paper/Card,Shipment,B2B,Northern Ireland,5243,0.184,H1
SSN-0002,Salt & Vinegar Crisps 6x25g multipack,Pallet wrap,Plastic,Tertiary,Business,England,162121,0.081,H1
SSN-0041,Pistachios Nuts tin 200g,Steel tin,Steel,Primary,Consumer,Scotland,17864,0.804,H1
SSN-0034,Onion Stacked tube 160g,Foil seal,Alu,prim,HH,NI,1699,0.003,H2
SSN-0023,Honey BBQ Sharing bag 150g,Bag film,Plastics,Primary,Consumer,N. Ireland,1885,0.012,H2
SSN-0004,Prawn Cocktail Crisps 6x25g multipack,Shipping case,Paper,Shipment,Business,ENGLAND,64887,2.595,H1
SSN-0036,Chicken Stacked tube 160g,Foil seal,Aluminium foil,Primary,Consumer,Wales,2209,0.003,H1
SSN-0046,Party Mix Nuts tin 200g,Case,Cardboard,Shipment,Non-household,England,218975,6.569,Jan-Jun
SSN-0032,Pizza Stacked tube 160g,Paper tube,Fibre composite,prim,HH,England,37965,1.063,H1
SSN-0030,Cheese Stacked tube 160g,Tray,Cardboard,Transit,Non-household,N. Ireland,2588,0.065,H2
SSN-0052,Pretzels Foodservice box 1kg,Carton,Cardboard,prim,Business,Scotland,7998,0.960,H2
SSN-0049,Cheese Onion Foodservice box 1kg,Carton,Cardboard,Primary ,Business,N. Ireland,1973,0.237,1
SSN-0014,Paprika Crisps 6x25g multipack,Multipack outer bag,Plastics,Secondary,Consumer,Scotland,2877,0.026,Jan-Jun
SSN-0035,Ketchup Stacked tube 160g,Foil seal,Aluminium foil,Primary,Household,N. Ireland,717,0.001,H2
SSN-0002,Salt & Vinegar Crisps 6x25g multipack,Crisp bag film,Plastic,Primary ,Household,England,197310,2.131,H2
SSN-0028,Sour Cream Stacked tube 160g,Tray,Paper/Card,Shipment,B2B,Northern Ireland,5095,0.127,1
SSN-0006,Sea Salt Crisps 6x25g multipack,Shipping case,Cardboard,Shipment,Business,Scotland,5817,0.233,Jul-Dec
SSN-0017,Cheddar Sharing bag 150g,Shipping case,Paper/Card,Shipment,Business,England,102015,3.571,2
SSN-0002,Salt & Vinegar Crisps 6x25g multipack,Crisp bag film,Plastik,prim,Consumer,Wales,11509,0.124,2
SSN-0046,Party Mix Nuts tin 200g,Paper label,Paper,Primary,Consumer,Wales,13040,0.026,H1
SSN-0027,Original Stacked tube 160g,Foil seal,Aluminium,Primary,Consumer,N. Ireland,10390,0.016,H2
SSN-0028,Sour Cream Stacked tube 160g,Paper tube,Composite,Primary,Consumer,England,149294,4.180,H1
SSN-0056,Cashews Foodservice box 1kg,Bag liner,Plastic,Primary,Business,Wales,2675,0.032,2
SSN-0034,Onion Stacked tube 160g,Tray,Cardboard,Transit,Business,Scotland,4578,0.114,H2
SSN-0007,Chilli Crisps 6x25g multipack,Shipping case,Cardboard,Shipment,NHH,Scotland,3258,0.130,H1
SSN-0008,Pickled Onion Crisps 6x25g multipack,Pallet wrap,Plastic,Tertiary,Non-household,Wales,5187,0.003,H1
SSN-0004,Prawn Cocktail Crisps 6x25g multipack,Multipack outer bag,PLASTIC,Secondary,Consumer,Northern Ireland,2151,0.019,H2
SSN-0027,Original Stacked tube 160g,Plastic lid,Plastics,Primary,Consumer,Scotland,27739,0.111,H2
SSN-0047,Ready Salted Foodservice box 1kg,Carton,Cardboard,Primary,Business,Wales,1262,0.151,H2
SSN-0003,Cheese & Onion Crisps 6x25g multipack,Crisp bag film,Plastics,Primary,Household,Wales,5387,0.058,H2
SSN-0008,Pickled Onion Crisps 6x25g multipack,Multipack outer bag,Plastics,Secondary,Consumer,Wales,5187,0.047,H1
SSN-0014,Paprika Crisps 6x25g multipack,Crisp bag film,Plastic,Primary ,Consumer,N. Ireland,1044,0.011,H1
SSN-0039,Mixed Nuts Nuts tin 200g,Steel tin,Steel,Primary,Consumer,Wales,3590,0.162t,H1
SSN-0029,Paprika Stacked tube 160g,Paper tube,Composite,prim,Consumer,Wales,1803,0.050,H1
SSN-0052,Pretzels Foodservice box 1kg,Bag liner,Plastik,Primary,Business,NI,2852,0.034,H2
SSN-0002,Salt & Vinegar Crisps 6x25g multipack,Shipping case,Card,Transit,Business,N. Ireland,5786,0.231,H1
SSN-0032,Pizza Stacked tube 160g,Tray,Cardboard,Shipment,Business,England,37965,0.949,H1
SSN-0037,Salted Peanuts Nuts tin 200g,Case,Cardboard,Shipment,Non-household,N. Ireland,2306,0.069,H1
SSN-0018,Black Pepper Sharing bag 150g,Shipping case,corrugated,Shipment,Non-household,England,24195,0.847,H1
SSN-0052,Pretzels Foodservice box 1kg,Bag liner,Plastics,Primary,NHH,England,83648,1.004,H2
SSN-0003,Cheese & Onion Crisps 6x25g multipack,Crisp bag film,Plastic,Primary,HH,N. Ireland,2749,0.030,1
SSN-0024,Sour Cream Sharing bag 150g,Bag film,Plastic,Primary,Consumer,England,149569,0.972,Jul-Dec
SSN-0001,Ready Salted Crisps 6x25g multipack,Shipping case,Cardboard,Shipment,Non-household,Wales,4634,0.185,H1
SSN-0053,Popcorn Sweet Foodservice box 1kg,Bag liner,Plastik,prim,Business,Wales,16051,0.193,H1
SSN-0045,Pecans Nuts tin 200g,Paper label,Card,Primary,Consumer,Scotland,10356,0.021,H1
SSN-0051,Peanuts Foodservice box 1kg,Bag liner,plastic film,Primary,Business,N. Ireland,674,0.008,H2
SSN-0029,Paprika Stacked tube 160g,Plastic lid,Plastik,prim,Consumer,England,31123,0.124,H2
SSN-0040,Chilli Almonds Nuts tin 200g,Steel tin,Steel,Primary,Consumer,England,109174,4.913,H1
SSN-0009,Worcester Sauce Crisps 6x25g multipack,Shipping case,Card,Outer,Business,England,34822,1.393,H1
SSN-0026,Hot Sauce Sharing bag 150g,Bag film,Plastic,Primary,Consumer,Scotland,3169,0.021,Jan-Jun
SSN-0017,Cheddar Sharing bag 150g,Bag film,Plastic,Primary,Household,England,93408,0.607,H1
SSN-0009,Worcester Sauce Crisps 6x25g multipack,Pallet wrap,PLASTIC,Tertiary,Business,Wales,1919,0.001,H1
SSN-0028,Sour Cream Stacked tube 160g,Paper tube,Paper tube (composite),Primary,Consumer,Wales,10228,0.286,H2
SSN-0029,Paprika Stacked tube 160g,Tray,Cardboard,Outer,Non-household,England,31123,0.778,H2
SSN-0007,Chilli Crisps 6x25g multipack,Shipping case,Paper,Shipment,B2B,Wales,1898,0.076,H1
SSN-0021,Jalapeno Sharing bag 150g,Bag film,Plastik,prim,Consumer,Scotland,4919,0.032,H1
SSN-0052,Pretzels Foodservice box 1kg,Bag liner,PLASTIC,Primary ,Non-household,Wales,4777,0.057,H2
SSN-0041,Pistachios Nuts tin 200g,Paper label,Cardboard,prim,Consumer,N. Ireland,7133,0.014,H2
SSN-0043,Salted Cashews Nuts tin 200g,Paper label,corrugated,Primary,HH,Wales,4564,0.009,H1
SSN-0032,Pizza Stacked tube 160g,Foil seal,Aluminium foil,Primary,HH,Scotland,3553,0.005,H1
SSN-0014,Paprika Crisps 6x25g multipack,Crisp bag film,Plastic,prim,Household,Wales,1980,0.021,2
SSN-0050,Mixed Nuts Foodservice box 1kg,Carton,Paper,Primary,Business,ENGLAND,85507,10.261,H1
SSN-0026,Hot Sauce Sharing bag 150g,Pallet wrap,Plastic,Tertiary,Business,N. Ireland,1070,0.001,H1
SSN-0022,Rosemary Sharing bag 150g,Shipping case,Paper/Card,Shipment,B2B,ENGLAND,104722,n/a,H1
SSN-0020,Balsamic Sharing bag 150g,Pallet wrap,Plastic,Tertiary,Business,Scotland,3664,0.002,2
SSN-0027,Original Stacked tube 160g,Tray,Cardboard,Shipment,Business,England,283226,7.081,H1
SSN-0019,Truffle Sharing bag 150g,Bag film,plastic film,Primary,HH,N. Ireland,4290,0.028,1
SSN-0021,Jalapeno Sharing bag 150g,Bag film,Plastic,Primary,Household,Wales,3284,0.021,H2
SSN-0035,Ketchup Stacked tube 160g,Foil seal,Aluminium,Primary,Consumer,N. Ireland,771,0.001,1
SSN-0019,Truffle Sharing bag 150g,Bag film,Plastic,Primary,Consumer,N. Ireland,4366,0.028,H2
SSN-0005,Smoky Bacon Crisps 6x25g multipack,Shipping case,Card,Shipment,Non-household,ENGLAND,41376,1.655,H2
SSN-0001,Ready Salted Crisps 6x25g multipack,Multipack outer bag,Plastics,2nd,Household,Wales,4411,0.040,H2
SSN-0009,Worcester Sauce Crisps 6x25g multipack,Pallet wrap,Plastik,Tertiary,Business,Scotland,3454,0.002,H2
SSN-0018,Black Pepper Sharing bag 150g,Bag film,PLASTIC,Primary,Household,Wales,1532,0.010,H2
SSN-0028,Sour Cream Stacked tube 160g,Paper tube,Fibre composite,prim,Consumer,Wales,8772,0.246,1
SSN-0012,BBQ Crisps 6x25g multipack,Pallet wrap,PLASTIC,Tertiary,NHH,Scotland,8829,0.004,H2
SSN-0012,BBQ Crisps 6x25g multipack,Crisp bag film,Plastic,Primary,Consumer,Scotland,8829,0.095,2
SSN-0036,Chicken Stacked tube 160g,Foil seal,Alu,Primary,Household,N. Ireland,1348,0.002t,2
SSN-0018,Black Pepper Sharing bag 150g,Shipping case,Cardboard,Shipment,Business,Wales,1542,0.054,H1
SSN-0022,Rosemary Sharing bag 150g,Bag film,Plastic,Primary,Consumer,England,104722,0.681,H1
SSN-0018,Black Pepper Sharing bag 150g,Bag film,Plastics,Primary,Consumer,N. Ireland,913,0.006,H2
SSN-0005,Smoky Bacon Crisps 6x25g multipack,Crisp bag film,Plastic,Primary,Consumer,NI,1417,0.015,2
SSN-0045,Pecans Nuts tin 200g,Case,Cardboard,Shipment,Business,England,118372,3.551,H2
SSN-0035,Ketchup Stacked tube 160g,Plastic lid,Plastic,Primary,Consumer,England,24778,0.099,H2
SSN-0036,Chicken Stacked tube 160g,Tray,Cardboard,Shipment,Non-household,Scotland,3268,0.082,H1
SSN-0039,Mixed Nuts Nuts tin 200g,Paper label,Cardboard,Primary,Consumer,Wales,3734,0.007,Jul-Dec
SSN-0009,Worcester Sauce Crisps 6x25g multipack,Crisp bag film,PLASTIC,Primary,Consumer,England,33398,0.361,H2
SSN-0047,Ready Salted Foodservice box 1kg,Carton,Cardboard,Primary,Business,Scotland,1741,0.209,H1
SSN-0048,Salt Vinegar Foodservice box 1kg,Carton,Cardboard,Primary,Business,N. Ireland,4758,0.571,H2
SSN-0008,Pickled Onion Crisps 6x25g multipack,Shipping case,Cardboard,Shipment,NHH,Scotland,8351,0.334,H2
SSN-0048,Salt Vinegar Foodservice box 1kg,Carton,Cardboard,prim,NHH,England,125235,15.028,2
SSN-0034,Onion Stacked tube 160g,Foil seal,Aluminium foil,Primary ,Consumer,Wales,2730,0.004,1
SSN-0042,Brazil Nuts Nuts tin 200g,Case,Cardboard,Shipment,Non-household,England,12376,0.371,H1
SSN-0043,Salted Cashews Nuts tin 200g,Case,Cardboard,Shipment,B2B,Scotland,7231,0.217,H2
SSN-0012,BBQ Crisps 6x25g multipack,Multipack outer bag,Plastik,Secondary,Consumer,Wales,5727,0.052,H2
SSN-0013,Lightly Salted Crisps 6x25g multipack,Crisp bag film,Plastic,prim,Consumer,Scotland,5336,0.058,H2
SSN-0016,Sweet Chilli Sharing bag 150g,Pallet wrap,Plastic,Tertiary,Business,England,42365,0.021,H1
SSN-0048,Salt Vinegar Foodservice box 1kg,Carton,Cardboard,Primary,Business,Northern Ireland,4204,0.504t,1
SSN-0023,Honey BBQ Sharing bag 150g,Pallet wrap,plastic film,Tertiary,Business,Scotland,4986,0.002,H1
SSN-0026,Hot Sauce Sharing bag 150g,Bag film,Plastics,Primary,Consumer,Scotland,3318,0.022,2
SSN-0017,Cheddar Sharing bag 150g,Pallet wrap,Plastic,Tertiary,Business,England,93408,0.047,H1
SSN-0013,Lightly Salted Crisps 6x25g multipack,Pallet wrap,Plastic,Pallet,Business,N. Ireland,2240,0.001,Jan-Jun
SSN-0054,Popcorn Salt Foodservice box 1kg,Bag liner,plastic film,Primary,Business,N. Ireland,3716,0.045,Jan-Jun
SSN-0008,Pickled Onion Crisps 6x25g multipack,Crisp bag film,Plastic,Primary,Household,N. Ireland,2975,0.032,Jan-Jun
SSN-0054,Popcorn Salt Foodservice box 1kg,Carton,Cardboard,Primary,Business,N. Ireland,3716,0.446,H1
SSN-0020,Balsamic Sharing bag 150g,Shipping case,corrugated,Outer,Business,England,38722,1.355,H2
SSN-0001,Ready Salted Crisps 6x25g multipack,Multipack outer bag,Plastic,Secondary,HH,Scotland,7108,0.064,H2
SSN-0028,Sour Cream Stacked tube 160g,Plastic lid,Plastic,Primary,HH,Wales,10228,0.041,H2
SSN-0017,Cheddar Sharing bag 150g,Pallet wrap,PLASTIC,Tertiary,NHH,Scotland,8485,0.004,H1
SSN-0007,Chilli Crisps 6x25g multipack,Multipack outer bag,Plastics,Secondary,HH,Wales,1898,0.017,1
SSN-0044,Macadamia Nuts tin 200g,Steel tin,Steel,prim,Consumer,Scotland,4049,0.182,H1
SSN-0044,Macadamia Nuts tin 200g,Paper label,Cardboard,Primary,Consumer,Wales,2570,0.005,H2
SSN-0012,BBQ Crisps 6x25g multipack,Shipping case,Card,Shipment,Business,Scotland,8770,0.351,1
SSN-0035,Ketchup Stacked tube 160g,Foil seal,Aluminium foil,Primary,Consumer,ENGLAND,24778,0.037,Jul-Dec
SSN-0043,Salted Cashews Nuts tin 200g,Case,corrugated,Shipment,Non-household,Wales,5136,0.154,H2
SSN-0027,Original Stacked tube 160g,Foil seal,Aluminium foil,Primary,Consumer,Northern Ireland,9819,0.015,H1
SSN-0033,Hot Stacked tube 160g,Plastic lid,Plastics,Primary ,Household,Scotland,15118,0.060,1
SSN-0020,Balsamic Sharing bag 150g,Bag film,plastic film,prim,Household,England,47089,0.306,1
SSN-0007,Chilli Crisps 6x25g multipack,Multipack outer bag,Plastic,2nd,Consumer,Northern Ireland,1085,0.010,Jan-Jun
SSN-0048,Salt Vinegar Foodservice box 1kg,Bag liner,plastic film,Primary,B2B,Northern Ireland,4204,0.050,H1
SSN-0040,Chilli Almonds Nuts tin 200g,Case,Cardboard,Outer,B2B,England,109174,3.275,H1
SSN-0022,Rosemary Sharing bag 150g,Bag film,Plastic,prim,Consumer,Wales,6484,0.042,Jul-Dec
SSN-0002,Salt & Vinegar Crisps 6x25g multipack,Multipack outer bag,Plastic,Secondary,Consumer,Scotland,17155,0.154,H1
SSN-0043,Salted Cashews Nuts tin 200g,Paper label,Cardboard,Primary ,Consumer,Scotland,6870,0.014,H1
SSN-0037,Salted Peanuts Nuts tin 200g,Steel tin,Steel,Primary,Consumer,NI,2306,0.104,H1
SSN-0006,Sea Salt Crisps 6x25g multipack,Crisp bag film,Plastic,Primary ,Consumer,Wales,3637,0.039,H2
SSN-0052,Pretzels Foodservice box 1kg,Bag liner,plastic film,prim,Business,Scotland,7998,0.096,H2
SSN-0022,Rosemary Sharing bag 150g,Shipping case,Card,Transit,Business,N. Ireland,3473,0.122,H2
SSN-0002,Salt & Vinegar Crisps 6x25g multipack,Shipping case,corrugated,Transit,Non-household,N. Ireland,6471,0.259,H2
SSN-0047,Ready Salted Foodservice box 1kg,Carton,Cardboard,Primary,Non-household,ENGLAND,22889,2.747,2
SSN-0042,Brazil Nuts Nuts tin 200g,Paper label,Paper/Card,prim,Household,N. Ireland,440,0.001,2
SSN-0007,Chilli Crisps 6x25g multipack,Crisp bag film,Plastic,prim,HH,England,36778,0.397,H1
SSN-0050,Mixed Nuts Foodservice box 1kg,Bag liner,Plastics,prim,Business,N. Ireland,2922,0.035,2
SSN-0055,Tortilla Foodservice box 1kg,Carton,Cardboard,Primary,Business,N. Ireland,1468,0.176,2
SSN-0028,Sour Cream Stacked tube 160g,Plastic lid,Plastic,Primary,Consumer,Scotland,14539,0.058t,H1
SSN-0003,Cheese & Onion Crisps 6x25g multipack,Shipping case,Cardboard,Outer,Business,NI,2749,0.110,H1
SSN-0015,Sea Salt Sharing bag 150g,Bag film,Plastic,Primary,Consumer,Scotland,4456,0.029,H1
SSN-0015,Sea Salt Sharing bag 150g,Shipping case,Paper/Card,Shipment,NHH,Scotland,4456,0.156,1
SSN-0012,BBQ Crisps 6x25g multipack,Multipack outer bag,Plastic,Secondary,HH,England,86181,0.776,H2
SSN-0009,Worcester Sauce Crisps 6x25g multipack,Multipack outer bag,Plastic,Secondary,Household,Scotland,3090,0.028,H1
SSN-0050,Mixed Nuts Foodservice box 1kg,Carton,Cardboard,Primary,Business,Wales,5187,0.622,H2
SSN-0045,Pecans Nuts tin 200g,Paper label,Cardboard,prim,Household,ENGLAND,118372,0.237,H2
SSN-0031,Salt Vinegar Stacked tube 160g,Paper tube,Composite,prim,Household,England,355895,9.965,H1
SSN-0036,Chicken Stacked tube 160g,Foil seal,Aluminium,Primary ,HH,Scotland,3488,0.005,Jul-Dec
SSN-0013,Lightly Salted Crisps 6x25g multipack,Pallet wrap,Plastik,Tertiary,NHH,Scotland,5380,0.003,Jan-Jun
SSN-0013,Lightly Salted Crisps 6x25g multipack,Crisp bag film,Plastic,Primary ,Consumer,Scotland,5380,0.058,H1
SSN-0038,Honey Cashews Nuts tin 200g,Steel tin,Steel,Primary,Consumer,Wales,9087,0.409,1
SSN-0018,Black Pepper Sharing bag 150g,Shipping case,Paper,Shipment,Business,Wales,1532,0.054,Jul-Dec
SSN-0002,Salt & Vinegar Crisps 6x25g multipack,Multipack outer bag,Plastic,Secondary,Consumer,Wales,11509,0.104,H2
SSN-0031,Salt Vinegar Stacked tube 160g,Foil seal,Aluminium foil,Primary,Consumer,England,332529,0.499,H2
SSN-0043,Salted Cashews Nuts tin 200g,Steel tin,Steel,Primary,HH,Scotland,6870,0.309,H1
SSN-0029,Paprika Stacked tube 160g,Tray,Cardboard,Shipment,B2B,Scotland,2992,n/a,2
SSN-0022,Rosemary Sharing bag 150g,Bag film,Plastic,Primary ,Consumer,Wales,5879,0.038,H1
SSN-0019,Truffle Sharing bag 150g,Shipping case,Paper/Card,Transit,Non-household,N. Ireland,4366,0.153,H2
SSN-0010,Roast Chicken Crisps 6x25g multipack,Crisp bag film,Plastics,Primary ,Consumer,Scotland,12925,0.140,H2
SSN-0032,Pizza Stacked tube 160g,Tray,Cardboard,Shipment,Business,Wales,2283,0.057,H2
SSN-0036,Chicken Stacked tube 160g,Tray,corrugated,Shipment,Business,Wales,2209,0.055,1
SSN-0017,Cheddar Sharing bag 150g,Shipping case,Card,Outer,Business,N. Ireland,3569,0.125,H1
SSN-0029,Paprika Stacked tube 160g,Paper tube,Paper tube (composite),Primary,HH,Scotland,2992,0.084,Jul-Dec
SSN-0001,Ready Salted Crisps 6x25g multipack,Crisp bag film,Plastics,Primary ,Consumer,Wales,4411,0.048,H2
SSN-0030,Cheese Stacked tube 160g,Foil seal,Aluminium foil,Primary ,HH,Wales,5122,0.008,H1
SSN-0003,Cheese & Onion Crisps 6x25g multipack,Shipping case,Cardboard,Shipment,Non-household,England,81582,3.263,H2
SSN-0001,Ready Salted Crisps 6x25g multipack,Crisp bag film,Plastic,Primary ,Consumer,Wales,4634,0.050t,H1
SSN-0008,Pickled Onion Crisps 6x25g multipack,Multipack outer bag,Plastic,Secondary,Consumer,Scotland,8351,0.075,H2
SSN-0042,Brazil Nuts Nuts tin 200g,Steel tin,Tinplate,Primary,Household,Scotland,1175,0.053,H2
SSN-0025,Lime Sharing bag 150g,Shipping case,Cardboard,Shipment,Business,Scotland,1078,0.038,H1
SSN-0055,Tortilla Foodservice box 1kg,Bag liner,Plastic,Primary,Business,Scotland,3834,0.046,1
SSN-0006,Sea Salt Crisps 6x25g multipack,Crisp bag film,Plastic,Primary,Consumer,England,59559,0.643,H2
SSN-0012,BBQ Crisps 6x25g multipack,Multipack outer bag,Plastic,Secondary,Consumer,Scotland,8770,0.079,H1
SSN-0031,Salt Vinegar Stacked tube 160g,Paper tube,Composite,Primary,Consumer,England,332529,9.311t,H2
SSN-0013,Lightly Salted Crisps 6x25g multipack,Pallet wrap,Plastic,Tertiary,Business,Scotland,5336,0.003,Jul-Dec
SSN-0035,Ketchup Stacked tube 160g,Plastic lid,Plastic,Primary ,Household,N. Ireland,771,0.003,H1
SSN-0011,Sour Cream Crisps 6x25g multipack,Multipack outer bag,Plastic,Secondary,HH,N. Ireland,1544,0.014,H2
SSN-0016,Sweet Chilli Sharing bag 150g,Bag film,Plastic,prim,Consumer,Scotland,4790,0.031,H2
SSN-0043,Salted Cashews Nuts tin 200g,Case,corrugated,Shipment,Business,NI,2726,0.082,H1
SSN-0005,Smoky Bacon Crisps 6x25g multipack,Crisp bag film,Plastik,prim,Consumer,Scotland,4018,0.043,1
SSN-0039,Mixed Nuts Nuts tin 200g,Steel tin,Steel,Primary,Consumer,Scotland,6452,0.290,Jul-Dec
SSN-0009,Worcester Sauce Crisps 6x25g multipack,Multipack outer bag,Plastic,Secondary,Household,England,33398,0.301,H2
SSN-0004,Prawn Cocktail Crisps 6x25g multipack,Pallet wrap,plastic film,Pallet,Business,Scotland,5620,0.003,H1
SSN-0009,Worcester Sauce Crisps 6x25g multipack,Shipping case,corrugated,Shipment,Business,N. Ireland,1253,0.050,H1
SSN-0042,Brazil Nuts Nuts tin 200g,Steel tin,Steel,Primary,HH,ENGLAND,12743,0.573,Jul-Dec
SSN-0025,Lime Sharing bag 150g,Shipping case,Card,Shipment,Business,England,12609,0.441,H2
SSN-0034,Onion Stacked tube 160g,Plastic lid,Plastic,Primary,Consumer,England,46718,0.187,H2
SSN-0032,Pizza Stacked tube 160g,Tray,Cardboard,Shipment,Business,Northern Ireland,1482,0.037,1
SSN-0036,Chicken Stacked tube 160g,Foil seal,Aluminium foil,Primary,Consumer,England,39056,0.059,Jul-Dec
SSN-0027,Original Stacked tube 160g,Tray,Card,Shipment,NHH,N. Ireland,10390,0.260,H2
SSN-0011,Sour Cream Crisps 6x25g multipack,Pallet wrap,PLASTIC,Tertiary,Business,Scotland,3623,0.002,H2
SSN-0004,Prawn Cocktail Crisps 6x25g multipack,Crisp bag film,Plastic,Primary,HH,N. Ireland,2090,0.023,1
SSN-0003,Cheese & Onion Crisps 6x25g multipack,Pallet wrap,PLASTIC,Tertiary,Business,N. Ireland,3038,0.002,H2
SSN-0024,Sour Cream Sharing bag 150g,Bag film,Plastic,Primary,Consumer,NI,4685,0.030,H2
SSN-0038,Honey Cashews Nuts tin 200g,Steel tin,Steel,Primary,Household,Wales,8735,0.393,H2
SSN-0029,Paprika Stacked tube 160g,Plastic lid,Plastic,Primary,Household,Scotland,2920,0.012,1
SSN-0014,Paprika Crisps 6x25g multipack,Pallet wrap,Plastic,Pallet,Business,Wales,1863,0.001,H1
SSN-0004,Prawn Cocktail Crisps 6x25g multipack,Shipping case,Cardboard,Shipment,Business,Wales,3673,0.147,H1
SSN-0039,Mixed Nuts Nuts tin 200g,Steel tin,Steel,Primary,Consumer,NI,2237,0.101,H2
SSN-0004,Prawn Cocktail Crisps 6x25g multipack,Crisp bag film,PLASTIC,Primary,Consumer,Scotland,5931,0.064,H2
SSN-0001,Ready Salted Crisps 6x25g multipack,Multipack outer bag,Plastic,Secondary,HH,England,73950,0.666,Jul-Dec
SSN-0054,Popcorn Salt Foodservice box 1kg,Bag liner,Plastic,Primary,B2B,Wales,5971,0.072,H1
SSN-0053,Popcorn Sweet Foodservice box 1kg,Bag liner,plastic film,Primary,Business,Scotland,25722,0.309t,Jul-Dec
SSN-0012,BBQ Crisps 6x25g multipack,Crisp bag film,plastic film,Primary,Household,England,98095,1.059,1
SSN-0033,Hot Stacked tube 160g,Tray,Card,Shipment,Business,N. Ireland,5117,0.128,Jul-Dec
SSN-0053,Popcorn Sweet Foodservice box 1kg,Bag liner,Plastik,prim,Non-household,ENGLAND,279394,3.353,H2
SSN-0020,Balsamic Sharing bag 150g,Pallet wrap,Plastic,Tertiary,Business,N. Ireland,1573,0.001,H1
SSN-0009,Worcester Sauce Crisps 6x25g multipack,Crisp bag film,Plastic,Primary,Consumer,Wales,2174,0.023,H2
SSN-0049,Cheese Onion Foodservice box 1kg,Bag liner,Plastic,Primary,B2B,England,60183,0.722,H2
SSN-0006,Sea Salt Crisps 6x25g multipack,Shipping case,Cardboard,Outer,B2B,N. Ireland,2134,0.085,H2
SSN-0053,Popcorn Sweet Foodservice box 1kg,Carton,Cardboard,Primary ,Business,N. Ireland,9327,1.119,Jan-Jun
SSN-0006,Sea Salt Crisps 6x25g multipack,Pallet wrap,Plastik,Tertiary,NHH,England,59559,0.030,H2
SSN-0045,Pecans Nuts tin 200g,Case,Cardboard,Shipment,NHH,NI,4046,0.121,H1
SSN-0007,Chilli Crisps 6x25g multipack,Crisp bag film,Plastic,Primary,Household,Wales,1898,0.020,H1
SSN-0044,Macadamia Nuts tin 200g,Steel tin,Tinplate,Primary ,Consumer,Northern Ireland,1766,0.079,H2
SSN-0029,Paprika Stacked tube 160g,Plastic lid,Plastik,Primary,HH,N. Ireland,1033,0.004,H1
SSN-0008,Pickled Onion Crisps 6x25g multipack,Multipack outer bag,Plastic,Secondary,Consumer,Scotland,7927,0.071,H1
SSN-0031,Salt Vinegar Stacked tube 160g,Paper tube,Paper tube (composite),Primary,HH,Wales,21672,0.607,Jan-Jun
SSN-0009,Worcester Sauce Crisps 6x25g multipack,Crisp bag film,PLASTIC,Primary,HH,N. Ireland,1253,0.014,H1
SSN-0027,Original Stacked tube 160g,Foil seal,Alu,prim,Household,Wales,16658,0.025,1
SSN-0030,Cheese Stacked tube 160g,Plastic lid,Plastic,Primary,Consumer,N. Ireland,2588,0.010,H2
SSN-0034,Onion Stacked tube 160g,Tray,Cardboard,Shipment,Business,Northern Ireland,1699,0.042,H2
SSN-0019,Truffle Sharing bag 150g,Shipping case,Cardboard,Transit,Business,Scotland,11043,0.387,1
SSN-0002,Salt & Vinegar Crisps 6x25g multipack,Multipack outer bag,Plastik,2nd,Consumer,ENGLAND,162121,1.459,1
SSN-0008,Pickled Onion Crisps 6x25g multipack,Multipack outer bag,Plastic,Secondary,HH,ENGLAND,83843,0.755,H2
SSN-0047,Ready Salted Foodservice box 1kg,Bag liner,Plastic,Primary,Business,ENGLAND,22889,0.275,H2
SSN-0011,Sour Cream Crisps 6x25g multipack,Pallet wrap,Plastic,Tertiary,Non-household,NI,1544,0.001,Jul-Dec
SSN-0013,Lightly Salted Crisps 6x25g multipack,Crisp bag film,PLASTIC,Primary,HH,N. Ireland,2240,0.024,H1
SSN-0031,Salt Vinegar Stacked tube 160g,Plastic lid,Plastic,Primary ,Consumer,Scotland,34034,0.136,1
SSN-0030,Cheese Stacked tube 160g,Plastic lid,Plastik,Primary,Consumer,ENGLAND,83210,0.333,H1
SSN-0006,Sea Salt Crisps 6x25g multipack,Crisp bag film,Plastic,Primary,Consumer,N. Ireland,1860,0.020,1
SSN-0014,Paprika Crisps 6x25g multipack,Multipack outer bag,Plastic,Secondary,Consumer,England,32176,0.290,H2
SSN-0043,Salted Cashews Nuts tin 200g,Paper label,Cardboard,Primary ,Consumer,Northern Ireland,2830,0.006,Jul-Dec
SSN-0044,Macadamia Nuts tin 200g,Case,Cardboard,Shipment,Business,ENGLAND,43534,1.306,H1
SSN-0031,Salt Vinegar Stacked tube 160g,Tray,Cardboard,Shipment,Business,Wales,19844,0.496,Jul-Dec
SSN-0049,Cheese Onion Foodservice box 1kg,Carton,Cardboard,Primary,Business,N. Ireland,2111,0.253,Jul-Dec
SSN-0042,Brazil Nuts Nuts tin 200g,Steel tin,Steel,Primary,HH,Wales,795,0.036,H2
SSN-0034,Onion Stacked tube 160g,Plastic lid,Plastik,Primary,Consumer,Northern Ireland,1718,0.007,Jan-Jun
SSN-0036,Chicken Stacked tube 160g,Foil seal,Aluminium foil,prim,Consumer,Wales,2190,0.003,H2
SSN-0036,Chicken Stacked tube 160g,Paper tube,Composite,prim,Consumer,Wales,2209,0.062,Jan-Jun

Severnside Snacks ERP export,Page break
Item Code,Description,Pack Component,Material Type,Pack Level,Consumer/Business,Country,Qty,Weight (tonnes),Half
SSN-0042,Brazil Nuts Nuts tin 200g,Paper label,Paper,prim,Consumer,England,12376,0.025,H1
SSN-0044,Macadamia Nuts tin 200g,Paper label,Cardboard,Primary,Consumer,ENGLAND,43534,0.087,H1
SSN-0016,Sweet Chilli Sharing bag 150g,Shipping case,Cardboard,Shipment,Business,NI,1816,0.064,H2
SSN-0013,Lightly Salted Crisps 6x25g multipack,Multipack outer bag,Plastic,2nd,HH,England,57432,0.517,H2
SSN-0003,Cheese & Onion Crisps 6x25g multipack,Pallet wrap,Plastic,Tertiary,B2B,Wales,4745,0.002,H1
SSN-0013,Lightly Salted Crisps 6x25g multipack,Multipack outer bag,plastic film,2nd,Consumer,Wales,3264,0.029,H1
SSN-0010,Roast Chicken Crisps 6x25g multipack,Pallet wrap,Plastic,Tertiary,Business,NI,4912,0.002,Jul-Dec
SSN-0021,Jalapeno Sharing bag 150g,Pallet wrap,Plastic,Tertiary,Business,Scotland,5216,0.003,2
SSN-0019,Truffle Sharing bag 150g,Pallet wrap,Plastik,Tertiary,NHH,Wales,6723,0.003,H1
SSN-0019,Truffle Sharing bag 150g,Bag film,Plastic,Primary,Consumer,Wales,6723,0.044,H1
SSN-0051,Peanuts Foodservice box 1kg,Carton,Cardboard,Primary,Business,Wales,1073,0.129,2
SSN-0011,Sour Cream Crisps 6x25g multipack,Crisp bag film,Plastik,prim,Consumer,England,38415,0.415,2
SSN-0026,Hot Sauce Sharing bag 150g,Shipping case,Cardboard,Shipment,Business,Scotland,3169,0.111,H1
SSN-0047,Ready Salted Foodservice box 1kg,Bag liner,plastic film,Primary,Business,England,19147,0.230,H1
SSN-0026,Hot Sauce Sharing bag 150g,Pallet wrap,PLASTIC,Tertiary,Business,ENGLAND,35778,0.018,H2
SSN-0021,Jalapeno Sharing bag 150g,Pallet wrap,Plastic,Tertiary,NHH,Wales,3121,0.002,H1
SSN-0010,Roast Chicken Crisps 6x25g multipack,Shipping case,Card,Shipment,B2B,Wales,8383,0.335,H1
SSN-0053,Popcorn Sweet Foodservice box 1kg,Bag liner,Plastik,prim,Business,Wales,17080,0.205,2
SSN-0030,Cheese Stacked tube 160g,Paper tube,Composite,Primary,Household,Scotland,7569,0.212,1
SSN-0022,Rosemary Sharing bag 150g,Pallet wrap,Plastic,Tertiary,Business,Wales,5879,0.003,Jan-Jun
SSN-0004,Prawn Cocktail Crisps 6x25g multipack,Shipping case,Paper/Card,Shipment,NHH,England,66659,2.666,H2
SSN-0023,Honey BBQ Sharing bag 150g,Shipping case,Cardboard,Shipment,B2B,Wales,3084,0.108,Jan-Jun
SSN-0041,Pistachios Nuts tin 200g,Case,corrugated,Transit,Non-household,England,222470,6.674,Jul-Dec
SSN-0012,BBQ Crisps 6x25g multipack,Crisp bag film,Plastic,Primary,HH,Wales,5004,0.054,H1
SSN-0010,Roast Chicken Crisps 6x25g multipack,Shipping case,Paper,Shipment,NHH,Scotland,12925,0.517,Jul-Dec
SSN-0038,Honey Cashews Nuts tin 200g,Steel tin,Steel,Primary,Household,Scotland,14032,0.631,H2
SSN-0024,Sour Cream Sharing bag 150g,Pallet wrap,Plastic,Tertiary,Business,Scotland,13535,0.007,H2
SSN-0011,Sour Cream Crisps 6x25g multipack,Shipping case,Cardboard,Shipment,Business,ENGLAND,38415,1.537,H2
SSN-0018,Black Pepper Sharing bag 150g,Pallet wrap,Plastic,Tertiary,Business,Wales,1532,0.001,2
SSN-0002,Salt & Vinegar Crisps 6x25g multipack,Pallet wrap,Plastics,Tertiary,B2B,England,197310,0.099,H2
SSN-0028,Sour Cream Stacked tube 160g,Foil seal,Aluminium foil,Primary,Consumer,Wales,8772,0.013,H1
SSN-0042,Brazil Nuts Nuts tin 200g,Case,Cardboard,Outer,B2B,ENGLAND,12743,0.382,Jul-Dec
SSN-0028,Sour Cream Stacked tube 160g,Foil seal,Aluminium,Primary,Consumer,Scotland,16191,0.024,H2
SSN-0031,Salt Vinegar Stacked tube 160g,Foil seal,Aluminium foil,Primary,Consumer,Northern Ireland,13131,0.020,H2
SSN-0020,Balsamic Sharing bag 150g,Bag film,Plastic,prim,HH,Scotland,3664,0.024,2
SSN-0005,Smoky Bacon Crisps 6x25g multipack,Shipping case,Cardboard,Shipment,Business,N. Ireland,1421,0.057,H1
SSN-0003,Cheese & Onion Crisps 6x25g multipack,Pallet wrap,plastic film,Tertiary,NHH,Scotland,8292,0.004,H2
SSN-0041,Pistachios Nuts tin 200g,Paper label,Cardboard,Primary,Consumer,England,209484,0.419,Jan-Jun
SSN-0026,Hot Sauce Sharing bag 150g,Bag film,Plastics,Primary,Consumer,Wales,1736,0.011,H1
SSN-0026,Hot Sauce Sharing bag 150g,Shipping case,Cardboard,Shipment,Business,N. Ireland,1070,0.037,H1
SSN-0007,Chilli Crisps 6x25g multipack,Crisp bag film,Plastic,Primary,Household,Wales,2107,0.023,H2
SSN-0043,Salted Cashews Nuts tin 200g,Paper label,Paper,prim,Consumer,Wales,5136,0.010,H2
SSN-0045,Pecans Nuts tin 200g,Steel tin,Steel,Primary ,Household,N. Ireland,4046,0.182,H1
SSN-0013,Lightly Salted Crisps 6x25g multipack,Crisp bag film,Plastic,Primary,HH,N. Ireland,1943,0.021,2
SSN-0047,Ready Salted Foodservice box 1kg,Bag liner,Plastic,Primary,Business,Wales,1118,0.013,H1
SSN-0034,Onion Stacked tube 160g,Plastic lid,Plastic,Primary,HH,Wales,2843,0.011,H2
SSN-0032,Pizza Stacked tube 160g,Paper tube,Composite,Primary,Consumer,N. Ireland,1558,0.044,H2
SSN-0017,Cheddar Sharing bag 150g,Pallet wrap,Plastic,Tertiary,Business,ENGLAND,102015,0.051,H2
SSN-0042,Brazil Nuts Nuts tin 200g,Steel tin,Tinplate,Primary ,HH,Scotland,1119,0.050,1
SSN-0003,Cheese & Onion Crisps 6x25g multipack,Crisp bag film,Plastic,Primary ,Consumer,Wales,4745,0.051,H1
SSN-0056,Cashews Foodservice box 1kg,Carton,corrugated,Primary,Business,Northern Ireland,1582,0.190,1
SSN-0053,Popcorn Sweet Foodservice box 1kg,Bag liner,Plastic,Primary,Business,England,239197,2.870,1
SSN-0055,Tortilla Foodservice box 1kg,Bag liner,plastic film,Primary,Business,England,39118,0.469,H1
SSN-0003,Cheese & Onion Crisps 6x25g multipack,Crisp bag film,Plastic,Primary,Consumer,Scotland,8292,0.090,H2
SSN-0035,Ketchup Stacked tube 160g,Paper tube,Composite,Primary,Consumer,N. Ireland,771,0.022,1
SSN-0007,Chilli Crisps 6x25g multipack,Crisp bag film,Plastic,Primary,HH,Scotland,3258,n/a,H1
SSN-0034,Onion Stacked tube 160g,Tray,Paper/Card,Transit,Business,NI,1718,0.043,H1
SSN-0020,Balsamic Sharing bag 150g,Shipping case,Cardboard,Shipment,NHH,England,47089,1.648,H1
SSN-0045,Pecans Nuts tin 200g,Case,Card,Shipment,NHH,Wales,6453,0.194,H1
SSN-0021,Jalapeno Sharing bag 150g,Shipping case,corrugated,Transit,Non-household,N. Ireland,1717,0.060,H1
SSN-0004,Prawn Cocktail Crisps 6x25g multipack,Pallet wrap,PLASTIC,Pallet,NHH,Northern Ireland,2151,0.001,H2
SSN-0030,Cheese Stacked tube 160g,Plastic lid,Plastic,Primary,HH,N. Ireland,3028,0.012,H1
SSN-0046,Party Mix Nuts tin 200g,Steel tin,Steel,Primary,Consumer,England,218975,9.854,H1
SSN-0033,Hot Stacked tube 160g,Foil seal,Alu,Primary,Consumer,NI,5117,0.008,H2
SSN-0032,Pizza Stacked tube 160g,Tray,corrugated,Shipment,Business,Wales,2373,0.059,H1
SSN-0008,Pickled Onion Crisps 6x25g multipack,Shipping case,Cardboard,Shipment,Non-household,Wales,5265,0.211,H2
SSN-0004,Prawn Cocktail Crisps 6x25g multipack,Multipack outer bag,Plastics,Secondary,HH,England,66659,0.600t,H2
SSN-0007,Chilli Crisps 6x25g multipack,Crisp bag film,Plastic,Primary,Consumer,England,34758,0.375,H2
SSN-0004,Prawn Cocktail Crisps 6x25g multipack,Shipping case,Cardboard,Shipment,Business,Scotland,5931,0.237,H2
SSN-0006,Sea Salt Crisps 6x25g multipack,Multipack outer bag,Plastics,Secondary,HH,England,59559,0.536,H2
SSN-0022,Rosemary Sharing bag 150g,Bag film,Plastic,Primary,Consumer,Northern Ireland,3373,0.022,H1
SSN-0051,Peanuts Foodservice box 1kg,Carton,Paper/Card,Primary ,NHH,Wales,1143,0.137,H1
SSN-0023,Honey BBQ Sharing bag 150g,Bag film,plastic film,Primary ,Consumer,Scotland,5165,0.034,H2
SSN-0004,Prawn Cocktail Crisps 6x25g multipack,Crisp bag film,Plastic,Primary,Consumer,Scotland,5620,0.061,1
SSN-0034,Onion Stacked tube 160g,Plastic lid,Plastic,Primary,HH,England,44420,0.178,H1
SSN-0030,Cheese Stacked tube 160g,Foil seal,Aluminium foil,Primary,Consumer,Scotland,7569,0.011,H1
SSN-0003,Cheese & Onion Crisps 6x25g multipack,Shipping case,Card,Shipment,NHH,ENGLAND,76923,3.077,1
SSN-0001,Ready Salted Crisps 6x25g multipack,Pallet wrap,Plastic,Tertiary,Business,Wales,4411,0.002,H2
SSN-0003,Cheese & Onion Crisps 6x25g multipack,Pallet wrap,PLASTIC,Tertiary,NHH,Scotland,8120,0.004,H1
SSN-0023,Honey BBQ Sharing bag 150g,Pallet wrap,Plastic,Tertiary,Business,England,59502,0.030,H2
SSN-0051,Peanuts Foodservice box 1kg,Bag liner,Plastic,Primary ,Business,Wales,1143,0.014,H1
SSN-0051,Peanuts Foodservice box 1kg,Carton,Cardboard,Primary,Business,N. Ireland,674,0.081,Jul-Dec
SSN-0033,Hot Stacked tube 160g,Plastic lid,Plastik,Primary,Consumer,England,159048,0.636,H2
SSN-0001,Ready Salted Crisps 6x25g multipack,Crisp bag film,Plastic,Primary ,Consumer,ENGLAND,80472,0.869,H1
SSN-0009,Worcester Sauce Crisps 6x25g multipack,Shipping case,corrugated,Shipment,Business,Scotland,3454,0.138,Jul-Dec
SSN-0007,Chilli Crisps 6x25g multipack,Shipping case,Cardboard,Shipment,Business,England,36778,1.471,H1
SSN-0010,Roast Chicken Crisps 6x25g multipack,Crisp bag film,Plastic,Primary,Consumer,N. Ireland,5438,0.059,H1
SSN-0005,Smoky Bacon Crisps 6x25g multipack,Crisp bag film,Plastik,Primary,Consumer,Scotland,3951,0.043,H2
SSN-0055,Tortilla Foodservice box 1kg,Carton,Cardboard,Primary,B2B,Scotland,3834,0.460,H1
SSN-0029,Paprika Stacked tube 160g,Tray,Card,Shipment,Business,Wales,1765,0.044,H2
SSN-0014,Paprika Crisps 6x25g multipack,Pallet wrap,Plastik,Tertiary,NHH,N. Ireland,1110,0.001,H2
SSN-0048,Salt Vinegar Foodservice box 1kg,Carton,Cardboard,prim,Business,Wales,7022,0.843,H1
SSN-0041,Pistachios Nuts tin 200g,Paper label,Cardboard,Primary ,HH,Scotland,20428,0.041,H2
SSN-0036,Chicken Stacked tube 160g,Paper tube,Composite,Primary,HH,Scotland,3488,0.098,H2
SSN-0005,Smoky Bacon Crisps 6x25g multipack,Pallet wrap,Plastic,Pallet,Business,NI,1421,0.001,H1
SSN-0016,Sweet Chilli Sharing bag 150g,Bag film,plastic film,Primary,Consumer,Wales,2624,0.017,H1
SSN-0041,Pistachios Nuts tin 200g,Steel tin,Steel,Primary,Household,Scotland,20428,0.919,H2
SSN-0013,Lightly Salted Crisps 6x25g multipack,Shipping case,Cardboard,Shipment,Business,Scotland,5380,0.215,H1
SSN-0029,Paprika Stacked tube 160g,Foil seal,Alu,Primary,HH,Scotland,2992,0.004,2
SSN-0037,Salted Peanuts Nuts tin 200g,Paper label,Cardboard,Primary ,Consumer,Scotland,7216,0.014,2
SSN-0046,Party Mix Nuts tin 200g,Paper label,Cardboard,Primary,Consumer,Wales,11229,0.022,H2
SSN-0035,Ketchup Stacked tube 160g,Tray,Paper,Shipment,B2B,Wales,1367,0.034,H2
SSN-0047,Ready Salted Foodservice box 1kg,Bag liner,plastic film,Primary,Business,Scotland,1963,0.024,H2
SSN-0040,Chilli Almonds Nuts tin 200g,Paper label,Cardboard,Primary,HH,Wales,5901,0.012,H1
SSN-0031,Salt Vinegar Stacked tube 160g,Foil seal,Aluminium foil,prim,Consumer,Wales,21672,0.033,H1
SSN-0041,Pistachios Nuts tin 200g,Paper label,Paper,Primary,Consumer,Wales,13434,0.027,2
SSN-0046,Party Mix Nuts tin 200g,Case,Cardboard,Shipment,B2B,N. Ireland,7627,0.229,H1
SSN-0009,Worcester Sauce Crisps 6x25g multipack,Pallet wrap,Plastik,Tertiary,Business,England,34822,0.017,Jan-Jun
SSN-0027,Original Stacked tube 160g,Tray,corrugated,Shipment,Business,Scotland,25812,0.645,Jan-Jun
SSN-0037,Salted Peanuts Nuts tin 200g,Paper label,Cardboard,Primary,Consumer,Scotland,5864,0.012,1
SSN-0036,Chicken Stacked tube 160g,Paper tube,Composite,Primary ,Household,England,36050,1.009t,H1
SSN-0036,Chicken Stacked tube 160g,Tray,Cardboard,Shipment,Non-household,Scotland,3488,0.087,H2
SSN-0012,BBQ Crisps 6x25g multipack,Crisp bag film,Plastic,Primary,Consumer,NI,2922,0.032,H2
SSN-0041,Pistachios Nuts tin 200g,Case,Cardboard,Transit,Business,N. Ireland,7133,0.214,H2
SSN-0021,Jalapeno Sharing bag 150g,Shipping case,Cardboard,Outer,B2B,England,50629,1.772,H1
SSN-0024,Sour Cream Sharing bag 150g,Bag film,plastic film,Primary,Consumer,Scotland,13535,0.088,H2
SSN-0026,Hot Sauce Sharing bag 150g,Shipping case,Cardboard,Shipment,Business,N. Ireland,1243,0.044,H2
SSN-0030,Cheese Stacked tube 160g,Foil seal,Aluminium foil,Primary,Consumer,N. Ireland,3028,0.005,H1
SSN-0021,Jalapeno Sharing bag 150g,Pallet wrap,Plastic,Tertiary,Business,Northern Ireland,1929,0.001,Jul-Dec
SSN-0009,Worcester Sauce Crisps 6x25g multipack,Pallet wrap,Plastic,Tertiary,Business,Wales,2174,0.001,H2
SSN-0014,Paprika Crisps 6x25g multipack,Pallet wrap,Plastic,Pallet,Business,Scotland,2877,0.001,H1
SSN-0040,Chilli Almonds Nuts tin 200g,Paper label,corrugated,Primary,Household,ENGLAND,111918,0.224,Jul-Dec
SSN-0055,Tortilla Foodservice box 1kg,Carton,Cardboard,Primary,B2B,Wales,2127,0.255,H2
SSN-0040,Chilli Almonds Nuts tin 200g,Steel tin,Steel,prim,Consumer,England,-5595,-0.252,H2
SSN-0006,Sea Salt Crisps 6x25g multipack,Pallet wrap,Plastics,Tertiary,B2B,Scotland,5394,0.003,H1
SSN-0006,Sea Salt Crisps 6x25g multipack,Shipping case,Cardboard,Shipment,Business,England,53831,2.153,H1
SSN-0035,Ketchup Stacked tube 160g,Tray,Cardboard,Outer,B2B,ENGLAND,24778,0.619,H2
SSN-0056,Cashews Foodservice box 1kg,Bag liner,PLASTIC,Primary,Business,N. Ireland,1786,0.021,H2
SSN-0031,Salt Vinegar Stacked tube 160g,Tray,Cardboard,Transit,Business,Wales,21672,0.542,Jan-Jun
SSN-0030,Cheese Stacked tube 160g,Tray,Cardboard,Shipment,NHH,Scotland,7569,0.189,H1
SSN-0026,Hot Sauce Sharing bag 150g,Pallet wrap,plastic film,Tertiary,B2B,Wales,1866,0.001,H2
SSN-0053,Popcorn Sweet Foodservice box 1kg,Carton,Cardboard,Primary,Business,Scotland,25200,3.024,Jan-Jun
SSN-0008,Pickled Onion Crisps 6x25g multipack,Shipping case,Cardboard,Shipment,Business,Wales,5187,0.207,H1
SSN-0028,Sour Cream Stacked tube 160g,Foil seal,Aluminium foil,prim,Consumer,England,149294,0.224,1
SSN-0056,Cashews Foodservice box 1kg,Bag liner,Plastic,Primary ,Business,England,47737,0.573,H2
SSN-0024,Sour Cream Sharing bag 150g,Pallet wrap,Plastic,Tertiary,B2B,NI,5243,0.003,H1
SSN-0016,Sweet Chilli Sharing bag 150g,Shipping case,corrugated,Shipment,Business,Wales,2624,0.092t,H1
SSN-0042,Brazil Nuts Nuts tin 200g,Paper label,Paper,prim,Consumer,Scotland,1175,0.002t,H2
SSN-0034,Onion Stacked tube 160g,Paper tube,Composite,Primary,HH,Scotland,4152,0.116,H1
SSN-0036,Chicken Stacked tube 160g,Plastic lid,Plastic,Primary,Consumer,Wales,2209,0.009,Jan-Jun
SSN-0010,Roast Chicken Crisps 6x25g multipack,Shipping case,corrugated,Shipment,NHH,England,138350,5.534,H2
SSN-0033,Hot Stacked tube 160g,Tray,Cardboard,Shipment,NHH,England,159048,3.976,H2
SSN-0038,Honey Cashews Nuts tin 200g,Paper label,Cardboard,Primary,Household,England,161920,0.324,H1
SSN-0042,Brazil Nuts Nuts tin 200g,Paper label,Card,Primary,Consumer,Wales,716,0.001,H1
SSN-0041,Pistachios Nuts tin 200g,Case,Paper/Card,Outer,Business,Northern Ireland,7895,0.237,H1
SSN-0005,Smoky Bacon Crisps 6x25g multipack,Pallet wrap,Plastic,Tertiary,Business,England,41376,0.021,H2
SSN-0029,Paprika Stacked tube 160g,Paper tube,Paper tube (composite),Primary ,Consumer,N. Ireland,1033,0.029,H1
SSN-0029,Paprika Stacked tube 160g,Foil seal,Aluminium foil,Primary,Consumer,England,31123,0.047,Jul-Dec
SSN-0021,Jalapeno Sharing bag 150g,Bag film,Plastic,Primary,HH,N. Ireland,1717,0.011t,H1
SSN-0010,Roast Chicken Crisps 6x25g multipack,Crisp bag film,Plastic,prim,Consumer,England,133577,1.443,H1
SSN-0022,Rosemary Sharing bag 150g,Pallet wrap,Plastic,Tertiary,NHH,Wales,6484,0.003,H2
SSN-0001,Ready Salted Crisps 6x25g multipack,Shipping case,Cardboard,Outer,Business,Wales,4411,0.176,H2
SSN-0032,Pizza Stacked tube 160g,Plastic lid,Plastic,Primary,Consumer,England,41559,0.166,H2
SSN-0014,Paprika Crisps 6x25g multipack,Pallet wrap,Plastic,Tertiary,Business,Scotland,2874,0.001,H2
SSN-0054,Popcorn Salt Foodservice box 1kg,Carton,Paper,Primary,Business,Scotland,11374,1.365,Jul-Dec
SSN-0039,Mixed Nuts Nuts tin 200g,Paper label,Card,Primary,Household,Wales,3590,0.007,H1
SSN-0014,Paprika Crisps 6x25g multipack,Pallet wrap,PLASTIC,Tertiary,Business,Wales,1980,0.001,Jul-Dec
SSN-0036,Chicken Stacked tube 160g,Tray,Cardboard,Shipment,Business,ENGLAND,39056,0.976,H2
SSN-0037,Salted Peanuts Nuts tin 200g,Steel tin,Steel,Primary,Consumer,N. Ireland,2721,0.122,H2
SSN-0022,Rosemary Sharing bag 150g,Bag film,Plastic,Primary,Household,England,104079,0.677,H2
SSN-0005,Smoky Bacon Crisps 6x25g multipack,Crisp bag film,Plastics,Primary ,Consumer,N. Ireland,1421,0.015,1
SSN-0035,Ketchup Stacked tube 160g,Plastic lid,Plastik,Primary,HH,Scotland,2210,0.009,H2
SSN-0044,Macadamia Nuts tin 200g,Steel tin,Steel,Primary,Household,N. Ireland,1647,0.074,1
SSN-0054,Popcorn Salt Foodservice box 1kg,Carton,Cardboard,Primary,B2B,England,117361,14.083,H2
SSN-0038,Honey Cashews Nuts tin 200g,Paper label,Cardboard,prim,Consumer,Scotland,14032,0.028,Jul-Dec
SSN-0027,Original Stacked tube 160g,Plastic lid,Plastic,Primary,Consumer,England,283226,1.133,1
SSN-0041,Pistachios Nuts tin 200g,Paper label,Card,Primary,Consumer,ENGLAND,222470,0.445,H2
SSN-0038,Honey Cashews Nuts tin 200g,Steel tin,Steel,Primary,Consumer,Scotland,14963,0.673,H1
SSN-0045,Pecans Nuts tin 200g,Steel tin,Tinplate,Primary,Consumer,Scotland,10356,0.466,H1
SSN-0014,Paprika Crisps 6x25g multipack,Shipping case,Cardboard,Shipment,Business,ENGLAND,32176,1.287,H2
SSN-0038,Honey Cashews Nuts tin 200g,Paper label,Cardboard,Primary,Consumer,Scotland,14963,0.030,H1
SSN-0035,Ketchup Stacked tube 160g,Plastic lid,Plastic,Primary,Consumer,N. Ireland,717,0.003,H2
SSN-0013,Lightly Salted Crisps 6x25g multipack,Pallet wrap,Plastik,Tertiary,Business,England,55630,0.028,H1
SSN-0015,Sea Salt Sharing bag 150g,Pallet wrap,PLASTIC,Pallet,Business,N. Ireland,1595,0.001,H1
SSN-0030,Cheese Stacked tube 160g,Tray,Cardboard,Transit,Business,England,78509,1.963t,2
SSN-0034,Onion Stacked tube 160g,Foil seal,Aluminium foil,Primary ,Consumer,England,44420,0.067,Jan-Jun
SSN-0046,Party Mix Nuts tin 200g,Steel tin,Steel,Primary ,Consumer,Scotland,17377,0.782,2
SSN-0030,Cheese Stacked tube 160g,Plastic lid,Plastic,Primary,Consumer,Wales,5020,0.020,2
SSN-0001,Ready Salted Crisps 6x25g multipack,Shipping case,Cardboard,Shipment,Business,Scotland,6838,0.274,H1
SSN-0017,Cheddar Sharing bag 150g,Shipping case,Cardboard,Shipment,Business,Scotland,9049,0.317,2
SSN-0042,Brazil Nuts Nuts tin 200g,Paper label,Cardboard,Primary,Household,ENGLAND,12743,0.025,H2
SSN-0044,Macadamia Nuts tin 200g,Case,Cardboard,Shipment,Business,Wales,2782,0.083,H1
SSN-0029,Paprika Stacked tube 160g,Foil seal,Aluminium,Primary ,Consumer,ENGLAND,28887,0.043,Jan-Jun
SSN-0035,Ketchup Stacked tube 160g,Foil seal,Aluminium foil,Primary ,HH,Wales,1418,0.002,H1
SSN-0015,Sea Salt Sharing bag 150g,Bag film,Plastic,Primary,Consumer,England,46264,0.301,1
SSN-0006,Sea Salt Crisps 6x25g multipack,Pallet wrap,Plastic,Tertiary,Business,Wales,3637,0.002,H2
SSN-0014,Paprika Crisps 6x25g multipack,Crisp bag film,Plastic,Primary,Consumer,Scotland,2874,0.031,H2
SSN-0013,Lightly Salted Crisps 6x25g multipack,Shipping case,Paper/Card,Shipment,Non-household,N. Ireland,1943,0.078,H2
SSN-0042,Brazil Nuts Nuts tin 200g,Paper label,Cardboard,Primary,Consumer,N. Ireland,356,0.001,H1
SSN-0054,Popcorn Salt Foodservice box 1kg,Bag liner,Plastic,Primary,Business,N. Ireland,4523,0.054,H2
SSN-0001,Ready Salted Crisps 6x25g multipack,Shipping case,Paper,Shipment,Business,N. Ireland,2548,0.102,Jan-Jun
SSN-0031,Salt Vinegar Stacked tube 160g,Plastic lid,Plastic,Primary,Consumer,Wales,19844,0.079,H2
SSN-0029,Paprika Stacked tube 160g,Plastic lid,Plastic,Primary,Consumer,Wales,1803,0.007,1
SSN-0005,Smoky Bacon Crisps 6x25g multipack,Pallet wrap,Plastic,Tertiary,Business,Scotland,4018,0.002,1
SSN-0049,Cheese Onion Foodservice box 1kg,Bag liner,Plastic,Primary,Non-household,N. Ireland,2111,0.025,H2
SSN-0051,Peanuts Foodservice box 1kg,Carton,Cardboard,prim,Business,Scotland,1896,0.228,1
SSN-0043,Salted Cashews Nuts tin 200g,Steel tin,Steel,Primary,Consumer,Scotland,7231,0.325,H2
SSN-0041,Pistachios Nuts tin 200g,Case,Paper,Shipment,Business,England,209484,6.285,1
SSN-0033,Hot Stacked tube 160g,Paper tube,Composite,prim,Household,N. Ireland,5117,0.143,H2
SSN-0009,Worcester Sauce Crisps 6x25g multipack,Crisp bag film,Plastic,Primary,HH,Scotland,3090,0.033,H1
SSN-0056,Cashews Foodservice box 1kg,Bag liner,Plastic,prim,NHH,England,49820,0.598,H1
SSN-0034,Onion Stacked tube 160g,Plastic lid,Plastic,Primary,Consumer,Scotland,4152,0.017,H1
SSN-0040,Chilli Almonds Nuts tin 200g,Paper label,corrugated,Primary,Consumer,Wales,6545,0.013,H2
SSN-0010,Roast Chicken Crisps 6x25g multipack,Shipping case,Cardboard,Shipment,Business,N. Ireland,5438,0.218,H1
SSN-0040,Chilli Almonds Nuts tin 200g,Steel tin,Steel,Primary,Consumer,Wales,6545,0.295,H2
SSN-0044,Macadamia Nuts tin 200g,Paper label,Paper,Primary,Consumer,Scotland,4294,0.009,H2
SSN-0027,Original Stacked tube 160g,Foil seal,Aluminium foil,prim,Consumer,England,283226,0.425,H1
SSN-0005,Smoky Bacon Crisps 6x25g multipack,Pallet wrap,Plastics,Pallet,Business,N. Ireland,1417,0.001,H2
SSN-0031,Salt Vinegar Stacked tube 160g,Foil seal,Alu,Primary,HH,Scotland,34034,0.051,H1
SSN-0005,Smoky Bacon Crisps 6x25g multipack,Pallet wrap,plastic film,Tertiary,B2B,England,38768,0.019,H1
SSN-0004,Prawn Cocktail Crisps 6x25g multipack,Crisp bag film,Plastic,Primary,Consumer,Wales,3752,0.041t,H2
SSN-0005,Smoky Bacon Crisps 6x25g multipack,Multipack outer bag,Plastic,2nd,Household,England,38768,0.349,Jan-Jun
SSN-0017,Cheddar Sharing bag 150g,Bag film,Plastik,Primary,Consumer,Wales,5400,0.035,1
SSN-0007,Chilli Crisps 6x25g multipack,Multipack outer bag,Plastic,Secondary,Consumer,Wales,2107,0.019,H2
SSN-0005,Smoky Bacon Crisps 6x25g multipack,Multipack outer bag,Plastics,2nd,Consumer,Wales,2410,0.022,H1
SSN-0010,Roast Chicken Crisps 6x25g multipack,Pallet wrap,Plastics,Tertiary,NHH,Scotland,13755,0.007,H1
SSN-0010,Roast Chicken Crisps 6x25g multipack,Multipack outer bag,Plastic,Secondary,Consumer,Scotland,12925,0.116,2
SSN-0010,Roast Chicken Crisps 6x25g multipack,Crisp bag film,Plastic,Primary ,Household,Northern Ireland,4912,0.053,Jul-Dec
SSN-0034,Onion Stacked tube 160g,Foil seal,Aluminium foil,Primary,Consumer,N. Ireland,1718,0.003,H1
SSN-0023,Honey BBQ Sharing bag 150g,Bag film,Plastik,Primary,Consumer,Wales,3288,0.021t,H2
SSN-0016,Sweet Chilli Sharing bag 150g,Shipping case,Paper,Transit,NHH,Scotland,4790,0.168,H2
SSN-0031,Salt Vinegar Stacked tube 160g,Plastic lid,Plastic,prim,Consumer,England,332529,1.330,Jul-Dec
SSN-0019,Truffle Sharing bag 150g,Pallet wrap,Plastic,Tertiary,Business,Wales,6540,0.003,H2
SSN-0006,Sea Salt Crisps 6x25g multipack,Pallet wrap,Plastics,Tertiary,Non-household,Wales,3576,0.002,Jan-Jun
SSN-0006,Sea Salt Crisps 6x25g multipack,Multipack outer bag,Plastic,Secondary,Consumer,NI,1860,0.017,H1
SSN-0038,Honey Cashews Nuts tin 200g,Paper label,Cardboard,Primary,Consumer,Wales,8735,0.017,2
SSN-0009,Worcester Sauce Crisps 6x25g multipack,Shipping case,Card,Shipment,Business,Wales,1919,0.077,Jan-Jun
SSN-0015,Sea Salt Sharing bag 150g,Bag film,Plastics,Primary,Consumer,N. Ireland,1595,0.010t,H1
SSN-0025,Lime Sharing bag 150g,Bag film,Plastic,Primary,HH,Northern Ireland,440,0.003,H1
SSN-0003,Cheese & Onion Crisps 6x25g multipack,Multipack outer bag,Plastic,Secondary,HH,N. Ireland,2749,0.025,H1
SSN-0025,Lime Sharing bag 150g,Bag film,Plastic,Primary,Consumer,England,12609,0.082t,H2
SSN-0022,Rosemary Sharing bag 150g,Shipping case,Paper,Transit,Business,Wales,6484,0.227,Jul-Dec
SSN-0036,Chicken Stacked tube 160g,Tray,Paper,Shipment,Business,Wales,2190,0.055,H2
SSN-0006,Sea Salt Crisps 6x25g multipack,Pallet wrap,Plastik,Pallet,Business,Scotland,5817,0.003,H2
SSN-0020,Balsamic Sharing bag 150g,Bag film,Plastic,Primary,Consumer,Wales,2643,0.017t,H1
SSN-0036,Chicken Stacked tube 160g,Foil seal,Aluminium foil,Primary,HH,Scotland,3268,0.005,H1
SSN-0050,Mixed Nuts Foodservice box 1kg,Carton,corrugated,prim,Business,N. Ireland,3061,0.367,H1
SSN-0004,Prawn Cocktail Crisps 6x25g multipack,Crisp bag film,Plastic,Primary,Consumer,N. Ireland,2151,0.023,H2
SSN-0009,Worcester Sauce Crisps 6x25g multipack,Multipack outer bag,Plastics,Secondary,Consumer,N. Ireland,1339,0.012,H2
SSN-0013,Lightly Salted Crisps 6x25g multipack,Multipack outer bag,Plastik,Secondary,Consumer,Scotland,5380,0.048,H1
SSN-0019,Truffle Sharing bag 150g,Bag film,Plastic,Primary,Consumer,ENGLAND,122947,0.799,1
SSN-0042,Brazil Nuts Nuts tin 200g,Steel tin,Steel,Primary ,Consumer,Wales,716,0.032,1
SSN-0007,Chilli Crisps 6x25g multipack,Shipping case,Paper/Card,Shipment,Business,Wales,2107,0.084,H2
SSN-0033,Hot Stacked tube 160g,Tray,Cardboard,Outer,Business,NI,5297,0.132,Jan-Jun
SSN-0016,Sweet Chilli Sharing bag 150g,Pallet wrap,Plastics,Tertiary,NHH,Scotland,4598,0.002,H1
SSN-0049,Cheese Onion Foodservice box 1kg,Carton,Cardboard,Primary,B2B,England,60183,7.222,Jul-Dec
SSN-0042,Brazil Nuts Nuts tin 200g,Case,Card,Shipment,Business,Scotland,1175,0.035,H2
SSN-0006,Sea Salt Crisps 6x25g multipack,Multipack outer bag,Plastic,Secondary,Consumer,Scotland,5394,0.049,Jan-Jun
SSN-0056,Cashews Foodservice box 1kg,Carton,Cardboard,prim,Business,England,47737,5.728,H2
SSN-0015,Sea Salt Sharing bag 150g,Pallet wrap,Plastic,Tertiary,Business,England,56342,0.028,H2
SSN-0007,Chilli Crisps 6x25g multipack,Multipack outer bag,plastic film,Secondary,Consumer,England,36778,0.331,H1
SSN-0027,Original Stacked tube 160g,Tray,Paper,Transit,Business,England,278940,6.974,Jul-Dec
SSN-0009,Worcester Sauce Crisps 6x25g multipack,Crisp bag film,Plastic,Primary,Household,N. Ireland,1339,0.014,H2
SSN-0032,Pizza Stacked tube 160g,Tray,Cardboard,Shipment,NHH,Scotland,3553,0.089,Jan-Jun
SSN-0039,Mixed Nuts Nuts tin 200g,Steel tin,Steel,Primary,Household,Wales,3734,0.168,Jul-Dec
SSN-0016,Sweet Chilli Sharing bag 150g,Pallet wrap,Plastics,Tertiary,Business,N. Ireland,1816,0.001,H2
SSN-0034,Onion Stacked tube 160g,Foil seal,Aluminium foil,prim,Consumer,Scotland,4578,0.007,H2
SSN-0017,Cheddar Sharing bag 150g,Shipping case,Paper/Card,Shipment,Business,Wales,5400,0.189,H1
SSN-0028,Sour Cream Stacked tube 160g,Plastic lid,PLASTIC,prim,Consumer,Scotland,16191,0.065,H2
SSN-0040,Chilli Almonds Nuts tin 200g,Case,Cardboard,Shipment,Business,Wales,6545,0.196,H2
SSN-0007,Chilli Crisps 6x25g multipack,Pallet wrap,Plastik,Pallet,Non-household,England,36778,0.018,H1
SSN-0037,Salted Peanuts Nuts tin 200g,Paper label,Cardboard,Primary,Consumer,ENGLAND,56339,0.113,H1
SSN-0045,Pecans Nuts tin 200g,Steel tin,Tinplate,Primary,HH,Wales,6803,0.306,H2
SSN-0052,Pretzels Foodservice box 1kg,Bag liner,Plastic,Primary,Business,Wales,4825,0.058,H1
SSN-0027,Original Stacked tube 160g,Foil seal,Aluminium foil,prim,Consumer,Wales,17858,0.027,H2
SSN-0044,Macadamia Nuts tin 200g,Paper label,Cardboard,Primary,Household,Wales,2782,0.006,H1
SSN-0045,Pecans Nuts tin 200g,Case,Cardboard,Shipment,NHH,Wales,6803,0.204,H2
SSN-0014,Paprika Crisps 6x25g multipack,Multipack outer bag,Plastic,Secondary,Consumer,N. Ireland,1044,0.009,H1
SSN-0028,Sour Cream Stacked tube 160g,Paper tube,Composite,Primary,Consumer,England,180355,5.050,2
SSN-0021,Jalapeno Sharing bag 150g,Bag film,Plastic,prim,Consumer,NI,1929,0.013,H2
SSN-0010,Roast Chicken Crisps 6x25g multipack,Pallet wrap,Plastic,Tertiary,Business,Wales,8767,0.004,H2
SSN-0037,Salted Peanuts Nuts tin 200g,Paper label,corrugated,Primary,Consumer,N. Ireland,2306,0.005,H1
SSN-0006,Sea Salt Crisps 6x25g multipack,Multipack outer bag,Plastic,Secondary,HH,Wales,3637,0.033,H2
SSN-0006,Sea Salt Crisps 6x25g multipack,Pallet wrap,Plastic,Tertiary,Business,N. Ireland,2134,0.001t,H2
SSN-0041,Pistachios Nuts tin 200g,Steel tin,Tinplate,Primary,Consumer,N. Ireland,7895,0.355,H1
SSN-0002,Salt & Vinegar Crisps 6x25g multipack,Multipack outer bag,Plastic,Secondary,HH,ENGLAND,197310,1.776,H2
SSN-0030,Cheese Stacked tube 160g,Paper tube,Composite,Primary ,Consumer,N. Ireland,3028,0.085,H1
SSN-0022,Rosemary Sharing bag 150g,Pallet wrap,Plastic,Tertiary,Business,ENGLAND,104722,0.052,H1
SSN-0004,Prawn Cocktail Crisps 6x25g multipack,Crisp bag film,plastic film,prim,HH,Wales,3673,0.040,H1
SSN-0044,Macadamia Nuts tin 200g,Case,Cardboard,Shipment,NHH,England,42946,1.288,H2
SSN-0030,Cheese Stacked tube 160g,Tray,Cardboard,Shipment,Business,N. Ireland,3028,0.076,Jan-Jun
SSN-0007,Chilli Crisps 6x25g multipack,Pallet wrap,Plastics,Pallet,NHH,N. Ireland,1085,0.001,H1
SSN-0052,Pretzels Foodservice box 1kg,Bag liner,Plastic,Primary,B2B,Scotland,6717,0.081,H1
SSN-0034,Onion Stacked tube 160g,Paper tube,Composite,Primary,Consumer,Wales,2843,0.080,H2
SSN-0015,Sea Salt Sharing bag 150g,Shipping case,corrugated,Outer,Business,Wales,3286,0.115,2
SSN-0002,Salt & Vinegar Crisps 6x25g multipack,Shipping case,corrugated,Shipment,B2B,England,162121,6.485,H1
SSN-0037,Salted Peanuts Nuts tin 200g,Paper label,Cardboard,Primary,Consumer,Wales,4307,0.009,H2
SSN-0016,Sweet Chilli Sharing bag 150g,Pallet wrap,PLASTIC,Tertiary,Business,England,49193,0.025,H2
SSN-0016,Sweet Chilli Sharing bag 150g,Bag film,Plastics,Primary,Consumer,Scotland,4598,0.030,H1
SSN-0055,Tortilla Foodservice box 1kg,Bag liner,Plastic,Primary,Business,England,34975,0.420,H2
SSN-0021,Jalapeno Sharing bag 150g,Shipping case,corrugated,Transit,Non-household,Wales,3284,0.115,H2
SSN-0029,Paprika Stacked tube 160g,Tray,Cardboard,Transit,Business,Wales,1803,0.045,H1
SSN-0017,Cheddar Sharing bag 150g,Pallet wrap,Plastic,Tertiary,Non-household,Scotland,9049,0.005,H2
SSN-0011,Sour Cream Crisps 6x25g multipack,Multipack outer bag,Plastic,Secondary,Household,N. Ireland,1166,0.010,1
SSN-0035,Ketchup Stacked tube 160g,Paper tube,Composite,prim,Household,ENGLAND,24778,0.694,Jul-Dec
SSN-0039,Mixed Nuts Nuts tin 200g,Case,Cardboard,Shipment,Business,England,61012,1.830,H2
SSN-0056,Cashews Foodservice box 1kg,Bag liner,Plastic,Primary,NHH,N. Ireland,1582,0.019t,H1
SSN-0008,Pickled Onion Crisps 6x25g multipack,Shipping case,Cardboard,Transit,Business,ENGLAND,83843,3.354,H2
SSN-0018,Black Pepper Sharing bag 150g,Pallet wrap,Plastic,Tertiary,NHH,Wales,1542,0.001,H1
SSN-0001,Ready Salted Crisps 6x25g multipack,Pallet wrap,Plastics,Tertiary,Non-household,N. Ireland,2675,0.001,H2
SSN-0012,BBQ Crisps 6x25g multipack,Multipack outer bag,Plastik,Secondary,Consumer,Wales,5004,0.045,1
SSN-0042,Brazil Nuts Nuts tin 200g,Steel tin,Steel,Primary,Consumer,England,12376,0.557,H1
SSN-0050,Mixed Nuts Foodservice box 1kg,Bag liner,Plastics,Primary,B2B,Scotland,7584,0.091,1
SSN-0033,Hot Stacked tube 160g,Paper tube,Composite,Primary,HH,N. Ireland,5297,0.148,H1
SSN-0032,Pizza Stacked tube 160g,Tray,Cardboard,Shipment,Business,Scotland,3940,0.098,Jul-Dec
SSN-0020,Balsamic Sharing bag 150g,Bag film,Plastic,Primary,HH,England,38722,0.252,H2
SSN-0050,Mixed Nuts Foodservice box 1kg,Carton,Cardboard,Primary,NHH,Scotland,7584,0.910,1
SSN-0001,Ready Salted Crisps 6x25g multipack,Shipping case,Cardboard,Outer,Business,N. Ireland,2675,0.107,H2
SSN-0006,Sea Salt Crisps 6x25g multipack,Crisp bag film,Plastic,Primary,Household,N. Ireland,2134,0.023,Jul-Dec
SSN-0022,Rosemary Sharing bag 150g,Bag film,PLASTIC,prim,Household,Scotland,9537,0.062,H1
SSN-0015,Sea Salt Sharing bag 150g,Pallet wrap,Plastic,Tertiary,B2B,Scotland,4923,0.002,H2
SSN-0039,Mixed Nuts Nuts tin 200g,Paper label,Cardboard,Primary,Consumer,Scotland,6452,0.013,H2
SSN-0026,Hot Sauce Sharing bag 150g,Shipping case,Cardboard,Transit,Non-household,England,35778,1.252,H2
SSN-0013,Lightly Salted Crisps 6x25g multipack,Crisp bag film,Plastic,Primary,HH,England,57432,0.620,Jul-Dec
SSN-0024,Sour Cream Sharing bag 150g,Shipping case,Paper,Transit,Business,Wales,7991,0.280,H1
SSN-0016,Sweet Chilli Sharing bag 150g,Bag film,Plastics,prim,Consumer,Wales,2980,0.019,Jul-Dec
SSN-0010,Roast Chicken Crisps 6x25g multipack,Shipping case,Cardboard,Shipment,Non-household,Wales,8767,0.351,H2
SSN-0040,Chilli Almonds Nuts tin 200g,Case,Cardboard,Transit,Business,Wales,5901,0.177,H1
SSN-0017,Cheddar Sharing bag 150g,Pallet wrap,Plastic,Tertiary,Business,Wales,5400,0.003,Jan-Jun
SSN-0047,Ready Salted Foodservice box 1kg,Carton,Paper,Primary,B2B,N. Ireland,762,0.091,H2
SSN-0040,Chilli Almonds Nuts tin 200g,Paper label,Cardboard,Primary,Household,Scotland,9495,0.019,H1
SSN-0049,Cheese Onion Foodservice box 1kg,Bag liner,Plastic,Primary,Business,England,55680,0.668,H1
SSN-0018,Black Pepper Sharing bag 150g,Pallet wrap,PLASTIC,Tertiary,Business,Scotland,2242,0.001,Jan-Jun
SSN-0037,Salted Peanuts Nuts tin 200g,Case,Cardboard,Outer,Business,Wales,4307,0.129t,H2
SSN-0054,Popcorn Salt Foodservice box 1kg,Carton,Cardboard,Primary,NHH,England,97245,11.669,H1
SSN-0055,Tortilla Foodservice box 1kg,Bag liner,Plastic,Primary,Business,Scotland,3761,0.045,H2
SSN-0043,Salted Cashews Nuts tin 200g,Case,Cardboard,Transit,Business,Wales,4564,0.137,H1
SSN-0046,Party Mix Nuts tin 200g,Steel tin,Steel,Primary,Consumer,ENGLAND,175411,7.893,H2
SSN-0003,Cheese & Onion Crisps 6x25g multipack,Multipack outer bag,Plastic,Secondary,Consumer,Scotland,8120,0.073,H1
SSN-0032,Pizza Stacked tube 160g,Foil seal,Aluminium foil,Primary ,Consumer,N. Ireland,1558,0.002,H2
SSN-0018,Black Pepper Sharing bag 150g,Bag film,plastic film,prim,Consumer,Wales,1542,0.010,H1
SSN-0010,Roast Chicken Crisps 6x25g multipack,Multipack outer bag,Plastic,Secondary,Consumer,Wales,8767,0.079,H2
SSN-0032,Pizza Stacked tube 160g,Paper tube,Paper tube (composite),Primary,Consumer,Wales,2283,0.064,H2
SSN-0043,Salted Cashews Nuts tin 200g,Paper label,Cardboard,Primary,Consumer,Scotland,7231,0.014,H2
SSN-0049,Cheese Onion Foodservice box 1kg,Bag liner,Plastic,prim,NHH,N. Ireland,1973,0.024,H1
SSN-0011,Sour Cream Crisps 6x25g multipack,Multipack outer bag,plastic film,Secondary,Consumer,Scotland,3623,0.033,H2
SSN-0014,Paprika Crisps 6x25g multipack,Multipack outer bag,Plastic,Secondary,Consumer,Scotland,2874,0.026,H2
SSN-0012,BBQ Crisps 6x25g multipack,Shipping case,Cardboard,Transit,Business,Scotland,8829,0.353,H2
SSN-0020,Balsamic Sharing bag 150g,Shipping case,Cardboard,Shipment,Non-household,Northern Ireland,1293,0.045,H2
SSN-0012,BBQ Crisps 6x25g multipack,Multipack outer bag,Plastics,Secondary,Consumer,ENGLAND,98095,0.883,H1
SSN-0044,Macadamia Nuts tin 200g,Paper label,Cardboard,Primary,Consumer,England,42946,0.086,2
SSN-0046,Party Mix Nuts tin 200g,Paper label,Card,Primary,Consumer,Scotland,19066,0.038,1
SSN-0021,Jalapeno Sharing bag 150g,Shipping case,Cardboard,Shipment,NHH,N. Ireland,1929,0.068,H2
SSN-0027,Original Stacked tube 160g,Plastic lid,PLASTIC,Primary,Household,England,278940,1.116,H2
SSN-0027,Original Stacked tube 160g,Tray,Cardboard,Shipment,Business,N. Ireland,9819,0.245,H1
SSN-0026,Hot Sauce Sharing bag 150g,Pallet wrap,PLASTIC,Pallet,Business,N. Ireland,1243,0.001,H2
SSN-0008,Pickled Onion Crisps 6x25g multipack,Multipack outer bag,Plastic,Secondary,Household,Wales,5265,0.047,H2
SSN-0023,Honey BBQ Sharing bag 150g,Shipping case,Paper/Card,Shipment,B2B,Scotland,5165,0.181,H2
SSN-0003,Cheese & Onion Crisps 6x25g multipack,Pallet wrap,Plastic,Tertiary,NHH,England,81582,0.041,H2
SSN-0051,Peanuts Foodservice box 1kg,Carton,corrugated,Primary,Business,Scotland,1954,0.234,H2
SSN-0003,Cheese & Onion Crisps 6x25g multipack,Crisp bag film,Plastic,Primary ,Consumer,N. Ireland,3038,0.033,Jul-Dec
SSN-0033,Hot Stacked tube 160g,Tray,Paper,Shipment,Business,Scotland,15543,0.389,H2
SSN-0042,Brazil Nuts Nuts tin 200g,Case,Cardboard,Shipment,Non-household,Wales,716,0.021,H1
SSN-0040,Chilli Almonds Nuts tin 200g,Steel tin,Steel,Primary,Household,Scotland,10072,0.453,H2
SSN-0037,Salted Peanuts Nuts tin 200g,Case,Cardboard,Shipment,Business,Wales,3645,0.109,H1
SSN-0027,Original Stacked tube 160g,Tray,Paper/Card,Shipment,Business,Wales,17858,0.446,Jul-Dec
SSN-0003,Cheese & Onion Crisps 6x25g multipack,Multipack outer bag,plastic film,Secondary,Consumer,England,76923,0.692,H1
SSN-0023,Honey BBQ Sharing bag 150g,Pallet wrap,Plastic,Tertiary,Business,England,56766,0.028,H1
SSN-0033,Hot Stacked tube 160g,Tray,Cardboard,Shipment,Business,England,161509,4.038,H1
SSN-0016,Sweet Chilli Sharing bag 150g,Shipping case,corrugated,Shipment,Business,Scotland,4598,0.161,1
SSN-0012,BBQ Crisps 6x25g multipack,Shipping case,Cardboard,Transit,Business,England,98095,3.924,H1
SSN-0004,Prawn Cocktail Crisps 6x25g multipack,Multipack outer bag,Plastic,2nd,Consumer,Wales,3673,0.033,H1
SSN-0052,Pretzels Foodservice box 1kg,Bag liner,Plastics,Primary,Non-household,N. Ireland,2751,0.033,H1
SSN-0030,Cheese Stacked tube 160g,Tray,Paper/Card,Shipment,Business,Wales,5020,0.126,Jul-Dec
SSN-0020,Balsamic Sharing bag 150g,Shipping case,Card,Outer,Business,N. Ireland,1573,0.055,H1
SSN-0044,Macadamia Nuts tin 200g,Case,Cardboard,Shipment,Business,Wales,2570,0.077,H2
SSN-0017,Cheddar Sharing bag 150g,Bag film,Plastik,Primary,Consumer,ENGLAND,102015,0.663,2
SSN-0013,Lightly Salted Crisps 6x25g multipack,Crisp bag film,Plastic,prim,Consumer,England,55630,0.601,H1
SSN-0010,Roast Chicken Crisps 6x25g multipack,Shipping case,Paper,Shipment,Business,N. Ireland,4912,0.196,H2
SSN-0018,Black Pepper Sharing bag 150g,Shipping case,Paper/Card,Shipment,Business,N. Ireland,840,0.029,1
SSN-0028,Sour Cream Stacked tube 160g,Plastic lid,Plastic,Primary,Consumer,N. Ireland,5800,0.023,H2
SSN-0010,Roast Chicken Crisps 6x25g multipack,Multipack outer bag,Plastic,Secondary,Household,England,133577,1.202,H1
SSN-0047,Ready Salted Foodservice box 1kg,Bag liner,Plastic,Primary,NHH,Scotland,1741,0.021,H1
SSN-0008,Pickled Onion Crisps 6x25g multipack,Multipack outer bag,Plastic,Secondary,Consumer,N. Ireland,2975,0.027,H1
SSN-0019,Truffle Sharing bag 150g,Shipping case,Cardboard,Shipment,Business,N. Ireland,4290,0.150,Jan-Jun
SSN-0033,Hot Stacked tube 160g,Plastic lid,Plastic,Primary,Consumer,N. Ireland,5117,0.020,H2
SSN-0003,Cheese & Onion Crisps 6x25g multipack,Shipping case,Cardboard,Shipment,Business,Scotland,8292,0.332,H2
SSN-0021,Jalapeno Sharing bag 150g,Pallet wrap,plastic film,Tertiary,Business,N. Ireland,1717,0.001,Jan-Jun
SSN-0014,Paprika Crisps 6x25g multipack,Multipack outer bag,Plastic,Secondary,Household,England,27962,0.252,H1
SSN-0019,Truffle Sharing bag 150g,Bag film,Plastic,Primary,Consumer,Scotland,11043,0.072,H1
SSN-0015,Sea Salt Sharing bag 150g,Shipping case,Cardboard,Outer,Non-household,Wales,2501,0.088,1
SSN-0023,Honey BBQ Sharing bag 150g,Shipping case,Cardboard,Shipment,NHH,Wales,3288,0.115,Jul-Dec
SSN-0031,Salt Vinegar Stacked tube 160g,Plastic lid,Plastic,Primary,Consumer,N. Ireland,13131,0.053,Jul-Dec
SSN-0009,Worcester Sauce Crisps 6x25g multipack,Crisp bag film,PLASTIC,Primary,Consumer,England,34822,0.376,H1
SSN-0044,Macadamia Nuts tin 200g,Case,Cardboard,Shipment,Business,Scotland,4294,0.129,H2
SSN-0024,Sour Cream Sharing bag 150g,Bag film,plastic film,Primary,Household,Scotland,13663,0.089,H1
SSN-0040,Chilli Almonds Nuts tin 200g,Steel tin,Steel,Primary ,Consumer,England,111918,5.036,H2
SSN-0012,BBQ Crisps 6x25g multipack,Crisp bag film,Plastics,Primary ,HH,England,86181,0.931,H2
SSN-0012,BBQ Crisps 6x25g multipack,Pallet wrap,PLASTIC,Tertiary,Business,Wales,5727,0.003,H2
SSN-0045,Pecans Nuts tin 200g,Paper label,Cardboard,Primary ,Consumer,Wales,6803,0.014,2
SSN-0022,Rosemary Sharing bag 150g,Shipping case,Cardboard,Shipment,Business,England,104079,3.643,H2
SSN-0011,Sour Cream Crisps 6x25g multipack,Shipping case,Cardboard,Transit,Business,England,36162,1.446,Jan-Jun
SSN-0002,Salt & Vinegar Crisps 6x25g multipack,Crisp bag film,plastic film,Primary,Consumer,England,162121,1.751,1
SSN-0003,Cheese & Onion Crisps 6x25g multipack,Shipping case,Cardboard,Shipment,Business,Wales,4745,0.190,H1
SSN-0021,Jalapeno Sharing bag 150g,Shipping case,Cardboard,Shipment,Business,Scotland,4919,0.172,H1
SSN-0038,Honey Cashews Nuts tin 200g,Case,corrugated,Shipment,Business,Northern Ireland,5503,0.165,Jan-Jun
SSN-0055,Tortilla Foodservice box 1kg,Carton,Paper,Primary ,Business,ENGLAND,34975,4.197,H2
SSN-0024,Sour Cream Sharing bag 150g,Bag film,Plastic,Primary ,Consumer,Wales,8819,0.057,2
SSN-0004,Prawn Cocktail Crisps 6x25g multipack,Shipping case,Paper/Card,Shipment,NHH,N. Ireland,2151,0.086,H2
SSN-0050,Mixed Nuts Foodservice box 1kg,Bag liner,Plastic,Primary,Business,Scotland,7749,0.093,H2
SSN-0032,Pizza Stacked tube 160g,Plastic lid,PLASTIC,Primary,HH,Scotland,3553,0.014,H1
SSN-0007,Chilli Crisps 6x25g multipack,Multipack outer bag,Plastic,Secondary,Household,England,34758,0.313,H2
SSN-0007,Chilli Crisps 6x25g multipack,Pallet wrap,Plastik,Tertiary,Business,Scotland,3258,0.002,H1
SSN-0033,Hot Stacked tube 160g,Paper tube,Fibre composite,Primary,Household,Scotland,15543,0.435,2
SSN-0006,Sea Salt Crisps 6x25g multipack,Pallet wrap,Plastik,Tertiary,Business,N. Ireland,1860,0.001,H1
SSN-0001,Ready Salted Crisps 6x25g multipack,Crisp bag film,Plastic,Primary,Consumer,Scotland,7108,0.077,H2
SSN-0031,Salt Vinegar Stacked tube 160g,Paper tube,Fibre composite,Primary ,Consumer,Scotland,34034,0.953,H1
SSN-0045,Pecans Nuts tin 200g,Case,Cardboard,Outer,Business,Scotland,10356,0.311,1
SSN-0006,Sea Salt Crisps 6x25g multipack,Multipack outer bag,Plastic,Secondary,Consumer,Scotland,5817,0.052,H2
SSN-0005,Smoky Bacon Crisps 6x25g multipack,Shipping case,Cardboard,Shipment,Business,NI,1417,0.057,H2
SSN-0011,Sour Cream Crisps 6x25g multipack,Pallet wrap,Plastic,Tertiary,B2B,ENGLAND,38415,0.019,H2
SSN-0021,Jalapeno Sharing bag 150g,Shipping case,Paper,Shipment,NHH,Scotland,5216,0.183,2
SSN-0014,Paprika Crisps 6x25g multipack,Crisp bag film,Plastic,Primary ,HH,Scotland,2877,0.031,1
SSN-0026,Hot Sauce Sharing bag 150g,Bag film,Plastic,prim,Consumer,Northern Ireland,1070,0.007,H1
SSN-0034,Onion Stacked tube 160g,Tray,Cardboard,Shipment,Business,Wales,2843,0.071,2
SSN-0031,Salt Vinegar Stacked tube 160g,Paper tube,Composite,Primary,Consumer,N. Ireland,13131,0.368,H2
SSN-0008,Pickled Onion Crisps 6x25g multipack,Shipping case,Paper,Shipment,Non-household,NI,2975,0.119,1
SSN-0031,Salt Vinegar Stacked tube 160g,Tray,Cardboard,Shipment,B2B,England,355895,8.897,H1
SSN-0010,Roast Chicken Crisps 6x25g multipack,Crisp bag film,Plastics,Primary,Consumer,Wales,8767,0.095,H2
SSN-0002,Salt & Vinegar Crisps 6x25g multipack,Crisp bag film,plastic film,Primary,Consumer,Wales,10485,0.113,1
SSN-0030,Cheese Stacked tube 160g,Foil seal,Aluminium foil,Primary,Consumer,Wales,5020,0.008,Jul-Dec
SSN-0030,Cheese Stacked tube 160g,Foil seal,Aluminium foil,Primary ,Consumer,Northern Ireland,2588,0.004,2
SSN-0052,Pretzels Foodservice box 1kg,Carton,Cardboard,Primary,B2B,England,76837,9.220,H1
SSN-0026,Hot Sauce Sharing bag 150g,Shipping case,Card,Shipment,Business,ENGLAND,28615,1.002,H1
SSN-0055,Tortilla Foodservice box 1kg,Carton,Card,prim,NHH,Scotland,3761,0.451,H2
SSN-0020,Balsamic Sharing bag 150g,Pallet wrap,Plastic,Tertiary,Business,Wales,2206,0.001,H2
SSN-0039,Mixed Nuts Nuts tin 200g,Case,Paper,Shipment,Business,Wales,3734,0.112,H2
SSN-0021,Jalapeno Sharing bag 150g,Bag film,Plastic,Primary,Household,Wales,3121,0.020,H1
SSN-0030,Cheese Stacked tube 160g,Paper tube,Fibre composite,prim,Consumer,Scotland,7747,0.217,H2
SSN-0037,Salted Peanuts Nuts tin 200g,Steel tin,Steel,Primary,Household,Scotland,5864,0.264,Jan-Jun
SSN-0013,Lightly Salted Crisps 6x25g multipack,Shipping case,Paper/Card,Shipment,Business,Wales,3431,0.137,2
SSN-0006,Sea Salt Crisps 6x25g multipack,Multipack outer bag,Plastic,Secondary,Household,Wales,3576,0.032,H1
SSN-0044,Macadamia Nuts tin 200g,Steel tin,Steel,Primary,HH,England,42946,1.933,H2
SSN-0001,Ready Salted Crisps 6x25g multipack,Crisp bag film,Plastic,Primary,HH,England,73950,0.799t,H2
SSN-0047,Ready Salted Foodservice box 1kg,Carton,Cardboard,Primary ,Business,England,19147,2.298,H1
SSN-0009,Worcester Sauce Crisps 6x25g multipack,Multipack outer bag,PLASTIC,Secondary,Consumer,Wales,1919,0.017,H1
SSN-0021,Jalapeno Sharing bag 150g,Bag film,Plastic,Primary,Consumer,England,50629,0.329,H1
SSN-0013,Lightly Salted Crisps 6x25g multipack,Shipping case,Cardboard,Transit,Non-household,England,57432,2.297,H2
SSN-0035,Ketchup Stacked tube 160g,Foil seal,Aluminium foil,Primary,Household,England,22390,0.034,H1
SSN-0010,Roast Chicken Crisps 6x25g multipack,Multipack outer bag,Plastics,Secondary,Consumer,N. Ireland,4912,0.044,H2
SSN-0015,Sea Salt Sharing bag 150g,Shipping case,Cardboard,Shipment,Business,Northern Ireland,1924,0.067,H2
SSN-0031,Salt Vinegar Stacked tube 160g,Paper tube,Composite,Primary,HH,Scotland,35166,0.985,H2
SSN-0005,Smoky Bacon Crisps 6x25g multipack,Multipack outer bag,Plastik,Secondary,Consumer,Scotland,3951,0.036,2
SSN-0044,Macadamia Nuts tin 200g,Paper label,Cardboard,Primary,HH,N. Ireland,1647,0.003,H1
SSN-0051,Peanuts Foodservice box 1kg,Bag liner,Plastic,Primary,Business,England,20907,0.251,Jul-Dec
SSN-0033,Hot Stacked tube 160g,Foil seal,Aluminium foil,Primary,Consumer,Wales,9569,n/a,H2
SSN-0003,Cheese & Onion Crisps 6x25g multipack,Crisp bag film,PLASTIC,Primary,Household,Scotland,8120,0.088,H1
SSN-0004,Prawn Cocktail Crisps 6x25g multipack,Pallet wrap,Plastics,Tertiary,Business,Wales,3752,0.002,H2
SSN-0013,Lightly Salted Crisps 6x25g multipack,Multipack outer bag,Plastics,Secondary,Consumer,Wales,3431,0.031t,H2
SSN-0011,Sour Cream Crisps 6x25g multipack,Pallet wrap,Plastik,Tertiary,NHH,Wales,2474,0.001,Jul-Dec
SSN-0028,Sour Cream Stacked tube 160g,Tray,Cardboard,Shipment,B2B,Scotland,14539,0.363,H1
SSN-0027,Original Stacked tube 160g,Paper tube,Composite,Primary,Consumer,England,283226,7.930,H1
SSN-0043,Salted Cashews Nuts tin 200g,Steel tin,Steel,prim,HH,Wales,5136,0.231,H2
SSN-0030,Cheese Stacked tube 160g,Plastic lid,PLASTIC,prim,Household,Scotland,7569,0.030,H1
SSN-0044,Macadamia Nuts tin 200g,Case,Paper,Transit,Business,Scotland,4049,0.121,H1
SSN-0015,Sea Salt Sharing bag 150g,Shipping case,Card,Shipment,Non-household,Scotland,4923,0.172,H2
SSN-0025,Lime Sharing bag 150g,Shipping case,corrugated,Transit,Business,Wales,665,0.023,H1
SSN-0018,Black Pepper Sharing bag 150g,Bag film,PLASTIC,Primary,Consumer,N. Ireland,840,0.005,1
SSN-0031,Salt Vinegar Stacked tube 160g,Tray,Paper/Card,Shipment,NHH,England,332529,8.313,H2
SSN-0027,Original Stacked tube 160g,Paper tube,Fibre composite,Primary,HH,N. Ireland,9819,0.275,1
SSN-0008,Pickled Onion Crisps 6x25g multipack,Shipping case,Cardboard,Shipment,B2B,N. Ireland,2872,0.115,2
SSN-0008,Pickled Onion Crisps 6x25g multipack,Pallet wrap,PLASTIC,Pallet,B2B,N. Ireland,2872,0.001,H2
SSN-0020,Balsamic Sharing bag 150g,Shipping case,Cardboard,Shipment,NHH,Scotland,4007,0.140,H1
SSN-0017,Cheddar Sharing bag 150g,Bag film,Plastics,Primary,Household,N. Ireland,3518,0.023,2
SSN-0034,Onion Stacked tube 160g,Plastic lid,Plastics,Primary,Household,Wales,2730,0.011,H1
SSN-0008,Pickled Onion Crisps 6x25g multipack,Crisp bag film,plastic film,Primary,Household,England,77029,0.832,H1
SSN-0036,Chicken Stacked tube 160g,Paper tube,Composite,Primary,Consumer,England,39056,1.094,H2
SSN-0014,Paprika Crisps 6x25g multipack,Pallet wrap,Plastic,Pallet,Non-household,England,27962,0.014,H1
SSN-0003,Cheese & Onion Crisps 6x25g multipack,Shipping case,Cardboard,Shipment,Business,Scotland,8120,0.325,H1
SSN-0005,Smoky Bacon Crisps 6x25g multipack,Pallet wrap,Plastic,Tertiary,Business,Scotland,3951,0.002,2
SSN-0004,Prawn Cocktail Crisps 6x25g multipack,Pallet wrap,Plastics,Tertiary,Business,Scotland,5931,0.003,H2
SSN-0011,Sour Cream Crisps 6x25g multipack,Shipping case,Cardboard,Shipment,Business,Wales,2474,0.099,H2
SSN-0038,Honey Cashews Nuts tin 200g,Paper label,Cardboard,Primary,Household,N. Ireland,5503,0.011,H1
SSN-0022,Rosemary Sharing bag 150g,Pallet wrap,Plastic,Tertiary,NHH,England,104079,0.052,H2
SSN-0030,Cheese Stacked tube 160g,Paper tube,Composite,prim,Consumer,England,83210,2.330,H1
SSN-0016,Sweet Chilli Sharing bag 150g,Bag film,Plastic,Primary,Consumer,N. Ireland,1687,0.011,H1
SSN-0024,Sour Cream Sharing bag 150g,Bag film,Plastics,Primary,Consumer,N. Ireland,5243,0.034,H1
SSN-0045,Pecans Nuts tin 200g,Steel tin,Steel,Primary,Consumer,Scotland,12294,0.553,H2
SSN-0014,Paprika Crisps 6x25g multipack,Multipack outer bag,Plastic,Secondary,Consumer,Wales,1980,0.018,H2
SSN-0021,Jalapeno Sharing bag 150g,Pallet wrap,plastic film,Tertiary,Business,England,54105,0.027,H2
SSN-0025,Lime Sharing bag 150g,Shipping case,Cardboard,Shipment,Business,Wales,690,0.024,H2
SSN-0041,Pistachios Nuts tin 200g,Steel tin,Steel,Primary,Consumer,N. Ireland,7133,0.321,H2
SSN-0004,Prawn Cocktail Crisps 6x25g multipack,Crisp bag film,Plastic,Primary,Consumer,England,64887,0.701,H1
SSN-0038,Honey Cashews Nuts tin 200g,Paper label,Cardboard,Primary,Consumer,N. Ireland,5526,0.011,H2
SSN-0042,Brazil Nuts Nuts tin 200g,Case,Cardboard,Shipment,B2B,Scotland,1119,0.034,H1
SSN-0004,Prawn Cocktail Crisps 6x25g multipack,Pallet wrap,Plastic,Pallet,Business,England,64887,0.032,Jan-Jun
SSN-0028,Sour Cream Stacked tube 160g,Tray,corrugated,Outer,Non-household,England,149294,3.732,H1
SSN-0006,Sea Salt Crisps 6x25g multipack,Crisp bag film,Plastics,Primary,Consumer,England,53831,0.581,H1
SSN-0055,Tortilla Foodservice box 1kg,Bag liner,Plastic,Primary,B2B,Wales,2127,0.026,Jul-Dec
SSN-0036,Chicken Stacked tube 160g,Foil seal,Aluminium foil,prim,HH,England,36050,0.054,H1
SSN-0003,Cheese & Onion Crisps 6x25g multipack,Multipack outer bag,Plastics,Secondary,Consumer,N. Ireland,3038,0.027,Jul-Dec
SSN-0034,Onion Stacked tube 160g,Paper tube,Composite,Primary,Consumer,Scotland,4578,0.128,H2
SSN-0028,Sour Cream Stacked tube 160g,Tray,Cardboard,Shipment,NHH,Scotland,16191,0.405,H2
SSN-0048,Salt Vinegar Foodservice box 1kg,Bag liner,Plastic,prim,Business,Wales,7857,0.094,H2
SSN-0017,Cheddar Sharing bag 150g,Bag film,plastic film,prim,HH,Scotland,9049,0.059,H2
SSN-0025,Lime Sharing bag 150g,Pallet wrap,Plastic,Pallet,B2B,England,11027,0.006,1
SSN-0006,Sea Salt Crisps 6x25g multipack,Crisp bag film,Plastics,Primary,Consumer,Wales,3576,0.039,H1
SSN-0049,Cheese Onion Foodservice box 1kg,Bag liner,PLASTIC,Primary,NHH,Scotland,5478,n/a,H2
SSN-0020,Balsamic Sharing bag 150g,Pallet wrap,Plastic,Tertiary,Business,England,38722,0.019,H2
SSN-0036,Chicken Stacked tube 160g,Plastic lid,Plastic,prim,Consumer,Wales,2190,0.009,H2

Severnside Snacks ERP export,Page break
Item Code,Description,Pack Component,Material Type,Pack Level,Consumer/Business,Country,Qty,Weight (tonnes),Half
SSN-0001,Ready Salted Crisps 6x25g multipack,Pallet wrap,Plastic,Tertiary,Business,Scotland,7108,0.004,H2
SSN-0037,Salted Peanuts Nuts tin 200g,Steel tin,Steel,Primary,Consumer,Wales,4307,0.194,H2
SSN-0016,Sweet Chilli Sharing bag 150g,Shipping case,corrugated,Shipment,Business,N. Ireland,1687,0.059,H1
SSN-0019,Truffle Sharing bag 150g,Pallet wrap,Plastik,Pallet,Business,N. Ireland,4366,0.002,H2
SSN-0014,Paprika Crisps 6x25g multipack,Shipping case,Cardboard,Shipment,B2B,England,27962,1.118,H1
SSN-0012,BBQ Crisps 6x25g multipack,Multipack outer bag,Plastic,Secondary,Consumer,N. Ireland,2922,0.026,2
SSN-0005,Smoky Bacon Crisps 6x25g multipack,Pallet wrap,Plastic,Tertiary,Business,Wales,2410,0.001,Jan-Jun
SSN-0008,Pickled Onion Crisps 6x25g multipack,Pallet wrap,plastic film,Tertiary,B2B,Wales,5265,0.003,H2
SSN-0051,Peanuts Foodservice box 1kg,Carton,Cardboard,Primary,NHH,England,18734,2.248t,1
SSN-0020,Balsamic Sharing bag 150g,Pallet wrap,Plastic,Tertiary,Business,ENGLAND,47089,0.024,1
SSN-0026,Hot Sauce Sharing bag 150g,Bag film,plastic film,Primary,Household,England,28615,0.186t,H1
SSN-0030,Cheese Stacked tube 160g,Paper tube,Composite,Primary,Consumer,N. Ireland,2588,0.072,H2
SSN-0027,Original Stacked tube 160g,Paper tube,Composite,Primary ,Consumer,Wales,-892,-0.025,H2
SSN-0009,Worcester Sauce Crisps 6x25g multipack,Shipping case,Paper,Transit,B2B,Scotland,3090,0.124,H1
SSN-0009,Worcester Sauce Crisps 6x25g multipack,Pallet wrap,Plastic,Tertiary,Business,N. Ireland,1253,0.001,H1
SSN-0021,Jalapeno Sharing bag 150g,Bag film,Plastik,Primary,HH,England,54105,0.352,H2
SSN-0041,Pistachios Nuts tin 200g,Steel tin,Steel,Primary,Consumer,Wales,13434,0.605,H2
SSN-0030,Cheese Stacked tube 160g,Paper tube,Composite,Primary ,Consumer,England,78509,2.198,H2
SSN-0035,Ketchup Stacked tube 160g,Tray,Cardboard,Shipment,Business,N. Ireland,771,0.019,1
SSN-0014,Paprika Crisps 6x25g multipack,Shipping case,Paper,Shipment,Business,N. Ireland,1044,0.042,H1
SSN-0029,Paprika Stacked tube 160g,Foil seal,Aluminium foil,Primary,Consumer,N. Ireland,1033,0.002,Jan-Jun
SSN-0031,Salt Vinegar Stacked tube 160g,Paper tube,Fibre composite,Primary,Household,Wales,19844,0.556,H2
SSN-0046,Party Mix Nuts tin 200g,Paper label,Cardboard,Primary,HH,England,175411,0.351,H2
SSN-0005,Smoky Bacon Crisps 6x25g multipack,Shipping case,Paper,Shipment,B2B,Wales,2410,0.096,H1
SSN-0051,Peanuts Foodservice box 1kg,Carton,Paper/Card,Primary,Business,England,20907,2.509,2
SSN-0025,Lime Sharing bag 150g,Shipping case,Cardboard,Transit,Business,N. Ireland,439,0.015,Jul-Dec
SSN-0049,Cheese Onion Foodservice box 1kg,Carton,Cardboard,Primary,B2B,Scotland,5478,0.657,H2
SSN-0006,Sea Salt Crisps 6x25g multipack,Multipack outer bag,Plastik,Secondary,Consumer,England,53831,0.484,H1
SSN-0052,Pretzels Foodservice box 1kg,Carton,Cardboard,Primary ,B2B,N. Ireland,2852,0.342,H2
SSN-0029,Paprika Stacked tube 160g,Tray,Cardboard,Shipment,B2B,N. Ireland,1101,0.028,2
SSN-0033,Hot Stacked tube 160g,Plastic lid,Plastic,Primary,Consumer,Wales,9569,0.038,H2
SSN-0033,Hot Stacked tube 160g,Foil seal,Alu,Primary ,Household,Scotland,15543,0.023,H2
SSN-0029,Paprika Stacked tube 160g,Tray,Cardboard,Shipment,Business,Scotland,2920,0.073,H1
SSN-0007,Chilli Crisps 6x25g multipack,Crisp bag film,Plastic,prim,Consumer,N. Ireland,1085,0.012,H1
SSN-0046,Party Mix Nuts tin 200g,Case,Card,Shipment,Business,Wales,13040,0.391,H1
SSN-0004,Prawn Cocktail Crisps 6x25g multipack,Multipack outer bag,Plastic,Secondary,Consumer,NI,2090,0.019,1
SSN-0037,Salted Peanuts Nuts tin 200g,Steel tin,Tinplate,Primary,Household,Wales,3645,0.164,H1
SSN-0024,Sour Cream Sharing bag 150g,Shipping case,corrugated,Shipment,NHH,Scotland,13663,0.478,H1
SSN-0023,Honey BBQ Sharing bag 150g,Bag film,plastic film,Primary ,HH,ENGLAND,56766,0.369t,H1
SSN-0014,Paprika Crisps 6x25g multipack,Shipping case,Card,Shipment,Business,Scotland,2874,0.115,H2
SSN-0032,Pizza Stacked tube 160g,Foil seal,Aluminium foil,prim,HH,Scotland,3940,0.006,2
SSN-0028,Sour Cream Stacked tube 160g,Foil seal,Aluminium foil,Primary,Household,N. Ireland,5095,0.008,H1
SSN-0014,Paprika Crisps 6x25g multipack,Crisp bag film,Plastik,Primary,Household,N. Ireland,1110,0.012,2
SSN-0008,Pickled Onion Crisps 6x25g multipack,Pallet wrap,Plastic,Tertiary,Non-household,Scotland,7927,0.004,H1
SSN-0002,Salt & Vinegar Crisps 6x25g multipack,Pallet wrap,Plastic,Pallet,Business,Scotland,17345,0.009,H2
SSN-0018,Black Pepper Sharing bag 150g,Bag film,Plastik,Primary,Consumer,England,26210,0.170,H2
SSN-0056,Cashews Foodservice box 1kg,Carton,Cardboard,Primary,Business,Scotland,4255,0.511,H1
SSN-0037,Salted Peanuts Nuts tin 200g,Case,corrugated,Shipment,B2B,ENGLAND,56339,1.690,Jan-Jun
SSN-0008,Pickled Onion Crisps 6x25g multipack,Pallet wrap,Plastic,Tertiary,Business,Scotland,8351,0.004,H2
SSN-0029,Paprika Stacked tube 160g,Foil seal,Aluminium foil,Primary,Household,Scotland,2920,0.004,Jan-Jun
SSN-0036,Chicken Stacked tube 160g,Plastic lid,Plastic,Primary,Consumer,N. Ireland,1350,0.005,H1
SSN-0020,Balsamic Sharing bag 150g,Shipping case,corrugated,Shipment,B2B,Wales,2206,0.077,H2
SSN-0006,Sea Salt Crisps 6x25g multipack,Shipping case,Cardboard,Shipment,B2B,Northern Ireland,1860,0.074,H1
SSN-0036,Chicken Stacked tube 160g,Paper tube,Fibre composite,prim,Consumer,Scotland,3268,0.092,H1
SSN-0018,Black Pepper Sharing bag 150g,Shipping case,Cardboard,Transit,Business,Scotland,2344,0.082,H2
SSN-0002,Salt & Vinegar Crisps 6x25g multipack,Shipping case,corrugated,Transit,Business,England,197310,7.892,H2
SSN-0008,Pickled Onion Crisps 6x25g multipack,Crisp bag film,Plastic,Primary,HH,Wales,5187,0.056,H1
SSN-0026,Hot Sauce Sharing bag 150g,Pallet wrap,Plastic,Tertiary,Business,England,28615,0.014,Jan-Jun
SSN-0014,Paprika Crisps 6x25g multipack,Pallet wrap,Plastic,Tertiary,B2B,N. Ireland,1044,0.001,H1
SSN-0040,Chilli Almonds Nuts tin 200g,Case,Cardboard,Shipment,B2B,Scotland,9495,0.285,H1
SSN-0035,Ketchup Stacked tube 160g,Plastic lid,Plastic,Primary,Consumer,Scotland,2189,0.009,H1
SSN-0019,Truffle Sharing bag 150g,Shipping case,Cardboard,Shipment,B2B,Scotland,11876,0.416,H2
SSN-0046,Party Mix Nuts tin 200g,Case,Card,Transit,B2B,Wales,11229,0.337,H2
SSN-0051,Peanuts Foodservice box 1kg,Bag liner,plastic film,Primary,Business,England,18734,0.225t,H1
SSN-0022,Rosemary Sharing bag 150g,Pallet wrap,PLASTIC,Tertiary,Business,Scotland,9537,0.005,H1
SSN-0019,Truffle Sharing bag 150g,Shipping case,corrugated,Shipment,Non-household,Wales,6540,0.229,H2
SSN-0011,Sour Cream Crisps 6x25g multipack,Multipack outer bag,Plastic,Secondary,Household,England,36162,0.325,H1
SSN-0011,Sour Cream Crisps 6x25g multipack,Shipping case,Cardboard,Shipment,Business,Scotland,3623,0.145,H2
SSN-0013,Lightly Salted Crisps 6x25g multipack,Shipping case,Card,Shipment,B2B,Wales,3264,0.131,H1
SSN-0007,Chilli Crisps 6x25g multipack,Shipping case,Cardboard,Shipment,Business,England,34758,1.390,H2
SSN-0002,Salt & Vinegar Crisps 6x25g multipack,Pallet wrap,PLASTIC,Tertiary,Business,Wales,10485,0.005t,Jan-Jun
SSN-0038,Honey Cashews Nuts tin 200g,Case,Cardboard,Shipment,Non-household,England,150433,4.513t,H2
SSN-0013,Lightly Salted Crisps 6x25g multipack,Pallet wrap,Plastic,Tertiary,NHH,Wales,3431,0.002,Jul-Dec
SSN-0051,Peanuts Foodservice box 1kg,Bag liner,Plastic,Primary,Business,Scotland,1954,0.023t,H2
SSN-0035,Ketchup Stacked tube 160g,Paper tube,Paper tube (composite),Primary,HH,Wales,1418,0.040,1
SSN-0054,Popcorn Salt Foodservice box 1kg,Bag liner,Plastic,Primary,Business,Scotland,11374,0.136,H2
SSN-0005,Smoky Bacon Crisps 6x25g multipack,Crisp bag film,Plastic,prim,Consumer,Wales,2434,0.026,H2
SSN-0028,Sour Cream Stacked tube 160g,Plastic lid,Plastic,prim,Household,England,149294,0.597,H1
SSN-0026,Hot Sauce Sharing bag 150g,Shipping case,Card,Shipment,Business,Scotland,3318,0.116,H2
SSN-0005,Smoky Bacon Crisps 6x25g multipack,Multipack outer bag,Plastic,Secondary,Household,Northern Ireland,1421,0.013,1
SSN-0031,Salt Vinegar Stacked tube 160g,Paper tube,Composite,Primary,Household,N. Ireland,12220,0.342,H1
SSN-0038,Honey Cashews Nuts tin 200g,Steel tin,Tinplate,Primary ,Consumer,England,150433,6.769,H2
SSN-0029,Paprika Stacked tube 160g,Plastic lid,plastic film,Primary,HH,England,28887,0.116,H1
SSN-0038,Honey Cashews Nuts tin 200g,Paper label,Cardboard,Primary,Consumer,Wales,9087,0.018,H1
SSN-0030,Cheese Stacked tube 160g,Tray,corrugated,Shipment,Business,England,83210,2.080,H1
SSN-0020,Balsamic Sharing bag 150g,Pallet wrap,Plastic,Tertiary,NHH,Wales,2643,0.001,Jan-Jun
SSN-0035,Ketchup Stacked tube 160g,Plastic lid,Plastic,Primary,Consumer,Wales,1418,0.006,H1
SSN-0024,Sour Cream Sharing bag 150g,Shipping case,Cardboard,Shipment,Business,Scotland,13535,0.474,H2
SSN-0032,Pizza Stacked tube 160g,Plastic lid,Plastics,Primary,Consumer,Scotland,3940,0.016,H2
SSN-0008,Pickled Onion Crisps 6x25g multipack,Shipping case,corrugated,Shipment,Business,Scotland,7927,0.317,H1
SSN-0024,Sour Cream Sharing bag 150g,Shipping case,Cardboard,Shipment,Business,Wales,8819,0.309,H2
SSN-0032,Pizza Stacked tube 160g,Plastic lid,Plastic,Primary,Consumer,ENGLAND,37965,0.152,H1
SSN-0050,Mixed Nuts Foodservice box 1kg,Bag liner,PLASTIC,Primary,B2B,England,85507,1.026,H1
SSN-0031,Salt Vinegar Stacked tube 160g,Foil seal,Aluminium foil,Primary,HH,Wales,19844,0.030,H2
SSN-0012,BBQ Crisps 6x25g multipack,Pallet wrap,Plastik,Tertiary,Non-household,England,86181,0.043,H2
SSN-0005,Smoky Bacon Crisps 6x25g multipack,Crisp bag film,Plastic,Primary,Consumer,ENGLAND,41376,0.447,Jul-Dec
SSN-0036,Chicken Stacked tube 160g,Plastic lid,Plastics,prim,Consumer,England,36050,0.144,H1
SSN-0048,Salt Vinegar Foodservice box 1kg,Carton,Cardboard,Primary,Business,Scotland,12515,1.502,H2
SSN-0032,Pizza Stacked tube 160g,Paper tube,Composite,Primary,Consumer,Wales,2373,0.066,1
SSN-0043,Salted Cashews Nuts tin 200g,Steel tin,Steel,Primary,HH,Wales,4564,0.205,H1
SSN-0007,Chilli Crisps 6x25g multipack,Crisp bag film,Plastic,Primary,Consumer,Scotland,3586,0.039,2
SSN-0014,Paprika Crisps 6x25g multipack,Shipping case,corrugated,Shipment,Business,Wales,1863,0.075,Jan-Jun
SSN-0051,Peanuts Foodservice box 1kg,Bag liner,Plastics,Primary,Business,Wales,1073,0.013,H2
SSN-0053,Popcorn Sweet Foodservice box 1kg,Carton,Cardboard,Primary,B2B,England,239197,28.704,Jan-Jun
SSN-0004,Prawn Cocktail Crisps 6x25g multipack,Multipack outer bag,Plastik,Secondary,Consumer,Scotland,5931,0.053,H2
SSN-0011,Sour Cream Crisps 6x25g multipack,Crisp bag film,plastic film,Primary,Household,N. Ireland,1166,0.013t,H1
SSN-0053,Popcorn Sweet Foodservice box 1kg,Carton,Cardboard,Primary,B2B,Wales,17080,2.050,Jul-Dec
SSN-0035,Ketchup Stacked tube 160g,Tray,Cardboard,Shipment,Business,N. Ireland,717,0.018,Jul-Dec
SSN-0009,Worcester Sauce Crisps 6x25g multipack,Multipack outer bag,Plastik,Secondary,Consumer,Scotland,3454,0.031,H2
SSN-0043,Salted Cashews Nuts tin 200g,Steel tin,Tinplate,prim,Consumer,N. Ireland,2726,0.123,H1
SSN-0010,Roast Chicken Crisps 6x25g multipack,Multipack outer bag,Plastic,Secondary,Consumer,Scotland,13755,0.124,H1
SSN-0031,Salt Vinegar Stacked tube 160g,Plastic lid,Plastics,Primary,Consumer,England,355895,1.424,H1
SSN-0028,Sour Cream Stacked tube 160g,Paper tube,Fibre composite,Primary,Consumer,NI,5800,0.162,H2
SSN-0041,Pistachios Nuts tin 200g,Case,Cardboard,Shipment,Business,Scotland,17864,0.536,H1
SSN-0029,Paprika Stacked tube 160g,Tray,Cardboard,Shipment,Business,Scotland,-149,-0.004,H2
SSN-0022,Rosemary Sharing bag 150g,Shipping case,Cardboard,Shipment,B2B,Scotland,10432,0.365,H2
SSN-0023,Honey BBQ Sharing bag 150g,Pallet wrap,Plastic,Tertiary,B2B,N. Ireland,2046,0.001,H1
SSN-0036,Chicken Stacked tube 160g,Plastic lid,Plastik,Primary,HH,N. Ireland,1348,0.005,2
SSN-0041,Pistachios Nuts tin 200g,Steel tin,Steel,Primary,HH,ENGLAND,209484,9.427,H1
SSN-0016,Sweet Chilli Sharing bag 150g,Bag film,Plastic,Primary,HH,NI,1816,0.012,2
SSN-0029,Paprika Stacked tube 160g,Paper tube,Paper tube (composite),prim,Consumer,Wales,1765,0.049,H2
SSN-0024,Sour Cream Sharing bag 150g,Pallet wrap,Plastic,Tertiary,B2B,N. Ireland,4685,0.002,Jul-Dec
SSN-0028,Sour Cream Stacked tube 160g,Foil seal,Alu,Primary,Consumer,England,180355,0.271,H2
SSN-0031,Salt Vinegar Stacked tube 160g,Foil seal,Aluminium,Primary,HH,NI,12220,0.018,H1
SSN-0027,Original Stacked tube 160g,Foil seal,Aluminium foil,Primary,Consumer,Scotland,25812,0.039,H1
SSN-0047,Ready Salted Foodservice box 1kg,Bag liner,Plastic,Primary,B2B,N. Ireland,707,0.008,H1
SSN-0025,Lime Sharing bag 150g,Bag film,Plastik,Primary,Household,England,11027,0.072,H1
SSN-0027,Original Stacked tube 160g,Paper tube,Paper tube (composite),Primary,Household,Wales,16658,0.466,H1
SSN-0041,Pistachios Nuts tin 200g,Paper label,Paper/Card,Primary,Household,Wales,12257,0.025,1
SSN-0030,Cheese Stacked tube 160g,Plastic lid,Plastic,Primary ,HH,England,78509,0.314,2
SSN-0027,Original Stacked tube 160g,Foil seal,Alu,Primary,Consumer,Scotland,27739,0.042,2
SSN-0010,Roast Chicken Crisps 6x25g multipack,Pallet wrap,PLASTIC,Tertiary,Business,NI,5438,0.003,H1
SSN-0022,Rosemary Sharing bag 150g,Pallet wrap,Plastic,Tertiary,NHH,NI,3373,0.002,1
SSN-0051,Peanuts Foodservice box 1kg,Bag liner,Plastic,Primary,Business,Scotland,1896,0.023,H1
SSN-0026,Hot Sauce Sharing bag 150g,Bag film,Plastic,Primary,HH,ENGLAND,35778,0.233,H2
SSN-0031,Salt Vinegar Stacked tube 160g,Plastic lid,Plastic,Primary,Household,Scotland,35166,0.141,H2
SSN-0015,Sea Salt Sharing bag 150g,Pallet wrap,Plastics,Tertiary,Non-household,N. Ireland,1924,0.001,H2
SSN-0023,Honey BBQ Sharing bag 150g,Bag film,Plastic,Primary,Consumer,Wales,3084,0.020,H1
SSN-0017,Cheddar Sharing bag 150g,Shipping case,Cardboard,Outer,Business,England,93408,3.269,H1
SSN-0010,Roast Chicken Crisps 6x25g multipack,Multipack outer bag,Plastic,Secondary,Household,Wales,8383,0.075,1
SSN-0013,Lightly Salted Crisps 6x25g multipack,Crisp bag film,Plastics,Primary,Consumer,Wales,3431,0.037,2
SSN-0010,Roast Chicken Crisps 6x25g multipack,Multipack outer bag,Plastic,2nd,Household,N. Ireland,5438,0.049,H1
SSN-0038,Honey Cashews Nuts tin 200g,Steel tin,Steel,Primary,Consumer,N. Ireland,5503,0.248,H1
SSN-0049,Cheese Onion Foodservice box 1kg,Carton,Paper,Primary,Business,Wales,3278,0.393,1
SSN-0007,Chilli Crisps 6x25g multipack,Pallet wrap,plastic film,Tertiary,Non-household,Wales,1898,0.001,1
SSN-0036,Chicken Stacked tube 160g,Paper tube,Composite,Primary ,Consumer,Wales,2190,0.061,H2
SSN-0001,Ready Salted Crisps 6x25g multipack,Crisp bag film,plastic film,Primary ,Consumer,Scotland,6838,0.074,Jan-Jun
SSN-0032,Pizza Stacked tube 160g,Plastic lid,plastic film,Primary,Household,N. Ireland,1482,0.006,H1
SSN-0001,Ready Salted Crisps 6x25g multipack,Crisp bag film,Plastic,Primary,Household,N. Ireland,2548,0.028,H1
SSN-0007,Chilli Crisps 6x25g multipack,Shipping case,Card,Shipment,Non-household,N. Ireland,1107,0.044,Jul-Dec
SSN-0043,Salted Cashews Nuts tin 200g,Paper label,Cardboard,Primary,HH,N. Ireland,2726,0.005,H1
SSN-0017,Cheddar Sharing bag 150g,Shipping case,Cardboard,Shipment,Non-household,Wales,5826,0.204,H2
SSN-0046,Party Mix Nuts tin 200g,Steel tin,Steel,Primary,Consumer,Scotland,19066,0.858,H1
SSN-0003,Cheese & Onion Crisps 6x25g multipack,Shipping case,Paper/Card,Shipment,Business,N. Ireland,3038,0.122t,H2
SSN-0011,Sour Cream Crisps 6x25g multipack,Shipping case,Cardboard,Shipment,NHH,Scotland,3850,0.154,H1
SSN-0031,Salt Vinegar Stacked tube 160g,Tray,Cardboard,Shipment,Business,N. Ireland,13131,0.328,H2
SSN-0048,Salt Vinegar Foodservice box 1kg,Bag liner,Plastik,prim,Business,Wales,7022,0.084,H1
SSN-0040,Chilli Almonds Nuts tin 200g,Steel tin,Steel,Primary,Consumer,N. Ireland,4129,0.186,Jul-Dec
SSN-0005,Smoky Bacon Crisps 6x25g multipack,Shipping case,Cardboard,Outer,Business,England,38768,1.551,H1
SSN-0027,Original Stacked tube 160g,Tray,Cardboard,Outer,Business,Wales,16658,0.416,H1
SSN-0009,Worcester Sauce Crisps 6x25g multipack,Shipping case,Cardboard,Shipment,Business,N. Ireland,1339,0.054,Jul-Dec
SSN-0044,Macadamia Nuts tin 200g,Case,Cardboard,Shipment,Business,N. Ireland,1647,0.049,1
SSN-0036,Chicken Stacked tube 160g,Paper tube,Composite,Primary ,Household,N. Ireland,1350,0.038,H1
SSN-0036,Chicken Stacked tube 160g,Tray,Cardboard,Outer,NHH,N. Ireland,1348,0.034,Jul-Dec
SSN-0003,Cheese & Onion Crisps 6x25g multipack,Multipack outer bag,Plastic,Secondary,Consumer,Wales,5387,0.048,H2
SSN-0023,Honey BBQ Sharing bag 150g,Pallet wrap,Plastic,Tertiary,Business,Wales,3288,0.002,H2
SSN-0005,Smoky Bacon Crisps 6x25g multipack,Multipack outer bag,Plastic,2nd,HH,England,41376,0.372,H2
SSN-0040,Chilli Almonds Nuts tin 200g,Case,Cardboard,Shipment,Business,ENGLAND,111918,3.358t,Jul-Dec
SSN-0023,Honey BBQ Sharing bag 150g,Pallet wrap,Plastic,Pallet,NHH,Scotland,5165,0.003,H2
SSN-0050,Mixed Nuts Foodservice box 1kg,Carton,Cardboard,Primary,NHH,Wales,4766,0.572,H1
SSN-0004,Prawn Cocktail Crisps 6x25g multipack,Pallet wrap,Plastics,Tertiary,Business,England,66659,0.033,Jul-Dec
SSN-0047,Ready Salted Foodservice box 1kg,Carton,Card,Primary,Business,Wales,1118,0.134,H1
SSN-0036,Chicken Stacked tube 160g,Foil seal,Alu,Primary,Household,N. Ireland,1350,0.002,H1
SSN-0047,Ready Salted Foodservice box 1kg,Carton,Cardboard,Primary,Business,Scotland,1963,0.236,Jul-Dec
SSN-0009,Worcester Sauce Crisps 6x25g multipack,Multipack outer bag,Plastic,Secondary,Consumer,Wales,-108,-0.001,H2
SSN-0039,Mixed Nuts Nuts tin 200g,Case,Cardboard,Shipment,B2B,Wales,3590,0.108,H1
SSN-0044,Macadamia Nuts tin 200g,Steel tin,Steel,Primary,Consumer,ENGLAND,43534,1.959,H1
SSN-0025,Lime Sharing bag 150g,Bag film,Plastic,Primary,Consumer,Wales,665,0.004,1
SSN-0026,Hot Sauce Sharing bag 150g,Shipping case,Card,Shipment,Business,Wales,1866,0.065,H2
SSN-0011,Sour Cream Crisps 6x25g multipack,Pallet wrap,Plastics,Tertiary,Business,Wales,2351,0.001,H1
SSN-0054,Popcorn Salt Foodservice box 1kg,Bag liner,Plastics,Primary,Business,ENGLAND,97245,1.167,H1
SSN-0033,Hot Stacked tube 160g,Plastic lid,PLASTIC,Primary,Consumer,N. Ireland,5297,0.021,H1
SSN-0032,Pizza Stacked tube 160g,Paper tube,Composite,Primary,Consumer,Northern Ireland,1482,0.041,H1
SSN-0028,Sour Cream Stacked tube 160g,Plastic lid,PLASTIC,Primary,Consumer,England,180355,0.721,2
SSN-0019,Truffle Sharing bag 150g,Shipping case,corrugated,Transit,Non-household,England,139757,4.891,Jul-Dec
SSN-0016,Sweet Chilli Sharing bag 150g,Pallet wrap,Plastic,Tertiary,Business,Scotland,4790,0.002,2
SSN-0039,Mixed Nuts Nuts tin 200g,Case,Cardboard,Shipment,Business,N. Ireland,2237,0.067,2
SSN-0006,Sea Salt Crisps 6x25g multipack,Shipping case,Cardboard,Shipment,Non-household,Wales,3637,0.145,H2
SSN-0028,Sour Cream Stacked tube 160g,Paper tube,Paper tube (composite),Primary ,Consumer,N. Ireland,5095,0.143,H1
SSN-0019,Truffle Sharing bag 150g,Bag film,PLASTIC,Primary,Consumer,Scotland,11876,0.077,H2
SSN-0025,Lime Sharing bag 150g,Shipping case,Card,Shipment,Business,Scotland,1204,0.042,Jul-Dec
SSN-0005,Smoky Bacon Crisps 6x25g multipack,Shipping case,Cardboard,Transit,NHH,Scotland,3951,0.158,H2
SSN-0009,Worcester Sauce Crisps 6x25g multipack,Multipack outer bag,plastic film,Secondary,Consumer,Wales,2174,0.020,H2
SSN-0031,Salt Vinegar Stacked tube 160g,Foil seal,Aluminium foil,Primary ,Household,England,355895,0.534,H1
SSN-0010,Roast Chicken Crisps 6x25g multipack,Pallet wrap,Plastics,Tertiary,Business,Scotland,12925,0.006,2
SSN-0014,Paprika Crisps 6x25g multipack,Pallet wrap,Plastik,Pallet,NHH,England,32176,0.016,H2
SSN-0052,Pretzels Foodservice box 1kg,Carton,Cardboard,Primary,B2B,Wales,4825,0.579,H1
SSN-0030,Cheese Stacked tube 160g,Foil seal,Alu,Primary,HH,England,78509,0.118,H2
SSN-0012,BBQ Crisps 6x25g multipack,Multipack outer bag,PLASTIC,Secondary,Consumer,N. Ireland,2997,0.027,H1
SSN-0024,Sour Cream Sharing bag 150g,Shipping case,Card,Shipment,Business,Northern Ireland,4685,0.164,H2
SSN-0049,Cheese Onion Foodservice box 1kg,Bag liner,Plastic,Primary,Business,Scotland,5442,0.065,Jan-Jun
SSN-0020,Balsamic Sharing bag 150g,Shipping case,Cardboard,Transit,Business,Scotland,3664,0.128,Jul-Dec
SSN-0009,Worcester Sauce Crisps 6x25g multipack,Shipping case,Paper,Shipment,Business,England,33398,1.336,Jul-Dec
SSN-0036,Chicken Stacked tube 160g,Plastic lid,plastic film,Primary,Consumer,Scotland,3268,0.013,H1
SSN-0036,Chicken Stacked tube 160g,Plastic lid,Plastic,Primary,Consumer,Scotland,3488,0.014,H2
SSN-0018,Black Pepper Sharing bag 150g,Bag film,Plastic,prim,Consumer,Scotland,2242,0.015,H1
SSN-0040,Chilli Almonds Nuts tin 200g,Steel tin,Steel,Primary,Consumer,N. Ireland,3508,0.158,H1
SSN-0027,Original Stacked tube 160g,Plastic lid,Plastic,Primary ,Consumer,Scotland,25812,0.103,1
SSN-0003,Cheese & Onion Crisps 6x25g multipack,Crisp bag film,Plastic,Primary,HH,England,76923,0.831,H1
SSN-0027,Original Stacked tube 160g,Foil seal,Aluminium foil,Primary ,Consumer,England,278940,0.418,H2
SSN-0008,Pickled Onion Crisps 6x25g multipack,Shipping case,corrugated,Transit,Non-household,England,77029,3.081,H1
SSN-0029,Paprika Stacked tube 160g,Tray,Paper/Card,Transit,Business,Northern Ireland,1033,0.026t,H1
SSN-0053,Popcorn Sweet Foodservice box 1kg,Bag liner,PLASTIC,Primary,Business,NI,9327,0.112,H1
SSN-0013,Lightly Salted Crisps 6x25g multipack,Multipack outer bag,Plastik,Secondary,HH,N. Ireland,2240,n/a,1
SSN-0021,Jalapeno Sharing bag 150g,Pallet wrap,Plastic,Tertiary,Business,England,50629,0.025,Jan-Jun
SSN-0044,Macadamia Nuts tin 200g,Steel tin,Steel,Primary,Consumer,Wales,2782,0.125,1
SSN-0034,Onion Stacked tube 160g,Paper tube,Fibre composite,Primary,Consumer,N. Ireland,1718,0.048,H1
SSN-0052,Pretzels Foodservice box 1kg,Bag liner,plastic film,Primary,B2B,England,76837,0.922,1
SSN-0048,Salt Vinegar Foodservice box 1kg,Bag liner,Plastics,Primary,Non-household,Scotland,12515,0.150,Jul-Dec
SSN-0032,Pizza Stacked tube 160g,Plastic lid,Plastic,Primary,Consumer,Wales,2373,0.009,H1
SSN-0050,Mixed Nuts Foodservice box 1kg,Bag liner,Plastic,Primary ,Business,Wales,4766,0.057,H1
SSN-0039,Mixed Nuts Nuts tin 200g,Steel tin,Steel,prim,Household,England,63266,2.847,Jan-Jun
SSN-0028,Sour Cream Stacked tube 160g,Plastic lid,Plastic,Primary,Consumer,Wales,8772,0.035,H1
SSN-0010,Roast Chicken Crisps 6x25g multipack,Pallet wrap,Plastic,Tertiary,Business,England,133577,0.067,1
SSN-0039,Mixed Nuts Nuts tin 200g,Paper label,Cardboard,Primary,Consumer,N. Ireland,1973,0.004,H1
SSN-0040,Chilli Almonds Nuts tin 200g,Case,Card,Shipment,Non-household,N. Ireland,3508,0.105,H1
SSN-0016,Sweet Chilli Sharing bag 150g,Bag film,Plastic,Primary,Consumer,England,49193,0.320,H2
SSN-0035,Ketchup Stacked tube 160g,Paper tube,Composite,Primary,Consumer,England,22390,0.627,H1
SSN-0036,Chicken Stacked tube 160g,Paper tube,Paper tube (composite),Primary,HH,N. Ireland,1348,0.038,H2
SSN-0006,Sea Salt Crisps 6x25g multipack,Shipping case,Cardboard,Shipment,Business,Wales,3576,0.143,H1
SSN-0002,Salt & Vinegar Crisps 6x25g multipack,Multipack outer bag,plastic film,Secondary,Consumer,N. Ireland,5786,0.052,H1
SSN-0053,Popcorn Sweet Foodservice box 1kg,Carton,Paper,Primary ,Business,Scotland,25722,3.087,H2
SSN-0007,Chilli Crisps 6x25g multipack,Multipack outer bag,Plastic,Secondary,Consumer,N. Ireland,1107,0.010,H2
SSN-0027,Original Stacked tube 160g,Paper tube,Composite,Primary ,HH,England,278940,7.810,H2
SSN-0005,Smoky Bacon Crisps 6x25g multipack,Multipack outer bag,Plastic,Secondary,Household,Wales,2434,0.022,H2
SSN-0005,Smoky Bacon Crisps 6x25g multipack,Multipack outer bag,Plastic,Secondary,Household,Scotland,4018,0.036,H1
SSN-0030,Cheese Stacked tube 160g,Tray,corrugated,Shipment,NHH,Wales,5122,0.128,Jan-Jun
SSN-0036,Chicken Stacked tube 160g,Plastic lid,Plastic,prim,Consumer,England,39056,0.156,H2
SSN-0030,Cheese Stacked tube 160g,Paper tube,Composite,Primary ,Household,Wales,5020,0.141,Jul-Dec
SSN-0054,Popcorn Salt Foodservice box 1kg,Bag liner,Plastic,Primary,Non-household,Wales,7493,0.090,H2
SSN-0048,Salt Vinegar Foodservice box 1kg,Carton,Paper/Card,Primary,Business,Wales,7857,0.943,H2
SSN-0034,Onion Stacked tube 160g,Foil seal,Aluminium foil,Primary,Consumer,Scotland,4152,0.006,H1
SSN-0052,Pretzels Foodservice box 1kg,Carton,Cardboard,Primary ,Business,Wales,4777,0.573,H2
SSN-0034,Onion Stacked tube 160g,Paper tube,Paper tube (composite),Primary,Consumer,Wales,2730,0.076,H1
SSN-0015,Sea Salt Sharing bag 150g,Shipping case,Cardboard,Shipment,Non-household,England,46264,1.619,Jan-Jun
SSN-0008,Pickled Onion Crisps 6x25g multipack,Crisp bag film,Plastik,Primary,Consumer,Scotland,8351,0.090,H2
SSN-0015,Sea Salt Sharing bag 150g,Shipping case,Cardboard,Transit,Business,England,56342,1.972,H2
SSN-0001,Ready Salted Crisps 6x25g multipack,Multipack outer bag,PLASTIC,Secondary,HH,N. Ireland,2675,0.024,H2
SSN-0039,Mixed Nuts Nuts tin 200g,Case,Cardboard,Shipment,Business,England,63266,1.898,H1
SSN-0015,Sea Salt Sharing bag 150g,Pallet wrap,Plastics,Tertiary,Business,Scotland,4456,0.002,H1
SSN-0040,Chilli Almonds Nuts tin 200g,Case,Card,Shipment,Non-household,Scotland,10072,0.302,H2
SSN-0054,Popcorn Salt Foodservice box 1kg,Carton,Cardboard,prim,Business,N. Ireland,4523,0.543,H2
SSN-0029,Paprika Stacked tube 160g,Foil seal,Aluminium foil,Primary,Consumer,Wales,1803,0.003,Jan-Jun
SSN-0037,Salted Peanuts Nuts tin 200g,Paper label,Paper,Primary,Household,Wales,3645,0.007,Jan-Jun
SSN-0003,Cheese & Onion Crisps 6x25g multipack,Pallet wrap,Plastics,Tertiary,Business,England,76923,0.038,H1
SSN-0009,Worcester Sauce Crisps 6x25g multipack,Pallet wrap,Plastik,Pallet,Business,Scotland,3090,0.002,H1
SSN-0046,Party Mix Nuts tin 200g,Case,Paper/Card,Outer,Business,Scotland,17377,0.521,H2
SSN-0018,Black Pepper Sharing bag 150g,Bag film,Plastic,Primary,Consumer,ENGLAND,24195,0.157,1
SSN-0014,Paprika Crisps 6x25g multipack,Shipping case,Cardboard,Outer,Business,Scotland,2877,0.115,H1
SSN-0011,Sour Cream Crisps 6x25g multipack,Multipack outer bag,Plastic,Secondary,Consumer,Wales,2474,0.022,H2
SSN-0029,Paprika Stacked tube 160g,Paper tube,Composite,Primary,HH,N. Ireland,1101,0.031,H2
SSN-0019,Truffle Sharing bag 150g,Pallet wrap,Plastic,Pallet,NHH,Northern Ireland,4290,0.002,H1
SSN-0017,Cheddar Sharing bag 150g,Bag film,Plastic,Primary,Household,NI,3569,0.023,H1
SSN-0022,Rosemary Sharing bag 150g,Shipping case,Cardboard,Shipment,Business,Scotland,9537,0.334,H1
SSN-0017,Cheddar Sharing bag 150g,Pallet wrap,plastic film,Tertiary,Business,Northern Ireland,3518,0.002,Jul-Dec
SSN-0015,Sea Salt Sharing bag 150g,Bag film,Plastik,Primary,Consumer,Wales,2501,0.016,H1
SSN-0012,BBQ Crisps 6x25g multipack,Crisp bag film,Plastic,Primary,Consumer,Wales,5727,0.062,H2
SSN-0020,Balsamic Sharing bag 150g,Bag film,Plastic,prim,Consumer,N. Ireland,1293,0.008,2
SSN-0053,Popcorn Sweet Foodservice box 1kg,Carton,Cardboard,prim,Business,England,279394,33.527,H2
SSN-0039,Mixed Nuts Nuts tin 200g,Paper label,Cardboard,Primary,Consumer,England,61012,0.122,2
SSN-0040,Chilli Almonds Nuts tin 200g,Paper label,Cardboard,Primary ,Household,NI,3508,0.007,H1
SSN-0049,Cheese Onion Foodservice box 1kg,Bag liner,Plastic,Primary,NHH,Wales,3389,0.041,H2
SSN-0035,Ketchup Stacked tube 160g,Plastic lid,Plastic,prim,HH,Wales,1367,0.005,H2
SSN-0008,Pickled Onion Crisps 6x25g multipack,Pallet wrap,Plastic,Pallet,Business,England,77029,0.039,H1
SSN-0017,Cheddar Sharing bag 150g,Bag film,Plastic,Primary ,Consumer,Wales,5826,0.038,H2
SSN-0002,Salt & Vinegar Crisps 6x25g multipack,Multipack outer bag,Plastic,2nd,Consumer,Wales,10485,0.094,H1
SSN-0021,Jalapeno Sharing bag 150g,Shipping case,corrugated,Outer,B2B,Wales,3121,0.109,H1
SSN-0028,Sour Cream Stacked tube 160g,Tray,corrugated,Transit,Business,Wales,8772,0.219,H1
SSN-0048,Salt Vinegar Foodservice box 1kg,Bag liner,Plastik,prim,Business,N. Ireland,4758,0.057,H2
SSN-0012,BBQ Crisps 6x25g multipack,Crisp bag film,Plastic,Primary ,Consumer,NI,2997,0.032,H1
SSN-0048,Salt Vinegar Foodservice box 1kg,Bag liner,Plastik,Primary,Business,ENGLAND,125235,1.503,2
SSN-0032,Pizza Stacked tube 160g,Foil seal,Aluminium foil,Primary,HH,England,37965,0.057,H1
SSN-0006,Sea Salt Crisps 6x25g multipack,Crisp bag film,plastic film,Primary,HH,Scotland,5394,0.058t,H1
SSN-0003,Cheese & Onion Crisps 6x25g multipack,Pallet wrap,Plastics,Tertiary,Business,Wales,5387,0.003,H2
SSN-0038,Honey Cashews Nuts tin 200g,Steel tin,Steel,Primary,Consumer,N. Ireland,5526,0.249,2
SSN-0014,Paprika Crisps 6x25g multipack,Shipping case,Cardboard,Shipment,Non-household,Wales,1980,0.079,H2
SSN-0038,Honey Cashews Nuts tin 200g,Case,Paper,Shipment,Business,N. Ireland,5526,0.166,H2
SSN-0005,Smoky Bacon Crisps 6x25g multipack,Multipack outer bag,Plastic,Secondary,Consumer,N. Ireland,1417,0.013,H2
SSN-0019,Truffle Sharing bag 150g,Shipping case,Paper,Shipment,NHH,England,122947,4.303,H1
SSN-0003,Cheese & Onion Crisps 6x25g multipack,Pallet wrap,PLASTIC,Tertiary,Business,N. Ireland,2749,0.001,H1
SSN-0042,Brazil Nuts Nuts tin 200g,Steel tin,Tinplate,Primary,Consumer,NI,440,0.020,2
SSN-0029,Paprika Stacked tube 160g,Paper tube,Composite,prim,Consumer,Scotland,2920,0.082,H1
SSN-0034,Onion Stacked tube 160g,Plastic lid,Plastic,Primary,HH,Scotland,4578,0.018,H2
SSN-0046,Party Mix Nuts tin 200g,Steel tin,Steel,Primary,Consumer,Wales,11229,0.505,H2
SSN-0003,Cheese & Onion Crisps 6x25g multipack,Crisp bag film,Plastik,Primary,HH,England,81582,0.881,H2
SSN-0024,Sour Cream Sharing bag 150g,Pallet wrap,Plastic,Pallet,Business,Wales,7991,0.004,H1
SSN-0001,Ready Salted Crisps 6x25g multipack,Multipack outer bag,Plastic,Secondary,Household,Wales,4634,0.042,Jan-Jun
SSN-0038,Honey Cashews Nuts tin 200g,Case,Cardboard,Shipment,Non-household,Wales,8735,0.262t,H2
SSN-0011,Sour Cream Crisps 6x25g multipack,Pallet wrap,PLASTIC,Tertiary,Non-household,N. Ireland,1166,0.001,H1
SSN-0017,Cheddar Sharing bag 150g,Shipping case,Cardboard,Outer,NHH,N. Ireland,3518,0.123,H2
SSN-0011,Sour Cream Crisps 6x25g multipack,Crisp bag film,Plastic,Primary,Consumer,Scotland,3850,0.042,Jan-Jun
SSN-0029,Paprika Stacked tube 160g,Plastic lid,Plastic,Primary,Consumer,Wales,1765,0.007,H2
SSN-0020,Balsamic Sharing bag 150g,Bag film,Plastics,prim,Consumer,N. Ireland,1573,0.010,Jan-Jun
SSN-0007,Chilli Crisps 6x25g multipack,Pallet wrap,Plastic,Tertiary,B2B,Scotland,3586,0.002,H2
SSN-0008,Pickled Onion Crisps 6x25g multipack,Pallet wrap,plastic film,Tertiary,Business,ENGLAND,83843,0.042,Jul-Dec
SSN-0021,Jalapeno Sharing bag 150g,Pallet wrap,plastic film,Tertiary,Business,Wales,3284,0.002,H2
SSN-0044,Macadamia Nuts tin 200g,Case,Paper,Outer,Business,N. Ireland,1766,0.053,H2
SSN-0008,Pickled Onion Crisps 6x25g multipack,Crisp bag film,PLASTIC,Primary,Consumer,Scotland,7927,0.086t,H1
SSN-0004,Prawn Cocktail Crisps 6x25g multipack,Multipack outer bag,Plastics,Secondary,Consumer,Scotland,5620,0.051,H1
SSN-0044,Macadamia Nuts tin 200g,Paper label,Paper/Card,Primary,Consumer,Scotland,4049,0.008,H1
SSN-0024,Sour Cream Sharing bag 150g,Bag film,Plastic,Primary ,Consumer,Wales,7991,0.052,1
SSN-0014,Paprika Crisps 6x25g multipack,Crisp bag film,Plastic,Primary,Consumer,England,27962,0.302,H1
SSN-0016,Sweet Chilli Sharing bag 150g,Pallet wrap,Plastic,Pallet,Non-household,N. Ireland,1687,0.001,Jan-Jun
SSN-0043,Salted Cashews Nuts tin 200g,Case,Card,Transit,B2B,England,71501,2.145,Jan-Jun
SSN-0047,Ready Salted Foodservice box 1kg,Bag liner,PLASTIC,prim,Non-household,N. Ireland,762,0.009,H2
SSN-0013,Lightly Salted Crisps 6x25g multipack,Shipping case,Cardboard,Shipment,Business,Scotland,5336,0.213,H2
SSN-0006,Sea Salt Crisps 6x25g multipack,Multipack outer bag,Plastic,Secondary,Consumer,N. Ireland,2134,0.019,H2
SSN-0043,Salted Cashews Nuts tin 200g,Steel tin,Steel,Primary,Consumer,England,77666,3.495,H2
SSN-0056,Cashews Foodservice box 1kg,Carton,Paper,Primary,Business,N. Ireland,-89,-0.011,H2
SSN-0008,Pickled Onion Crisps 6x25g multipack,Crisp bag film,Plastic,Primary,Consumer,Wales,5265,0.057,H2
SSN-0035,Ketchup Stacked tube 160g,Foil seal,Alu,Primary ,Consumer,Scotland,2189,0.003,H1
SSN-0038,Honey Cashews Nuts tin 200g,Case,Cardboard,Outer,Business,England,161920,4.858,H1
SSN-0039,Mixed Nuts Nuts tin 200g,Case,Paper/Card,Shipment,NHH,Scotland,5407,0.162t,H1
SSN-0010,Roast Chicken Crisps 6x25g multipack,Pallet wrap,Plastic,Pallet,Business,England,138350,0.069,2
SSN-0045,Pecans Nuts tin 200g,Paper label,Cardboard,Primary,Consumer,Scotland,12294,0.025,H2
SSN-0018,Black Pepper Sharing bag 150g,Shipping case,Paper/Card,Shipment,B2B,England,26210,0.917,H2
SSN-0004,Prawn Cocktail Crisps 6x25g multipack,Shipping case,Cardboard,Shipment,Business,Wales,3752,0.150,H2
SSN-0029,Paprika Stacked tube 160g,Tray,corrugated,Shipment,Business,England,28887,0.722,H1
SSN-0025,Lime Sharing bag 150g,Bag film,Plastic,Primary,Consumer,Scotland,1078,0.007,H1
SSN-0039,Mixed Nuts Nuts tin 200g,Paper label,corrugated,Primary,HH,England,63266,0.127,Jan-Jun
SSN-0002,Salt & Vinegar Crisps 6x25g multipack,Shipping case,Paper/Card,Shipment,Business,Wales,11509,0.460,2
SSN-0020,Balsamic Sharing bag 150g,Shipping case,Cardboard,Shipment,Business,Wales,2643,0.093,H1
SSN-0002,Salt & Vinegar Crisps 6x25g multipack,Pallet wrap,PLASTIC,Tertiary,B2B,Wales,11509,0.006,2
SSN-0037,Salted Peanuts Nuts tin 200g,Steel tin,Steel,Primary ,HH,England,71383,3.212,H2
SSN-0001,Ready Salted Crisps 6x25g multipack,Multipack outer bag,Plastic,Secondary,Consumer,Scotland,6838,0.062,1
SSN-0040,Chilli Almonds Nuts tin 200g,Steel tin,Steel,Primary,Consumer,Scotland,9495,0.427,H1
SSN-0042,Brazil Nuts Nuts tin 200g,Case,Cardboard,Shipment,Business,Wales,795,0.024,H2
SSN-0030,Cheese Stacked tube 160g,Paper tube,Composite,Primary,Household,Wales,5122,0.143,H1
SSN-0001,Ready Salted Crisps 6x25g multipack,Shipping case,corrugated,Outer,Business,England,80472,3.219,H1
SSN-0033,Hot Stacked tube 160g,Paper tube,Composite,Primary,HH,Wales,9569,0.268,H2
SSN-0004,Prawn Cocktail Crisps 6x25g multipack,Pallet wrap,plastic film,Tertiary,Business,N. Ireland,2090,0.001,Jan-Jun
SSN-0043,Salted Cashews Nuts tin 200g,Steel tin,Steel,Primary,HH,England,71501,3.218,H1
SSN-0012,BBQ Crisps 6x25g multipack,Pallet wrap,plastic film,Tertiary,Business,N. Ireland,2922,0.001,H2
SSN-0043,Salted Cashews Nuts tin 200g,Case,Cardboard,Shipment,Business,ENGLAND,77666,2.330,H2
SSN-0024,Sour Cream Sharing bag 150g,Pallet wrap,Plastic,Pallet,Business,England,142844,0.071,1
SSN-0038,Honey Cashews Nuts tin 200g,Case,Cardboard,Shipment,NHH,Scotland,14963,0.449,H1
SSN-0041,Pistachios Nuts tin 200g,Case,Cardboard,Outer,Business,Scotland,20428,0.613,H2
SSN-0012,BBQ Crisps 6x25g multipack,Pallet wrap,Plastic,Tertiary,Business,ENGLAND,98095,0.049,H1
SSN-0035,Ketchup Stacked tube 160g,Foil seal,Alu,Primary,Household,Wales,1367,0.002,2
SSN-0016,Sweet Chilli Sharing bag 150g,Shipping case,Cardboard,Shipment,Business,England,42365,1.483,1
SSN-0029,Paprika Stacked tube 160g,Plastic lid,plastic film,Primary,Consumer,Scotland,2992,0.012,Jul-Dec
SSN-0050,Mixed Nuts Foodservice box 1kg,Bag liner,Plastic,prim,Business,England,84388,1.013,H2
SSN-0011,Sour Cream Crisps 6x25g multipack,Pallet wrap,Plastic,Tertiary,Non-household,England,36162,0.018,H1
SSN-0049,Cheese Onion Foodservice box 1kg,Bag liner,Plastic,Primary ,Business,Wales,3278,0.039,H1
SSN-0031,Salt Vinegar Stacked tube 160g,Tray,Cardboard,Shipment,Business,N. Ireland,12220,0.306,H1
SSN-0037,Salted Peanuts Nuts tin 200g,Steel tin,Steel,Primary,HH,England,56339,2.535,H1
SSN-0003,Cheese & Onion Crisps 6x25g multipack,Multipack outer bag,Plastic,Secondary,Household,Scotland,8292,0.075,H2
SSN-0001,Ready Salted Crisps 6x25g multipack,Shipping case,Cardboard,Transit,Business,England,73950,2.958t,H2
SSN-0034,Onion Stacked tube 160g,Foil seal,Aluminium foil,Primary,Household,Wales,2843,0.004,Jul-Dec
SSN-0045,Pecans Nuts tin 200g,Steel tin,Steel,prim,Consumer,N. Ireland,4016,0.181,Jul-Dec
SSN-0040,Chilli Almonds Nuts tin 200g,Paper label,Card,Primary,Household,Northern Ireland,4129,0.008t,H2
SSN-0047,Ready Salted Foodservice box 1kg,Bag liner,Plastic,Primary,Business,Wales,1262,0.015,H2
SSN-0035,Ketchup Stacked tube 160g,Tray,Card,Shipment,Business,Scotland,2210,0.055,H2
SSN-0001,Ready Salted Crisps 6x25g multipack,Pallet wrap,PLASTIC,Pallet,Non-household,England,80472,0.040,H1
SSN-0050,Mixed Nuts Foodservice box 1kg,Carton,Cardboard,Primary,Business,ENGLAND,84388,10.127,H2
SSN-0012,BBQ Crisps 6x25g multipack,Pallet wrap,Plastic,Tertiary,Business,Wales,5004,0.003,H1
SSN-0030,Cheese Stacked tube 160g,Plastic lid,Plastic,prim,Consumer,Wales,5122,0.020,H1
SSN-0032,Pizza Stacked tube 160g,Tray,Cardboard,Shipment,Business,N. Ireland,1558,0.039,Jul-Dec
SSN-0016,Sweet Chilli Sharing bag 150g,Pallet wrap,Plastik,Pallet,Business,Wales,2980,0.001,H2
SSN-0050,Mixed Nuts Foodservice box 1kg,Carton,Card,Primary,Business,Scotland,7749,0.930,H2
SSN-0046,Party Mix Nuts tin 200g,Paper label,Cardboard,Primary,Consumer,ENGLAND,218975,0.438,H1
SSN-0017,Cheddar Sharing bag 150g,Shipping case,Paper/Card,Outer,Business,Scotland,8485,0.297,H1
SSN-0022,Rosemary Sharing bag 150g,Bag film,Plastik,Primary,Household,Scotland,10432,0.068,H2
SSN-0009,Worcester Sauce Crisps 6x25g multipack,Pallet wrap,Plastic,Tertiary,Non-household,England,33398,0.017,H2
SSN-0034,Onion Stacked tube 160g,Paper tube,Composite,Primary,Consumer,England,44420,1.244,H1
SSN-0039,Mixed Nuts Nuts tin 200g,Paper label,Cardboard,prim,HH,Scotland,5407,0.011,H1
SSN-0012,BBQ Crisps 6x25g multipack,Shipping case,Cardboard,Transit,NHH,N. Ireland,2997,0.120,H1
SSN-0012,BBQ Crisps 6x25g multipack,Shipping case,Cardboard,Shipment,B2B,N. Ireland,2922,0.117t,H2
SSN-0030,Cheese Stacked tube 160g,Foil seal,Aluminium foil,Primary,Consumer,Scotland,7747,0.012,Jul-Dec
SSN-0028,Sour Cream Stacked tube 160g,Paper tube,Composite,Primary,HH,Scotland,14539,0.407,H1
SSN-0034,Onion Stacked tube 160g,Tray,Cardboard,Shipment,NHH,Scotland,4152,0.104,1
SSN-0046,Party Mix Nuts tin 200g,Paper label,Paper,Primary ,Consumer,Scotland,17377,0.035,H2
SSN-0033,Hot Stacked tube 160g,Plastic lid,Plastic,prim,Consumer,Scotland,15543,0.062,H2
SSN-0033,Hot Stacked tube 160g,Tray,Cardboard,Transit,Business,Wales,10205,0.255,H1
SSN-0043,Salted Cashews Nuts tin 200g,Case,Paper/Card,Outer,Business,Scotland,6870,0.206,H1
SSN-0042,Brazil Nuts Nuts tin 200g,Case,Cardboard,Shipment,Business,N. Ireland,356,0.011,H1
SSN-0012,BBQ Crisps 6x25g multipack,Pallet wrap,Plastik,Tertiary,Business,N. Ireland,2997,0.001,1
SSN-0035,Ketchup Stacked tube 160g,Paper tube,Composite,Primary,Consumer,Wales,1367,0.038,H2
SSN-0022,Rosemary Sharing bag 150g,Shipping case,Card,Outer,Business,Wales,5879,0.206,H1
SSN-0001,Ready Salted Crisps 6x25g multipack,Pallet wrap,Plastics,Pallet,B2B,Wales,4634,0.002,H1
SSN-0007,Chilli Crisps 6x25g multipack,Pallet wrap,Plastic,Tertiary,B2B,ENGLAND,34758,0.017,H2
SSN-0031,Salt Vinegar Stacked tube 160g,Plastic lid,plastic film,Primary,Consumer,N. Ireland,12220,0.049,H1
SSN-0002,Salt & Vinegar Crisps 6x25g multipack,Shipping case,Cardboard,Shipment,Business,Scotland,17345,0.694,H2
SSN-0024,Sour Cream Sharing bag 150g,Pallet wrap,Plastik,Tertiary,Business,Scotland,13663,0.007,1
SSN-0028,Sour Cream Stacked tube 160g,Tray,Cardboard,Shipment,Non-household,England,180355,4.509,Jul-Dec
SSN-0039,Mixed Nuts Nuts tin 200g,Steel tin,Steel,Primary,HH,Scotland,5407,0.243,Jan-Jun
SSN-0002,Salt & Vinegar Crisps 6x25g multipack,Multipack outer bag,Plastic,Secondary,Consumer,NI,6471,0.058,H2
SSN-0052,Pretzels Foodservice box 1kg,Carton,Cardboard,Primary,NHH,Scotland,6717,0.806,1
SSN-0018,Black Pepper Sharing bag 150g,Shipping case,Cardboard,Shipment,Business,N. Ireland,913,0.032,2
SSN-0047,Ready Salted Foodservice box 1kg,Carton,Card,Primary ,Non-household,NI,707,0.085,Jan-Jun
SSN-0027,Original Stacked tube 160g,Paper tube,Paper tube (composite),Primary,Consumer,N. Ireland,10390,0.291,H2
SSN-0015,Sea Salt Sharing bag 150g,Pallet wrap,Plastic,Tertiary,Non-household,Wales,3286,0.002,2
SSN-0044,Macadamia Nuts tin 200g,Steel tin,Tinplate,prim,Consumer,Wales,2570,0.116,H2
SSN-0008,Pickled Onion Crisps 6x25g multipack,Pallet wrap,Plastic,Tertiary,Business,N. Ireland,2975,0.001,Jan-Jun
SSN-0033,Hot Stacked tube 160g,Foil seal,Aluminium foil,Primary,Consumer,N. Ireland,5297,0.008,H1
SSN-0007,Chilli Crisps 6x25g multipack,Pallet wrap,Plastic,Tertiary,Business,NI,1107,0.001,H2
SSN-0033,Hot Stacked tube 160g,Foil seal,Aluminium foil,Primary,Consumer,England,161509,0.242,H1
SSN-0018,Black Pepper Sharing bag 150g,Bag film,Plastics,Primary ,Consumer,Scotland,2344,0.015,H2
SSN-0031,Salt Vinegar Stacked tube 160g,Foil seal,Aluminium foil,Primary,Consumer,Scotland,35166,0.053,H2
SSN-0050,Mixed Nuts Foodservice box 1kg,Bag liner,PLASTIC,Primary,B2B,N. Ireland,3061,0.037,H1
SSN-0016,Sweet Chilli Sharing bag 150g,Shipping case,Cardboard,Shipment,Non-household,Wales,2980,0.104,H2
SSN-0007,Chilli Crisps 6x25g multipack,Multipack outer bag,Plastic,Secondary,Consumer,Scotland,3586,0.032t,H2
SSN-0025,Lime Sharing bag 150g,Bag film,Plastic,Primary,Consumer,N. Ireland,439,0.003,H2
SSN-0028,Sour Cream Stacked tube 160g,Plastic lid,Plastic,prim,Consumer,N. Ireland,5095,0.020,Jan-Jun
SSN-0039,Mixed Nuts Nuts tin 200g,Steel tin,Steel,Primary ,Consumer,England,61012,2.746,Jul-Dec
SSN-0012,BBQ Crisps 6x25g multipack,Crisp bag film,Plastic,Primary,Household,Scotland,8770,n/a,H1
SSN-0037,Salted Peanuts Nuts tin 200g,Case,Cardboard,Shipment,Business,ENGLAND,71383,2.141,H2
SSN-0027,Original Stacked tube 160g,Tray,corrugated,Shipment,Business,Scotland,27739,0.693,H2
SSN-0045,Pecans Nuts tin 200g,Paper label,Card,Primary,Consumer,England,112724,0.225,H1
SSN-0050,Mixed Nuts Foodservice box 1kg,Carton,corrugated,Primary ,Non-household,N. Ireland,2922,n/a,H2
SSN-0056,Cashews Foodservice box 1kg,Bag liner,Plastic,Primary,Business,Wales,2580,0.031,1
SSN-0033,Hot Stacked tube 160g,Foil seal,Aluminium foil,Primary,Consumer,Wales,10205,0.015,H1
SSN-0037,Salted Peanuts Nuts tin 200g,Case,Cardboard,Shipment,Non-household,Scotland,5864,0.176,1
SSN-0012,BBQ Crisps 6x25g multipack,Multipack outer bag,PLASTIC,Secondary,Consumer,Scotland,8829,0.079,H2
SSN-0056,Cashews Foodservice box 1kg,Bag liner,Plastic,Primary ,Business,Scotland,4853,0.058,H2
SSN-0003,Cheese & Onion Crisps 6x25g multipack,Multipack outer bag,Plastic,Secondary,Consumer,England,81582,0.734,H2
SSN-0043,Salted Cashews Nuts tin 200g,Case,Cardboard,Shipment,B2B,Northern Ireland,2830,0.085,H2
SSN-0028,Sour Cream Stacked tube 160g,Tray,corrugated,Shipment,Business,Wales,10228,0.256,H2
SSN-0012,BBQ Crisps 6x25g multipack,Pallet wrap,PLASTIC,Tertiary,Business,Scotland,8770,0.004,H1
SSN-0033,Hot Stacked tube 160g,Paper tube,Paper tube (composite),Primary,Consumer,England,161509,4.522,H1
SSN-0048,Salt Vinegar Foodservice box 1kg,Bag liner,Plastic,Primary ,Business,ENGLAND,106987,1.284,H1
SSN-0009,Worcester Sauce Crisps 6x25g multipack,Pallet wrap,Plastic,Tertiary,Business,N. Ireland,1339,0.001,H2
SSN-0031,Salt Vinegar Stacked tube 160g,Tray,Cardboard,Shipment,Business,Scotland,35166,0.879,Jul-Dec
SSN-0036,Chicken Stacked tube 160g,Tray,Cardboard,Shipment,Business,England,36050,0.901,H1
SSN-0024,Sour Cream Sharing bag 150g,Shipping case,Cardboard,Outer,Business,England,142844,5.000,1
SSN-0027,Original Stacked tube 160g,Paper tube,Paper tube (composite),Primary ,Consumer,Wales,17858,0.500,H2
SSN-0035,Ketchup Stacked tube 160g,Plastic lid,Plastik,Primary,Consumer,England,22390,0.090,H1
SSN-0039,Mixed Nuts Nuts tin 200g,Case,Cardboard,Shipment,Business,Scotland,6452,0.194,H2
SSN-0026,Hot Sauce Sharing bag 150g,Pallet wrap,Plastic,Tertiary,Business,Scotland,3318,0.002t,H2
SSN-0032,Pizza Stacked tube 160g,Paper tube,Composite,Primary,Household,Scotland,3940,0.110,H2
SSN-0035,Ketchup Stacked tube 160g,Tray,Cardboard,Transit,Non-household,Wales,1418,0.035,H1
SSN-0040,Chilli Almonds Nuts tin 200g,Paper label,Paper,Primary ,Consumer,ENGLAND,109174,0.218,H1
SSN-0045,Pecans Nuts tin 200g,Paper label,Cardboard,prim,HH,N. Ireland,4016,0.008,H2
SSN-0042,Brazil Nuts Nuts tin 200g,Case,Cardboard,Shipment,B2B,N. Ireland,440,0.013,H2
SSN-0024,Sour Cream Sharing bag 150g,Shipping case,Cardboard,Shipment,NHH,England,149569,5.235,Jul-Dec
SSN-0025,Lime Sharing bag 150g,Pallet wrap,PLASTIC,Tertiary,Business,England,12609,0.006,H2
SSN-0037,Salted Peanuts Nuts tin 200g,Paper label,Paper,Primary,Consumer,N. Ireland,2721,0.005,H2
SSN-0015,Sea Salt Sharing bag 150g,Bag film,Plastic,Primary,Consumer,NI,1924,0.013,H2
SSN-0003,Cheese & Onion Crisps 6x25g multipack,Multipack outer bag,Plastic,Secondary,HH,Wales,4745,0.043,H1
SSN-0021,Jalapeno Sharing bag 150g,Bag film,Plastic,Primary,Household,Scotland,5216,0.034,H2
SSN-0031,Salt Vinegar Stacked tube 160g,Tray,Cardboard,Shipment,Non-household,Scotland,34034,0.851,H1
SSN-0013,Lightly Salted Crisps 6x25g multipack,Multipack outer bag,Plastic,Secondary,Consumer,Scotland,5336,0.048,H2
SSN-0010,Roast Chicken Crisps 6x25g multipack,Pallet wrap,PLASTIC,Tertiary,B2B,Wales,8383,0.004t,H1
SSN-0056,Cashews Foodservice box 1kg,Carton,Cardboard,prim,Business,Wales,2580,0.310,1
SSN-0028,Sour Cream Stacked tube 160g,Foil seal,Aluminium foil,Primary,Household,N. Ireland,5800,0.009,H2
